{"type":"FeatureCollection","source":"OpenStreetMap API 0.6","features":[{"type":"Feature","properties":{"osmId":"relation/3407442","name":"Арысь городская администрация"},"geometry":{"type":"MultiLineString","coordinates":[[[69.1401583,42.2198777],[69.1440869,42.2235887],[69.166801,42.2326865],[69.1854823,42.2489809],[69.1743538,42.25364],[69.1319008,42.269401],[69.1110616,42.2791096],[69.0768216,42.2653838],[69.0611899,42.2767403],[69.0561092,42.2807906],[69.0391238,42.2734485],[69.0379773,42.2723658],[69.0371421,42.2691943],[69.0272432,42.2602233],[69.0248434,42.2490065],[69.0199483,42.2450621],[69.0058734,42.238098],[69.0035175,42.2335031],[69.000205,42.230221],[69.0012354,42.2266106],[69.0021922,42.2249695],[69.0019713,42.2231096],[69.0027732,42.220385],[69.0001294,42.2231816],[68.9955532,42.2237863],[68.9936582,42.2181575],[68.9833044,42.2181565],[68.9778406,42.2160177],[68.9764023,42.2166809],[68.9832781,42.2313182],[68.9543865,42.2656789],[68.9264094,42.2624269],[68.9096021,42.2602398],[68.9052191,42.2668921],[68.9041202,42.2719994],[68.9095354,42.296588],[68.9097172,42.3086254],[68.9070236,42.313645],[68.907503,42.3260519],[68.9031143,42.332473],[68.8970337,42.3382279],[68.89255,42.3408823],[68.8724263,42.3488373],[68.8490864,42.367271],[68.8557763,42.3715964],[68.828528,42.3936393],[68.8290232,42.3947477],[68.8154525,42.4073983],[68.8222211,42.4100332],[68.8474179,42.4163069],[68.8513827,42.415028],[68.8565548,42.4113091],[68.878886,42.4067563],[68.8992137,42.4068497],[68.9014578,42.3736204],[68.9026556,42.3718491],[68.9090293,42.372002],[68.9090242,42.3755467],[68.9079342,42.3845883],[68.9273403,42.384126],[68.9319231,42.3833903],[68.9382336,42.4168358],[68.9367585,42.4201387],[68.9344666,42.4197682],[68.9328411,42.4215863],[68.9330106,42.4217493],[68.9328995,42.4223648],[68.9319824,42.4231341],[68.9312876,42.4239854],[68.930704,42.4243444],[68.9286891,42.4246009],[68.9273413,42.4246522],[68.926452,42.4251958],[68.9259656,42.4259138],[68.9258406,42.4268164],[68.9252987,42.4271343],[68.9244788,42.4280677],[68.9243955,42.4287036],[68.9248401,42.429278],[68.9258267,42.4292164],[68.9265076,42.4283959],[68.9267299,42.427042],[68.9266604,42.426683],[68.9270773,42.4259753],[68.9278693,42.4256676],[68.9288281,42.4258727],[68.9300092,42.4268677],[68.9306762,42.4277087],[68.9308568,42.4285497],[68.9317878,42.429278],[68.9324548,42.4293703],[68.9338721,42.4283138],[68.9344835,42.4281497],[68.9353451,42.4283446],[68.936012,42.4280574],[68.936818,42.4266318],[68.9366234,42.4259548],[68.9356786,42.4252471],[68.9356508,42.424488],[68.9360815,42.4239649],[68.9364011,42.4229802],[68.9374572,42.4227443],[68.9388745,42.423052],[68.9396526,42.4239034],[68.9397082,42.4248983],[68.9390968,42.425883],[68.9391524,42.4271651],[68.9401129,42.4279715],[68.9436736,42.4293978],[68.9453454,42.4303273],[68.9458014,42.4312087],[68.945758,42.4317856],[68.9452586,42.4321061],[68.9440862,42.4326029],[68.9434131,42.433372],[68.9433045,42.4344777],[68.9441513,42.4360481],[68.9456711,42.4367051],[68.9470789,42.4368467],[68.9475652,42.4367441],[68.9482114,42.435968],[68.9492466,42.4358007],[68.9504477,42.4359199],[68.9510339,42.4365929],[68.9510339,42.4376825],[68.9512076,42.4382113],[68.9508602,42.4390605],[68.9496878,42.4396694],[68.9479291,42.4403263],[68.9466916,42.4405025],[68.9462139,42.4412877],[68.9440862,42.4428899],[68.9442164,42.443723],[68.9457362,42.4449247],[68.9459968,42.4460141],[68.9469521,42.4466069],[68.9483416,42.4467191],[68.9491442,42.4461819],[68.9473309,42.4450333],[68.946538,42.4440812],[68.9469168,42.4431016],[68.9482781,42.4422345],[68.9502438,42.4416755],[68.9511516,42.4407521],[68.9517941,42.4407523],[68.9520583,42.4412563],[68.9519062,42.442404],[68.9528507,42.4429083],[68.9527362,42.4444758],[68.9509594,42.4449789],[68.9505808,42.4457066],[68.9505779,42.4473118],[68.9511424,42.4477124],[68.9519458,42.4477925],[68.9527608,42.4484715],[68.9529979,42.4496496],[68.9523972,42.4504778],[68.9514645,42.4512593],[68.9499944,42.4513759],[68.9487455,42.4507927],[68.9469592,42.451096],[68.9462636,42.4516908],[68.9459633,42.452484],[68.9450464,42.4537553],[68.9431978,42.4548634],[68.9432769,42.4554465],[68.9447984,42.4562192],[68.9457272,42.4556215],[68.9465966,42.4544697],[68.9474068,42.4544697],[68.9479403,42.4550383],[68.9486714,42.4561901],[68.9512007,42.4573272],[68.9515564,42.458406],[68.9516552,42.4594848],[68.9515564,42.4600387],[68.9507898,42.4606017],[68.9502127,42.4613508],[68.9500243,42.462536],[68.9502298,42.463628],[68.9429764,42.4628987],[68.9437736,42.4707201],[68.938556,42.4743971],[68.9308006,42.4808501],[68.9123822,42.5161767],[68.9059376,42.5150845],[68.9045054,42.515529],[68.9031486,42.5165846],[68.8967414,42.5200293],[68.8965152,42.5209738],[68.897872,42.522196],[68.8987766,42.5241404],[68.8995304,42.5260848],[68.900058,42.5308064],[68.9008872,42.5318618],[68.9049577,42.5345836],[68.9094804,42.5360277],[68.9104603,42.5371386],[68.9106111,42.5381939],[68.9149831,42.5440255],[68.9306619,42.5699555],[68.9393305,42.5775603],[68.9404612,42.5782819],[68.9443809,42.579059],[68.9453609,42.5795585],[68.9456624,42.5816121],[68.9472453,42.5864962],[68.9523841,42.5927409],[68.9578845,42.5997593],[68.9593513,42.5998133],[68.9661719,42.6019187],[68.9729924,42.6119587],[68.9737991,42.6132541],[68.9822331,42.6191369],[68.9829665,42.6201083],[68.9847266,42.6238859],[68.9896403,42.6245874],[68.9911071,42.6251271],[68.9919138,42.6282029],[68.9929406,42.6295519],[68.9973409,42.6326275],[68.9999811,42.6369438],[69.0088552,42.640127],[69.0117887,42.6456836],[69.0180225,42.6480031],[69.0187559,42.6494057],[69.0211028,42.6533433],[69.0244764,42.6560941],[69.0275992,42.6540934],[69.126521,42.6800704],[69.1248157,42.6916784],[69.1223683,42.7131588],[69.1204381,42.7192142],[69.1284734,42.7287951],[69.1512219,42.7380882],[69.1609914,42.7424037],[69.1531976,42.7464319],[69.1480409,42.7432233],[69.1400698,42.7413393],[69.1387194,42.7440647],[69.1363714,42.7433334],[69.1374895,42.7403477],[69.1301454,42.7366576],[69.1174896,42.7231266],[69.0988041,42.709893],[69.0953403,42.7066819],[69.0925069,42.7084698],[69.0900044,42.7052781],[69.092407,42.7024736],[69.0739893,42.6997274],[69.0705373,42.6961763],[69.0321776,42.7077733],[69.0348318,42.7128012],[69.028709,42.7121142],[69.021167,42.707805],[69.008836,42.7033428],[69.0072726,42.7053899],[68.9970077,42.7059232],[68.9889574,42.7029699],[68.955263,42.6952084],[68.9393306,42.7073438],[68.915888,42.7049835],[68.8139253,42.73388],[68.8018088,42.7199854],[68.7920973,42.7109609],[68.7845531,42.7018826],[68.8089299,42.6920963],[68.8558289,42.6601903],[68.8557436,42.6273523],[68.8195717,42.5773776],[68.8173521,42.572753],[68.7634562,42.5319849],[68.7603762,42.5293955],[68.7601055,42.5296141],[68.7599795,42.5297452],[68.7597712,42.5298766],[68.7594649,42.5301188],[68.7591632,42.5304043],[68.7585597,42.5308424],[68.758339,42.5308955],[68.7580372,42.5308822],[68.7577265,42.5308025],[68.7575238,42.5306233],[68.757463,42.5304159],[68.7575216,42.5300989],[68.7575013,42.5299197],[68.7573842,42.5298135],[68.7571635,42.5298085],[68.7569743,42.5298666],[68.7567469,42.5300591],[68.7566591,42.5302566],[68.7567131,42.5305055],[68.7566542,42.5308224],[68.7566494,42.5309607],[68.7565494,42.5311638],[68.7564104,42.5312609],[68.7560787,42.531295],[68.7557568,42.5312501],[68.755369,42.5312663],[68.7550861,42.5313292],[68.7544204,42.5315161],[68.7541033,42.5315053],[68.7538595,42.5313777],[68.7536025,42.5311153],[68.7530733,42.5306589],[68.752488,42.5301934],[68.7521173,42.5300424],[68.7516393,42.5299131],[68.7511662,42.529834],[68.7506078,42.5297855],[68.7502712,42.5297855],[68.7500103,42.5298214],[68.7496737,42.5299562],[68.7494933,42.5301682],[68.7492201,42.5303264],[68.7488373,42.5305097],[68.7485958,42.530684],[68.7483812,42.5309195],[68.7482495,42.5311495],[68.74823,42.5312789],[68.7483812,42.5315377],[68.7484154,42.5319258],[68.7485666,42.5321936],[68.7488812,42.532429],[68.7493811,42.5326213],[68.7498444,42.5329232],[68.7501981,42.5332197],[68.75042,42.5334677],[68.7505834,42.533678],[68.7507492,42.5341129],[68.7509248,42.5346017],[68.7509589,42.534882],[68.7509272,42.5352162],[68.7504582,42.5358109],[68.7497546,42.5361032],[68.748682,42.5363014],[68.7479142,42.5364244],[68.7474557,42.5364424],[68.7469167,42.5362843],[68.7462754,42.5358476],[68.7455437,42.5355655],[68.7446731,42.5351755],[68.7440122,42.5349527],[68.7433855,42.5348143],[68.7425587,42.5346993],[68.7420686,42.534685],[68.7416637,42.5347497],[68.741376,42.534924],[68.7408711,42.5351755],[68.740481,42.5355529],[68.7402298,42.5358027],[68.7401176,42.5361333],[68.7399225,42.5366275],[68.7396762,42.5370264],[68.7393908,42.5372834],[68.739108,42.5373732],[68.7386665,42.5373804],[68.738269,42.5372241],[68.7378057,42.5370372],[68.7373179,42.5368324],[68.7368448,42.5365574],[68.7366351,42.536358],[68.7364278,42.535968],[68.7363302,42.5355727],[68.7363034,42.5350605],[68.7363424,42.5346131],[68.7364058,42.5336804],[68.7363254,42.5331467],[68.7361327,42.5327567],[68.7358596,42.5324997],[68.7355328,42.5324009],[68.735128,42.5323793],[68.7345158,42.5324404],[68.7338062,42.5326525],[68.7333014,42.5330119],[68.7331648,42.5332276],[68.733116,42.5333911],[68.7331453,42.533675],[68.7330111,42.5341027],[68.7328429,42.534658],[68.7326453,42.5351684],[68.7323893,42.5353858],[68.7320649,42.5354864],[68.7315942,42.5355242],[68.7312382,42.5354936],[68.7305505,42.5353534],[68.7300627,42.5352133],[68.7297701,42.5349743],[68.7294409,42.5346257],[68.7291019,42.5341459],[68.7289726,42.53379],[68.7288726,42.5333102],[68.72868,42.5329077],[68.7284337,42.5326022],[68.7280142,42.532365],[68.7273679,42.5322356],[68.7267607,42.5321655],[68.7264315,42.5321727],[68.7260462,42.5322661],[68.7255877,42.5324297],[68.7252024,42.5327046],[68.7250243,42.5329149],[68.7249682,42.5332096],[68.7250024,42.5335492],[68.7251877,42.5338799],[68.7254535,42.5345933],[68.7257755,42.535287],[68.7262339,42.5359321],[68.7267948,42.5364191],[68.7272143,42.5366742],[68.7276411,42.5368773],[68.7282239,42.5370534],[68.7288141,42.5371109],[68.7296433,42.5371774],[68.7301871,42.5372906],[68.7307139,42.5375439],[68.7311748,42.5378746],[68.7315308,42.538207],[68.7317479,42.5385628],[68.7318381,42.5391091],[68.7318991,42.5396625],[68.7318796,42.5401261],[68.7317016,42.5405681],[68.7313601,42.5408718],[68.7308407,42.541197],[68.7304237,42.5413659],[68.7296164,42.541533],[68.728919,42.5416678],[68.7281386,42.5417792],[68.7273753,42.5418403],[68.7269338,42.5418277],[68.7261925,42.5417648],[68.7255243,42.5416947],[68.7247292,42.541754],[68.7242049,42.5418996],[68.7239074,42.5421026],[68.7237367,42.5423649],[68.7236367,42.5427027],[68.7236538,42.5431951],[68.723544,42.5438688],[68.7236123,42.5442282],[68.7237001,42.5444654],[68.7240238,42.5448449],[68.7243635,42.5450927],[68.724786,42.5452959],[68.7252775,42.545423],[68.7259431,42.5455754],[68.726257,42.545719],[68.7264639,42.5459197],[68.726526,42.546151],[68.7264984,42.5464508],[68.7263639,42.5468027],[68.7261707,42.5471025],[68.7258931,42.5473782],[68.7255292,42.5475637],[68.7251844,42.5476361],[68.7249222,42.5476501],[68.724598,42.54757],[68.7242756,42.5473846],[68.7240824,42.5472092],[68.7237427,42.5470276],[68.7234082,42.5467811],[68.7232013,42.5465728],[68.7231047,42.5463796],[68.7230581,42.5461878],[68.7230512,42.5459439],[68.7228977,42.5455272],[68.7228702,42.5451956],[68.7228598,42.5446391],[68.7227701,42.5440318],[68.7225985,42.5436268],[68.7224399,42.543395],[68.7223326,42.5431147],[68.7219156,42.5425577],[68.7215888,42.5422109],[68.7212894,42.5419998],[68.7208309,42.5418363],[68.7200261,42.5417231],[68.7194603,42.5416297],[68.7186141,42.5416441],[68.717941,42.541768],[68.7172679,42.5419747],[68.7167875,42.542228],[68.7156315,42.5427886],[68.7145878,42.5432971],[68.7140438,42.5434527],[68.7136438,42.5434984],[68.7131793,42.5434467],[68.7126518,42.5432602],[68.7119983,42.5428793],[68.7115642,42.5425486],[68.7112349,42.5421803],[68.7110618,42.541812],[68.7109228,42.5412531],[68.710835,42.5406925],[68.7108033,42.5402254],[68.7109569,42.5396557],[68.7109569,42.5393611],[68.7108447,42.5389927],[68.710596,42.538698],[68.7102595,42.5385345],[68.7099692,42.5384932],[68.7095839,42.5385237],[68.7091133,42.5386657],[68.7086523,42.5389011],[68.7083182,42.5392748],[68.7077695,42.5396288],[68.70765,42.5398354],[68.707611,42.5401571],[68.7078988,42.5409567],[68.7082378,42.5413735],[68.7087426,42.5417832],[68.7092279,42.542024],[68.7097693,42.5422234],[68.7101668,42.5424642],[68.7104472,42.5428361],[68.7107301,42.5433536],[68.7111057,42.5440364],[68.7113618,42.5446239],[68.7115764,42.545348],[68.7116544,42.545896],[68.7115886,42.5464116],[68.7113203,42.5469219],[68.7109008,42.5473207],[68.7103789,42.5475795],[68.7098717,42.5476621],[68.7093474,42.5476513],[68.7086694,42.547504],[68.7079402,42.5472633],[68.7073818,42.5469991],[68.7067453,42.5464943],[68.7058551,42.5456714],[68.7052674,42.5451162],[68.7047967,42.5448755],[68.7042943,42.5447084],[68.7038066,42.544676],[68.7031091,42.5448862],[68.7023214,42.5449994],[68.7018824,42.5449904],[68.7012532,42.5448629],[68.7009118,42.5447245],[68.700685,42.5445431],[68.7005924,42.54434],[68.7005387,42.5439807],[68.7005363,42.5433842],[68.7006094,42.5426205],[68.7007411,42.5422019],[68.7011094,42.5417455],[68.7015288,42.5413628],[68.7018507,42.5409028],[68.7020507,42.5404014],[68.7021068,42.5399756],[68.702058,42.5394096],[68.7019507,42.5390448],[68.7016483,42.5387879],[68.701046,42.5386369],[68.7002095,42.5385758],[68.6992852,42.5384213],[68.6981463,42.5382075],[68.697422,42.5381068],[68.6970903,42.5381122],[68.6967806,42.5381284],[68.6964124,42.5380367],[68.6959466,42.5378355],[68.6956832,42.5375857],[68.6953979,42.5371347],[68.6950662,42.5364285],[68.694776,42.5360906],[68.6944029,42.5358804],[68.6939322,42.5356162],[68.693381,42.5354923],[68.6929153,42.535512],[68.6925568,42.5356037],[68.6922373,42.5357798],[68.6921397,42.5359451],[68.6921251,42.5362524],[68.6917032,42.5369208],[68.6910301,42.5375516],[68.690657,42.5380206],[68.6904619,42.5383979],[68.6903009,42.5386549],[68.6900498,42.538928],[68.6895937,42.5394114],[68.6893133,42.5398983],[68.688967,42.5405272],[68.6886889,42.540901],[68.6882036,42.5412729],[68.6875403,42.5416538],[68.6868258,42.5419449],[68.6861454,42.5422576],[68.6853259,42.5427014],[68.684709,42.5429601],[68.6837115,42.5432799],[68.6830907,42.5434375],[68.6824768,42.5434832],[68.6819767,42.5434299],[68.6816905,42.5433409],[68.6813525,42.5431554],[68.6809179,42.5428048],[68.6804489,42.5422737],[68.6800971,42.5417223],[68.6797039,42.5411022],[68.6794866,42.5404949],[68.6795004,42.5397809],[68.6795556,42.5393031],[68.6795729,42.5387415],[68.6797281,42.5380198],[68.6801128,42.5367607],[68.680325,42.5365558],[68.6808517,42.5362324],[68.6816102,42.5358119],[68.6821174,42.5354363],[68.6823467,42.535129],[68.682493,42.5348756],[68.6825271,42.5346043],[68.6824759,42.5343689],[68.6823418,42.5340526],[68.6817036,42.5335578],[68.6810881,42.5332316],[68.6804212,42.5328678],[68.6006345,42.5060223],[68.2225292,42.4728817],[68.2197225,42.4725717],[68.2208919,42.4699919],[68.2220936,42.4666363],[68.2237243,42.4627739],[68.224926,42.4603045],[68.2258272,42.4589114],[68.2266855,42.4579774],[68.2286167,42.4565842],[68.2306123,42.455571],[68.2347107,42.453877],[68.2402468,42.4522147],[68.2464051,42.4506472],[68.24898,42.4499823],[68.2507718,42.4495468],[68.2527673,42.4493094],[68.254559,42.4490085],[68.2556748,42.4487314],[68.2585823,42.4474331],[68.2618332,42.445731],[68.2640862,42.4444642],[68.2646549,42.4441396],[68.2650196,42.4437042],[68.2651913,42.4433479],[68.2651591,42.44296],[68.264966,42.4426433],[68.2618067,42.4402293],[68.2583633,42.4392529],[68.2578064,42.4391116],[68.2551263,42.4384318],[68.2518339,42.4382331],[68.2449755,42.4385952],[68.2409678,42.4377276],[68.2401246,42.4372687],[68.2373078,42.4357359],[68.2355199,42.4325028],[68.2342463,42.4282264],[68.2340006,42.4259314],[68.2344324,42.4234486],[68.2351631,42.4216357],[68.2371597,42.419746],[68.2410621,42.4153461],[68.2433595,42.4128045],[68.2452035,42.4114806],[68.2464909,42.4108311],[68.2494736,42.4101657],[68.2521558,42.4098964],[68.255353,42.4097221],[68.2601226,42.4096839],[68.26352,42.4094413],[68.2647471,42.4093299],[68.2682276,42.409025],[68.2695258,42.4088032],[68.270427,42.4085022],[68.2710385,42.408217],[68.2714355,42.4079318],[68.2722509,42.4070921],[68.2724225,42.4065375],[68.2723474,42.4059909],[68.2721114,42.4056107],[68.2716501,42.4052304],[68.2701909,42.4045174],[68.2679593,42.4040183],[68.2648158,42.4036935],[68.263185,42.403543],[68.2612002,42.4032182],[68.2565868,42.402109],[68.2539689,42.4012217],[68.2531214,42.400675],[68.2523811,42.3999065],[68.2512975,42.3982586],[68.2508361,42.3969116],[68.2508254,42.3948754],[68.2509327,42.3939959],[68.2515764,42.3919753],[68.2527995,42.3893287],[68.253808,42.3874428],[68.2548594,42.3858737],[68.2559538,42.3850337],[68.2620345,42.3812492],[68.2734203,42.37332],[68.274622,42.3719329],[68.2757378,42.3690397],[68.2756049,42.3670301],[68.2741085,42.3651248],[68.2730503,42.3644834],[68.2705029,42.3643847],[68.2681442,42.3647031],[68.2658702,42.3654151],[68.2632967,42.3667842],[68.2613379,42.3671835],[68.2589732,42.3669553],[68.2570538,42.366289],[68.2552242,42.3651397],[68.2533574,42.363253],[68.2518983,42.3614931],[68.2490444,42.3568949],[68.2470703,42.3529624],[68.2456111,42.349886],[68.244667,42.3469363],[68.2438516,42.3436375],[68.2436914,42.3409304],[68.2439589,42.33972],[68.2444954,42.3377216],[68.2456326,42.3354216],[68.2473492,42.333423],[68.2490444,42.3317733],[68.2538509,42.3267288],[68.2549238,42.3251423],[68.2569408,42.3212554],[68.257767,42.3190422],[68.2577777,42.3174873],[68.2572627,42.3151469],[68.2567584,42.3141156],[68.2555139,42.3126717],[68.2543015,42.3117989],[68.2512975,42.3102121],[68.2479235,42.308317],[68.2457358,42.3082949],[67.6943585,42.3004401],[67.6647154,42.2990741],[67.2729351,42.2158875],[66.9331715,42.1602801],[66.7495882,42.136148],[66.7659063,42.0333462],[67.109648,42.0255984],[67.85073,42.0280399],[67.8505318,42.0328059],[67.8528818,42.0343897],[67.8522077,42.0401281],[67.8466582,42.0444699],[67.8397106,42.0445417],[67.8394707,42.04727],[67.8373281,42.0473547],[67.837246,42.0518577],[67.8479482,42.052072],[67.8556114,42.0560103],[67.8554432,42.0691235],[67.8737825,42.0692799],[67.8739158,42.0655448],[67.884246,42.0656206],[67.8877436,42.063824],[67.9231641,42.0647385],[67.922887,42.0751572],[67.9237383,42.0765695],[67.9233397,42.0882011],[67.9182183,42.0884538],[67.9181706,42.0912619],[67.9196288,42.0926298],[67.9256871,42.0927368],[67.9285692,42.0975282],[67.9282467,42.1006848],[67.9258884,42.100763],[67.9258029,42.1058276],[67.9338138,42.1100649],[67.9338131,42.1141272],[67.9315898,42.1141567],[67.9254168,42.1207192],[67.9251291,42.1257818],[67.9221647,42.1297662],[67.9222954,42.1339802],[67.9379922,42.1341265],[67.9491668,42.1429056],[67.9491046,42.1466665],[67.9430198,42.1494079],[67.9389911,42.1585987],[67.9388983,42.1634319],[67.9390922,42.1636338],[67.9420149,42.1636741],[67.9426569,42.1638935],[67.9470918,42.1679239],[67.9475895,42.1685076],[67.9484971,42.1706975],[67.9560749,42.1775404],[67.9563353,42.1776194],[67.9620731,42.1776843],[67.9626162,42.1773823],[67.9631795,42.1758396],[67.9637397,42.1755912],[67.9849887,42.1782006],[67.9970253,42.178342],[68.0045889,42.1776207],[68.0391929,42.1779542],[68.0367341,42.1616688],[68.0359267,42.1570058],[68.0347852,42.1506283],[68.0334165,42.1440511],[68.0332755,42.1403714],[68.0325706,42.1186234],[68.0321758,42.1060313],[68.0317247,42.0906747],[68.0315931,42.0863281],[68.1229817,42.0865779],[68.1328249,42.0793405],[68.1328692,42.0760851],[68.1346623,42.0759385],[68.1349547,42.0702298],[68.1349554,42.0701764],[68.1433386,42.0700258],[68.1443314,42.0654431],[68.1373889,42.0544496],[68.122666,42.0418486],[68.1082375,42.0342118],[68.1065867,42.0293954],[68.1778273,42.0282989],[68.1824455,42.0282263],[68.1811738,42.0324789],[68.179679,42.0373787],[68.1786301,42.0433891],[68.1762136,42.0462401],[68.17402,42.048172],[68.171751,42.0498512],[68.1697123,42.0516946],[68.1674292,42.0537775],[68.1653526,42.0549819],[68.1611304,42.0580627],[68.1601246,42.0601078],[68.1616029,42.0633359],[68.1669961,42.0648911],[68.1706236,42.0646736],[68.1751803,42.0636895],[68.1833318,42.0628111],[68.1900931,42.0603373],[68.1940284,42.0591994],[68.1981507,42.0582413],[68.2053519,42.0590274],[68.2112722,42.0507729],[68.1908922,42.0384898],[68.1939171,42.0172156],[68.1677626,41.9531074],[68.1310271,41.930507],[68.118649,41.9027065],[68.1213502,41.8996371],[68.2362318,41.9057932],[68.3145591,42.0089416],[68.3949809,42.0091619],[68.4548085,42.0247669],[68.5959865,42.0535115],[68.7817762,42.1009889],[68.8016892,42.105542],[68.816419,42.0823838],[68.8152697,42.0579245],[68.8160817,42.0454492],[68.9078943,42.0271335],[68.9027003,42.0175445],[68.8881062,41.9991879],[68.856129,41.9831226],[68.8505138,41.9690687],[68.8358219,41.9558282],[68.8306277,41.9525982],[68.9251053,41.9441201],[68.9352182,41.955918],[68.9365132,41.9776125],[68.9529225,41.9795101],[68.9564645,41.9849538],[68.9749024,41.9874537],[68.9801684,41.9953914],[68.9913143,41.997736],[68.9955705,41.9933521],[68.998205,41.9911602],[68.995166,41.9822407],[69.0048905,41.968786],[69.0061056,41.9656868],[69.0126879,41.9604707],[69.0172433,41.9536671],[69.0229154,41.9575211],[69.0233239,41.9668184],[69.0245405,41.9698417],[69.0268708,41.9714285],[69.0262635,41.9724113],[69.0331809,41.9756739],[69.0378081,41.9805995],[69.0398457,41.9868446],[69.0409601,41.9867309],[69.0432928,41.9903204],[69.0438014,41.993117],[69.0433104,42.0023829],[69.0451769,42.0071925],[69.0490492,42.0103978],[69.0496245,42.0128562],[69.0490527,42.0148875],[69.0436075,42.0175621],[69.0159414,42.0197073],[69.0092036,42.0194943],[68.9968749,42.024305],[68.9905663,42.0279392],[68.9836887,42.0302505],[68.9854038,42.032749],[68.9999103,42.0459737],[69.0327647,42.0417361],[69.0435328,42.070002],[69.0444507,42.0770312],[69.0458739,42.08081],[69.0461832,42.0874615],[69.0525935,42.1083962],[69.0503608,42.1090019],[69.0502626,42.1131592],[69.0534426,42.1275101],[69.0463358,42.1287226],[69.0388273,42.1377201],[69.0250163,42.1390089],[69.0292883,42.1532181],[69.0318343,42.1659913],[69.0231983,42.1662958],[69.026149,42.1764992],[69.0304219,42.1866266],[69.0438376,42.1866978],[69.0407969,42.1995484],[69.0362277,42.2087713],[69.0622622,42.2160162],[69.0698912,42.2186573],[69.0984845,42.2313345],[69.1244133,42.2282858],[69.1401583,42.2198777]],[[69.270492,42.8333972],[69.2968617,42.8486675],[69.2569676,42.8788524],[69.258232,42.8806388],[69.2373065,42.8880599],[69.2263833,42.881807],[69.2224523,42.8791188],[69.2217146,42.8784642],[69.2201044,42.8773353],[69.2173553,42.8741547],[69.2153555,42.8724111],[69.2127334,42.87073],[69.207811,42.8683598],[69.2028766,42.8662029],[69.1999217,42.8649371],[69.1983524,42.8644951],[69.1881779,42.8594736],[69.1862616,42.8583539],[69.1797375,42.8555333],[69.1798602,42.8539717],[69.1354403,42.8276092],[69.1658829,42.813859],[69.1828311,42.8062065],[69.1923257,42.8015481],[69.1964469,42.7997034],[69.1961807,42.7994502],[69.1969892,42.7990017],[69.1980468,42.7981744],[69.1987692,42.7975279],[69.2008886,42.795979],[69.2021638,42.794837],[69.2016152,42.7942111],[69.2013577,42.7939088],[69.2007569,42.7936316],[69.2002247,42.7933293],[69.1987141,42.7928506],[69.1985081,42.7926617],[69.1984223,42.7922208],[69.198388,42.7916665],[69.198079,42.7910997],[69.1972207,42.7904446],[69.19674,42.7901297],[69.1964825,42.7896636],[69.1962765,42.7889707],[69.1959847,42.7888069],[69.1957272,42.7888069],[69.1949891,42.7894242],[69.1941651,42.7900037],[69.1935128,42.7906966],[69.192912,42.7912886],[69.192809,42.791591],[69.1927575,42.7921956],[69.1925515,42.792372],[69.1921738,42.792372],[69.191882,42.7922712],[69.1916245,42.7919689],[69.1910065,42.789714],[69.1906804,42.7891471],[69.1900967,42.7883534],[69.189925,42.7879881],[69.1898392,42.7874464],[69.1898392,42.7864008],[69.1897877,42.7859976],[69.1896504,42.7858212],[69.1892212,42.785859],[69.1888607,42.7863252],[69.1887063,42.7871944],[69.1883973,42.7874968],[69.1879338,42.7875598],[69.1874531,42.7874338],[69.1868866,42.7870559],[69.1865262,42.7866401],[69.1864403,42.7861614],[69.186612,42.7855945],[69.186612,42.7851535],[69.1865262,42.7847126],[69.186097,42.7840827],[69.1858395,42.7838685],[69.185376,42.7836669],[69.1849812,42.7835913],[69.1844147,42.7835913],[69.1841229,42.7834149],[69.1840199,42.7831756],[69.1841229,42.782974],[69.1850499,42.7823818],[69.1853417,42.7818779],[69.1853245,42.7816133],[69.1849812,42.7813235],[69.1845177,42.7812605],[69.1839856,42.7813613],[69.1837281,42.7815755],[69.1831444,42.7835913],[69.1827668,42.7839567],[69.1822346,42.7839945],[69.1815823,42.7837425],[69.1812047,42.7833394],[69.1810673,42.7827472],[69.1811017,42.7824322],[69.181342,42.7821677],[69.1829384,42.7813739],[69.1831788,42.7810589],[69.1832989,42.7805046],[69.1832303,42.7800132],[69.1829728,42.7796226],[69.1820458,42.779295],[69.1810673,42.7789045],[69.1804322,42.7784509],[69.180209,42.7780225],[69.1801232,42.7776571],[69.1802262,42.7770145],[69.1805008,42.7763845],[69.1804837,42.7761829],[69.1802262,42.7761073],[69.1798142,42.7762837],[69.1788872,42.7771027],[69.1786126,42.7772413],[69.1781491,42.7772539],[69.1777543,42.7771279],[69.1775826,42.7769011],[69.1775139,42.7766113],[69.1775826,42.7763341],[69.1781662,42.7755403],[69.1784066,42.7746834],[69.1782864,42.774507],[69.1774109,42.7742802],[69.176587,42.7740786],[69.1760548,42.7737132],[69.1755227,42.7736376],[69.1750935,42.7737762],[69.1749562,42.7739904],[69.1749562,42.774633],[69.1748532,42.7750237],[69.1742867,42.7756915],[69.1740807,42.7763089],[69.1740807,42.7773295],[69.1737374,42.7778587],[69.1734284,42.7780729],[69.1729306,42.7781107],[69.1726387,42.7779847],[69.1723469,42.7776823],[69.1718834,42.7765987],[69.1719178,42.7762711],[69.1722268,42.7758175],[69.1727589,42.7741542],[69.1727932,42.773688],[69.1722096,42.7720373],[69.1721581,42.7716341],[69.1722954,42.771319],[69.1733426,42.7707898],[69.1734456,42.770563],[69.1733254,42.7703865],[69.1711796,42.7705125],[69.1703042,42.7704243],[69.1698578,42.7702857],[69.1692742,42.7696935],[69.169257,42.7694414],[69.1695145,42.76803],[69.1697548,42.767715],[69.1700638,42.7675512],[69.1704243,42.7674756],[69.1707848,42.7675638],[69.1714028,42.7676898],[69.1719693,42.7680048],[69.1725529,42.7685719],[69.1729992,42.7687987],[69.1734284,42.7688113],[69.1737374,42.7686727],[69.1739434,42.7684963],[69.1740635,42.7680552],[69.173909,42.7670723],[69.1736859,42.7667194],[69.1733082,42.7664422],[69.1725873,42.7662028],[69.1722268,42.7661649],[69.1719006,42.7662658],[69.1714371,42.766354],[69.1702183,42.7663288],[69.169257,42.7665178],[69.1687935,42.7667194],[69.1681584,42.7671857],[69.1675576,42.7673747],[69.1671113,42.7672991],[69.165944,42.766606],[69.1657551,42.766291],[69.1657723,42.7660515],[69.1670769,42.7650685],[69.1675576,42.7644636],[69.1683472,42.7631656],[69.1683815,42.7629009],[69.1687935,42.7621951],[69.1690854,42.7620187],[69.1702355,42.7615272],[69.171317,42.7606071],[69.1714715,42.7602668],[69.1714371,42.7601282],[69.1710423,42.7598257],[69.1705445,42.7596997],[69.1694287,42.7594476],[69.1690167,42.759498],[69.168845,42.7596619],[69.1687249,42.7604055],[69.1685017,42.7606954],[69.1674889,42.7614389],[69.1669053,42.7616154],[69.1666649,42.7615776],[69.1659096,42.7611491],[69.1657208,42.7608718],[69.1656693,42.7604937],[69.1657551,42.7602668],[69.1658581,42.7599896],[69.166047,42.7598131],[69.1663044,42.7596493],[69.1678151,42.7592334],[69.1679352,42.7591199],[69.1679352,42.7589939],[69.1674003,42.7584998],[69.1754341,42.7514539],[69.2273773,42.7826433],[69.2106746,42.7966516],[69.2111532,42.7970417],[69.211445,42.797407],[69.2115308,42.7978478],[69.2114793,42.7992334],[69.2115995,42.7995105],[69.2119943,42.799775],[69.2124406,42.7998253],[69.213093,42.7997498],[69.2137453,42.7998631],[69.2143289,42.8000395],[69.2147066,42.8000017],[69.2155477,42.7997246],[69.2159254,42.7997876],[69.2162344,42.7999513],[69.2163717,42.8003292],[69.2163545,42.8005937],[69.215788,42.8010849],[69.215685,42.8013997],[69.2158739,42.8023947],[69.2159425,42.8030497],[69.2161657,42.8032386],[69.2168352,42.8033645],[69.2172987,42.8032764],[69.2177793,42.8029111],[69.2179853,42.8023318],[69.21826,42.8021428],[69.2192556,42.8020673],[69.2196676,42.8022058],[69.2200109,42.8025459],[69.2200624,42.8027978],[69.2200624,42.8031],[69.2195646,42.8038935],[69.2196504,42.8041454],[69.2198907,42.8044603],[69.2203714,42.8046366],[69.220955,42.804624],[69.2217962,42.8044603],[69.2225515,42.8041832],[69.2231351,42.8038809],[69.223633,42.8038557],[69.2242338,42.8039565],[69.2247659,42.8042336],[69.2248174,42.8043847],[69.2247659,42.8045988],[69.2229978,42.8053167],[69.2226373,42.8055056],[69.2221052,42.8063368],[69.2221567,42.8065509],[69.2224313,42.8066768],[69.223324,42.8069413],[69.2239248,42.8073191],[69.2243024,42.8078229],[69.2246114,42.8084651],[69.2248003,42.8095986],[69.2249719,42.809989],[69.2122861,42.8033142],[69.2122861,42.8034779],[69.2126981,42.8037424],[69.2126981,42.8039817],[69.2106554,42.8035157],[69.2104837,42.8039313],[69.2102605,42.8041454],[69.2118742,42.8049011],[69.2150671,42.8066391],[69.2146379,42.8070546],[69.2234956,42.8119283],[69.2207319,42.8224173],[69.2387161,42.8315884],[69.2603376,42.8387457],[69.270492,42.8333972]]]}},{"type":"Feature","properties":{"osmId":"relation/17322798","name":"городская администрация Кентау"},"geometry":{"type":"MultiLineString","coordinates":[[[68.6141896,43.4763266],[68.6153912,43.4844541],[68.615638,43.484493],[68.6157775,43.4849055],[68.6165607,43.4853726],[68.6171079,43.4855205],[68.6174941,43.4854582],[68.6177409,43.4852091],[68.6179662,43.4848822],[68.618406,43.4844463],[68.6186743,43.484275],[68.6188137,43.4843373],[68.6189747,43.4845864],[68.6189961,43.4848433],[68.6187816,43.4852558],[68.6186314,43.4855516],[68.6183309,43.4858007],[68.6179769,43.4860031],[68.6177409,43.4860965],[68.6172688,43.4861588],[68.6168396,43.4862912],[68.6166358,43.4864313],[68.6164212,43.4867348],[68.6163032,43.4869995],[68.6162925,43.4872486],[68.6164319,43.4873109],[68.6167967,43.4873187],[68.6171508,43.4872019],[68.6176443,43.4870618],[68.6179984,43.4870306],[68.6182666,43.4871241],[68.6183953,43.4873498],[68.61817,43.4876222],[68.6176658,43.4877857],[68.6173653,43.4879102],[68.6172473,43.4880971],[68.6173868,43.4883072],[68.617816,43.4884084],[68.6183202,43.4884084],[68.6186421,43.488424],[68.6189103,43.4885641],[68.619039,43.4886964],[68.6189532,43.488891],[68.6187065,43.4890156],[68.6183953,43.48907],[68.6181378,43.4892257],[68.6180198,43.4893658],[68.6181593,43.4898406],[68.6186528,43.4900508],[68.618921,43.4901987],[68.6188245,43.4905879],[68.6186206,43.4911405],[68.6187923,43.491483],[68.6192214,43.49202],[68.6191893,43.4924014],[68.6190712,43.4927283],[68.6257553,43.4912417],[68.6455607,43.4941527],[68.6453354,43.5046435],[68.6450565,43.5050092],[68.6447132,43.5054294],[68.6441982,43.5057407],[68.643887,43.5060053],[68.6438656,43.5062699],[68.6438656,43.5065811],[68.6436295,43.5068613],[68.6432862,43.5070791],[68.6430931,43.5073593],[68.6429322,43.5076628],[68.6431146,43.5078495],[68.6445308,43.508332],[68.6444127,43.5085732],[68.6436832,43.5090478],[68.641634,43.5101839],[68.6410117,43.5105885],[68.6403036,43.5111721],[68.6392736,43.5117012],[68.63819,43.5124637],[68.6360657,43.5140432],[68.6354756,43.5146034],[68.6350679,43.5151013],[68.6346924,43.515467],[68.6343706,43.5156226],[68.6338127,43.5157238],[68.6335981,43.514261],[68.6329007,43.5138409],[68.6323535,43.5135141],[68.631742,43.5133585],[68.6310232,43.5131562],[68.6304009,43.5133274],[68.6297357,43.5135219],[68.6293065,43.5136931],[68.6288559,43.5137397],[68.6286199,43.5135608],[68.6280191,43.5127983],[68.6276007,43.5126271],[68.6270106,43.512596],[68.6266029,43.5123781],[68.6263668,43.5121214],[68.6259377,43.5114522],[68.6255836,43.5111176],[68.6249936,43.5106897],[68.6241889,43.5104095],[68.6235559,43.5097481],[68.6232126,43.5091101],[68.6223543,43.5087755],[68.6223864,43.5083008],[68.6210775,43.5075305],[68.6204874,43.507476],[68.6199295,43.5075772],[68.6193824,43.507546],[68.6189425,43.5073515],[68.6179554,43.5069157],[68.6171508,43.5064955],[68.6161852,43.5062854],[68.6156487,43.5063088],[68.6146617,43.5063477],[68.6057836,43.5239821],[68.60735,43.5249623],[68.6101609,43.5269032],[68.6110997,43.527471],[68.6128807,43.5278678],[68.6138248,43.5276422],[68.6141789,43.5274321],[68.6151874,43.5274633],[68.6161101,43.5281322],[68.6175477,43.5305125],[68.6198759,43.5287779],[68.6222899,43.5297735],[68.6281371,43.5322626],[68.6265492,43.5337483],[68.6171293,43.5317026],[68.6147475,43.531197],[68.6138999,43.5307303],[68.611089,43.5301002],[68.6088037,43.5293846],[68.6069369,43.5288946],[68.6063898,43.5290346],[68.6056387,43.5288323],[68.6050486,43.5286534],[68.6041045,43.5286456],[68.6034286,43.5289412],[68.6016798,43.5290579],[68.6004889,43.5290657],[68.5993731,43.5294935],[68.5981929,43.5295713],[68.5959935,43.5296335],[68.5933864,43.5301002],[68.5915625,43.5305747],[68.5901463,43.5303803],[68.5892129,43.5303647],[68.5869491,43.530917],[68.5828614,43.532776],[68.5791385,43.5317959],[68.5749006,43.5333282],[68.57548,43.5368516],[68.5692358,43.5402893],[68.5715532,43.5567903],[68.5756731,43.5622948],[68.5479068,43.5832509],[68.4993696,43.597114],[68.5146904,43.6228424],[68.5155057,43.6434358],[68.4943914,43.6536833],[68.4795856,43.635982],[68.4581279,43.61057],[68.4525919,43.6038579],[68.4062862,43.595156],[68.3860302,43.586888],[68.3943557,43.6107875],[68.4000205,43.6349571],[68.4028529,43.6478145],[68.4189891,43.6640843],[68.4344386,43.679791],[68.4032821,43.6943145],[68.3773612,43.6743283],[68.3433723,43.6299251],[68.3273219,43.6089853],[68.3185672,43.5904005],[68.3112716,43.57865],[68.2796001,43.5627302],[68.2592582,43.5522184],[68.2391738,43.5321849],[68.2248401,43.5274555],[68.2014083,43.5164396],[68.1967734,43.512456],[68.1800365,43.4420141],[68.1784915,43.4420764],[68.1796073,43.438898],[68.1845855,43.4302346],[68.1897354,43.419201],[68.1933832,43.4090694],[68.1982112,43.4122805],[68.2028031,43.4186866],[68.2100987,43.4157252],[68.2160854,43.4215699],[68.2224583,43.4158343],[68.2360625,43.4220686],[68.2253122,43.4540405],[68.2296037,43.4687431],[68.2418775,43.487272],[68.2609748,43.4871163],[68.2727336,43.479394],[68.3001566,43.4751899],[68.3079994,43.470456],[68.3114004,43.4717563],[68.3160138,43.4683226],[68.3198547,43.4729476],[68.323524,43.4704327],[68.3231377,43.466921],[68.322494,43.461984],[68.325777,43.4606757],[68.3332443,43.4583706],[68.3295107,43.4503642],[68.325541,43.4451143],[68.3212495,43.4346599],[68.334403,43.427975],[68.3471059,43.4324473],[68.3619117,43.4347223],[68.3690786,43.4286451],[68.3834123,43.419575],[68.4116935,43.4416401],[68.4317779,43.4585887],[68.4354686,43.4619529],[68.4497594,43.4700512],[68.4534073,43.4575607],[68.4497058,43.4550607],[68.4431827,43.4508082],[68.437711,43.4472876],[68.4382367,43.4439771],[68.4392667,43.4433539],[68.4434402,43.4432448],[68.4451461,43.442349],[68.447839,43.442201],[68.449341,43.4401756],[68.4502852,43.4393654],[68.4588575,43.4421698],[68.4579778,43.4443354],[68.4676444,43.4489077],[68.4667325,43.4495308],[68.4730947,43.4546635],[68.4829008,43.4626148],[68.49437,43.4724026],[68.5021698,43.4755947],[68.5022557,43.4759684],[68.5025883,43.4762643],[68.5028887,43.4762954],[68.5030925,43.4762331],[68.5034358,43.4762799],[68.5036719,43.4764823],[68.5036719,43.4767003],[68.5035109,43.4768482],[68.5034788,43.4770195],[68.5042834,43.4775878],[68.5055601,43.477907],[68.5063541,43.4782495],[68.5066545,43.4787634],[68.5070944,43.4789736],[68.5075343,43.4789658],[68.5084033,43.4788879],[68.5109675,43.4783196],[68.5200548,43.4763733],[68.5230803,43.4757504],[68.5120618,43.4608782],[68.524518,43.452031],[68.540225,43.4524983],[68.5440767,43.4531681],[68.5448813,43.4534797],[68.5453534,43.4678398],[68.5647296,43.4702069],[68.5858011,43.4721379],[68.5926246,43.473695],[68.6141896,43.4763266]],[[68.9772008,43.5849543],[68.956375,43.558563],[68.9367198,43.530567],[68.9147472,43.5143233],[68.8508891,43.4868672],[68.8327788,43.5186181],[68.8449668,43.566213],[68.8514899,43.5918303],[68.8466834,43.6174367],[68.8582706,43.6340874],[68.8336372,43.6646431],[68.815441,43.6715346],[68.8303182,43.6749436],[68.9242447,43.6982263],[68.9451214,43.6869513],[68.9235706,43.6419938],[68.9026827,43.6096037],[68.9197879,43.6009225],[68.9333953,43.5940129],[68.9772008,43.5849543]]]}},{"type":"Feature","properties":{"osmId":"relation/8768984","name":"Жетисайский район"},"geometry":{"type":"MultiLineString","coordinates":[[[68.4389223,41.0177401],[68.3372808,41.0104621],[68.3261334,40.9982214],[68.324154,40.999919],[68.3209323,41.001384],[68.3193663,41.0030088],[68.3183887,41.004972],[68.3173581,41.0063467],[68.3167072,41.0080038],[68.3160704,41.0088933],[68.3146517,41.0098703],[68.3135507,41.010812],[68.3117221,41.0131606],[68.3107397,41.0141608],[68.3097387,41.0147523],[68.3089785,41.0149654],[68.3084425,41.0149671],[68.3074077,41.0147591],[68.3056372,41.0141879],[68.3021521,41.0132006],[68.3007285,41.013042],[68.2955287,41.0132204],[68.2935699,41.0137581],[68.2920621,41.0139879],[68.2900991,41.0137412],[68.2886311,41.0131984],[68.2853215,41.0108302],[68.2830113,41.0101393],[68.2812055,41.0098714],[68.2795198,41.0098974],[68.2781611,41.010149],[68.2740613,41.0114979],[68.2721943,41.0117853],[68.2675201,41.0120522],[68.2662924,41.0120795],[68.2635702,41.0114443],[68.262069,41.0113381],[68.2610536,41.0113588],[68.2597195,41.0119195],[68.258564,41.0128267],[68.258193,41.0135507],[68.2579367,41.014477],[68.2583582,41.0154489],[68.2585867,41.0163258],[68.2587404,41.017717],[68.2597764,41.0197385],[68.2600737,41.0203144],[68.2619776,41.0218979],[68.2621441,41.0222272],[68.262143,41.0227481],[68.2619482,41.0232293],[68.2615105,41.023929],[68.260878,41.0244687],[68.2598557,41.0259709],[68.2590815,41.0274251],[68.2588405,41.028262],[68.2588444,41.0289493],[68.2589149,41.0298192],[68.2588173,41.0303792],[68.2584243,41.0312673],[68.2578649,41.0317464],[68.2572206,41.0319578],[68.2565485,41.0320435],[68.2555441,41.0319654],[68.2541567,41.0315702],[68.2520545,41.0304556],[68.2497928,41.0293399],[68.2488186,41.0291093],[68.2474274,41.0289193],[68.246211,41.0289528],[68.2455363,41.0291413],[68.2447402,41.0295448],[68.2438507,41.0299693],[68.2420937,41.0315386],[68.2412806,41.0318441],[68.2404488,41.0319805],[68.2370479,41.0321195],[68.2355424,41.0323069],[68.2330445,41.0325907],[68.2314209,41.0328923],[68.2304865,41.0333423],[68.227983,41.0353844],[68.2257784,41.036715],[68.2251616,41.037172],[68.2247526,41.0377301],[68.2245117,41.0383163],[68.2241009,41.0396814],[68.2240923,41.0402571],[68.2241959,41.0407201],[68.2245117,41.0415641],[68.2249676,41.0422461],[68.225383,41.0425187],[68.22606,41.0427537],[68.2266338,41.0426919],[68.2270208,41.0425314],[68.2280806,41.0420965],[68.2286534,41.0423322],[68.2287756,41.0428269],[68.2282787,41.0435359],[68.2274782,41.0441285],[68.2261103,41.0444851],[68.2246135,41.0444534],[68.2160411,41.0429171],[68.2115942,41.0425947],[68.2089523,41.0428866],[68.2077266,41.0428872],[68.2051165,41.0419937],[68.2019056,41.0411974],[68.1993247,41.0410126],[68.1974841,41.0413215],[68.1958366,41.0422778],[68.1939029,41.0438046],[68.1912714,41.0449866],[68.1899702,41.0465569],[68.1890215,41.0473248],[68.188502,41.047866],[68.1883473,41.0484963],[68.1882355,41.0496445],[68.1875077,41.0515686],[68.186694,41.0529587],[68.1863146,41.0539238],[68.1856896,41.0543074],[68.1824159,41.0544264],[68.1793997,41.0553545],[68.1755317,41.0561542],[68.1729603,41.0565595],[68.170043,41.0567609],[68.1684663,41.0564571],[68.1672758,41.0560885],[68.1657479,41.0546182],[68.1651641,41.0537627],[68.1639695,41.0515572],[68.1627561,41.050482],[68.1612054,41.0492479],[68.1594321,41.047681],[68.1581172,41.0469099],[68.1568177,41.0466298],[68.1522035,41.0459312],[68.1517734,41.0460578],[68.1513426,41.0462464],[68.1507813,41.0468987],[68.1494257,41.0469625],[68.1468834,41.0471326],[68.1426673,41.0477558],[68.141402,41.0480636],[68.1390419,41.0490109],[68.1376902,41.0498127],[68.1369582,41.0504606],[68.1365266,41.0512218],[68.1361899,41.0527682],[68.1360677,41.0545413],[68.1365741,41.0599917],[68.1369346,41.0608077],[68.1376727,41.0617011],[68.139355,41.0628696],[68.1391562,41.0633403],[68.1374124,41.0634875],[68.1337961,41.0640407],[68.1238599,41.0670723],[68.1235248,41.0675563],[68.1236055,41.068179],[68.1247805,41.0704843],[68.1251136,41.0719563],[68.1250501,41.0731857],[68.1243653,41.0742209],[68.1234247,41.0748032],[68.1222732,41.0749973],[68.1213435,41.074609],[68.120321,41.0730881],[68.119681,41.072635],[68.1165304,41.0716318],[68.1131627,41.0702185],[68.112564,41.0702441],[68.1112122,41.0707456],[68.1096458,41.0710206],[68.1060623,41.069872],[68.1053757,41.0694514],[68.1049251,41.0689338],[68.1042813,41.068772],[68.103466,41.0689985],[68.0998182,41.0710691],[68.0998825,41.0717162],[68.1002258,41.0721691],[68.1010198,41.0725089],[68.1020927,41.0726544],[68.1034874,41.0731074],[68.1042384,41.0739324],[68.1053971,41.0746603],[68.1062125,41.0753397],[68.1063413,41.0761485],[68.1061267,41.0766014],[68.1056332,41.0768602],[68.1043457,41.0770543],[68.099389,41.0768117],[68.0975007,41.0765367],[68.0950975,41.0753397],[68.094046,41.0750647],[68.0932736,41.0749838],[68.0921792,41.0751456],[68.0911278,41.0755014],[68.0903339,41.0761323],[68.090012,41.0766337],[68.090012,41.077216],[68.0903124,41.077766],[68.091042,41.0784292],[68.0913853,41.078963],[68.0917072,41.0800305],[68.0915999,41.0808392],[68.0908918,41.082489],[68.0902909,41.0831683],[68.0897116,41.0834432],[68.0888962,41.0836697],[68.0835103,41.0836212],[68.0821156,41.0837667],[68.0816864,41.083977],[68.08115,41.084349],[68.0805492,41.0851091],[68.0799269,41.0855943],[68.0789828,41.0858854],[68.0776953,41.0859663],[68.0767082,41.0858207],[68.0725884,41.0841549],[68.0717944,41.083977],[68.0686831,41.0837344],[68.0660009,41.083233],[68.065443,41.0828448],[68.0654215,41.082489],[68.0656575,41.0817935],[68.0661511,41.0813891],[68.0688333,41.0793673],[68.0676746,41.0784292],[68.0661404,41.0764477],[68.0629431,41.0721691],[68.0618381,41.0690713],[68.0614518,41.0682786],[68.0609368,41.0675425],[68.060261,41.0666608],[68.0597835,41.0658155],[68.0595313,41.0652371],[68.0575304,41.0592101],[68.0553042,41.0530456],[68.0550574,41.0522204],[68.0541348,41.0481102],[68.054006,41.0476652],[68.0510878,41.0427697],[68.0507874,41.0424784],[68.0505835,41.0423894],[68.0483948,41.0420982],[68.0480612,41.0420879],[68.0479358,41.0419526],[68.0480533,41.041141],[68.0513346,41.0416507],[68.0515206,41.0417036],[68.0516731,41.0418405],[68.0550157,41.0476746],[68.05515,41.048034],[68.0558626,41.0518006],[68.0559697,41.052234],[68.0566216,41.0540313],[68.0587766,41.0601301],[68.0590042,41.060675],[68.0604272,41.0646143],[68.0606741,41.0653031],[68.060893,41.0656783],[68.0628305,41.0684054],[68.0639046,41.0719257],[68.0683097,41.077792],[68.0701832,41.0792967],[68.0713468,41.0800842],[68.0738554,41.0805479],[68.0800587,41.0815598],[68.0804193,41.0815395],[68.084933,41.0803234],[68.0851257,41.0802215],[68.0883135,41.0750014],[68.0884853,41.0748515],[68.0956868,41.0708751],[68.1009642,41.0680041],[68.1012845,41.0678396],[68.1052412,41.0665049],[68.105585,41.0664079],[68.1059102,41.0663955],[68.1101932,41.0668366],[68.112236,41.0669343],[68.1123261,41.0668347],[68.1133026,41.0627528],[68.1132764,41.0625359],[68.1125019,41.061141],[68.1124616,41.0609501],[68.1125147,41.0607451],[68.1135764,41.0579132],[68.1137369,41.0573715],[68.1136358,41.0572804],[68.1145075,41.0547714],[68.1146719,41.0543541],[68.1185612,41.0473671],[68.1187576,41.0470141],[68.1189363,41.0468722],[68.12442,41.0453707],[68.1260899,41.04494],[68.1268351,41.0445728],[68.1266854,41.0441583],[68.1264879,41.0409786],[68.126497,41.0408466],[68.1274869,41.0384463],[68.1269646,41.0323068],[68.1140757,41.035055],[68.1135736,41.0352273],[68.1133967,41.0352927],[68.1107515,41.0362715],[68.1106679,41.0362753],[68.1106144,41.0362084],[68.1104885,41.0360492],[68.1087045,41.0343739],[68.1084881,41.0342655],[68.100749,41.032901],[68.0903507,41.0311021],[68.0885786,41.0307818],[68.088369,41.0307134],[68.0852988,41.0285588],[68.0829435,41.0269058],[68.0825159,41.0266421],[68.0821298,41.0263654],[68.0815883,41.0263264],[68.0813457,41.0262593],[68.0811313,41.0261603],[68.0806175,41.025812],[68.0799298,41.0253459],[68.0775673,41.0237445],[68.0724981,41.0203082],[68.0717852,41.0198962],[68.0554949,41.009158],[68.0575273,41.005934],[68.0574675,41.0057689],[68.0576232,41.0057531],[68.0578909,41.0057938],[68.066281,41.0076547],[68.0679812,41.0080318],[68.0682371,41.0080315],[68.0685117,41.0079466],[68.0741636,41.0053221],[68.0822754,41.00131],[68.082804,40.9993346],[68.083659,40.9978647],[68.0836548,40.9977483],[68.0835808,40.9976635],[68.0834162,40.9975725],[68.0811595,40.9959801],[68.0801391,40.9953752],[68.0787678,40.9946932],[68.0786855,40.9945611],[68.0783653,40.994179],[68.0739917,40.9861296],[68.0740507,40.9860617],[68.0879438,40.970089],[68.0843864,40.9661112],[68.0842951,40.965949],[68.0842058,40.9655342],[68.0838031,40.9645816],[68.0838114,40.9644471],[68.0841421,40.9636152],[68.0818216,40.9629211],[68.0756904,40.9605695],[68.0821037,40.9529451],[68.0751656,40.9496408],[68.0750588,40.9496378],[68.0716737,40.9533171],[68.0715542,40.9533195],[68.0699964,40.9525316],[68.0664397,40.9504668],[68.0644602,40.9485511],[68.0642495,40.9469043],[68.0641355,40.946587],[68.0637184,40.9460391],[68.0633349,40.9457367],[68.0631195,40.9456178],[68.0719857,40.9440589],[68.0841819,40.9418051],[68.0907536,40.9418808],[68.0910646,40.9419187],[68.0913757,40.9419848],[68.0963611,40.9363417],[68.0962314,40.9362746],[68.0958776,40.9361653],[68.0956109,40.9359679],[68.092033,40.9306267],[68.0886793,40.9256102],[68.0865219,40.9249244],[68.0815121,40.923332],[68.0814245,40.9233219],[68.0810798,40.9232822],[68.0804794,40.9232959],[68.0731381,40.9246573],[68.0724692,40.9167626],[68.0722507,40.91671],[68.0719387,40.9165656],[68.0638428,40.9147665],[68.0594007,40.9136808],[68.0547383,40.9126813],[68.0545018,40.9125991],[68.0543028,40.9125027],[68.0528865,40.9114136],[68.0499607,40.9090237],[68.0496078,40.9088224],[68.0492643,40.90872],[68.0485211,40.9086139],[68.0401794,40.907698],[68.0399449,40.907608],[68.0343231,40.9037167],[68.0341558,40.9034962],[68.0331891,40.9011034],[68.033011,40.9009854],[68.0294942,40.9002698],[68.0286299,40.9001473],[68.0284265,40.9000335],[68.0274001,40.8987694],[68.0272144,40.8986208],[68.0125659,40.8905655],[68.0124154,40.8903566],[68.0120968,40.8896959],[68.0068874,40.8857018],[68.0068325,40.8855794],[68.0068523,40.8854006],[68.0078465,40.8832052],[68.0086661,40.8803174],[68.0073382,40.8703733],[68.006935,40.8667433],[68.0061945,40.8620036],[68.0061202,40.8606968],[68.002743,40.8601703],[68.002562,40.8602299],[68.0022689,40.8605297],[68.0020002,40.8606772],[68.0013575,40.8607497],[68.000967,40.8607233],[68.0006342,40.8605857],[68.0003796,40.8604377],[67.9992525,40.860051],[67.9990407,40.8600176],[67.9968214,40.8600954],[67.9966475,40.860152],[67.9961583,40.8604332],[67.9958196,40.8605095],[67.9947898,40.8604444],[67.9945607,40.860385],[67.9934764,40.85994],[67.9928416,40.8595391],[67.9921529,40.8591349],[67.9923048,40.8589002],[67.9922508,40.8586874],[67.9911513,40.8592299],[67.9903695,40.8595181],[67.9894595,40.8599108],[67.9889285,40.8600462],[67.9881655,40.8603596],[67.9878418,40.860462],[67.9876395,40.8605362],[67.9851989,40.8607707],[67.9842218,40.8609725],[67.9839651,40.8609291],[67.9834444,40.8610062],[67.9830346,40.8609883],[67.9826616,40.8610288],[67.9820925,40.8610481],[67.9815561,40.8612008],[67.9812412,40.8611924],[67.9807209,40.861297],[67.9802988,40.8612741],[67.9800318,40.8613332],[67.9796928,40.8612709],[67.979159,40.8613175],[67.9786119,40.8613055],[67.9782356,40.8613207],[67.977775,40.8613386],[67.9775198,40.8613],[67.9772149,40.8613217],[67.9769019,40.8612724],[67.9763872,40.8612937],[67.9760874,40.8613785],[67.9756466,40.8613999],[67.974869,40.861388],[67.9745863,40.8613267],[67.9739591,40.8609925],[67.9737482,40.8614328],[67.9734345,40.8617178],[67.9731122,40.8618276],[67.9727715,40.8619193],[67.9724281,40.8537618],[67.9723884,40.8535913],[67.9715346,40.8516696],[67.9715054,40.8514074],[67.9715485,40.8512512],[67.9717108,40.8509743],[67.9750515,40.8473744],[67.9752185,40.8470545],[67.9770096,40.8450574],[67.9771238,40.8449713],[67.9772619,40.8449217],[67.9782859,40.8446683],[67.9805188,40.8437239],[67.9816348,40.8405302],[67.9815617,40.8403987],[67.9800021,40.8384465],[67.9796867,40.8381496],[67.9794878,40.8380028],[67.9771674,40.8374555],[67.9765067,40.8360623],[67.976318,40.8355782],[67.9759062,40.8338471],[67.9758912,40.8333398],[67.9761122,40.8327674],[67.9764181,40.8322516],[67.9768955,40.8317683],[67.9775175,40.8312486],[67.9783286,40.8306889],[67.9818956,40.8282273],[67.9852219,40.8260672],[67.9892883,40.8232011],[67.9952298,40.8192478],[68.001638,40.8149594],[68.007561,40.8108504],[68.0089513,40.8100414],[68.0108995,40.8087451],[68.015785,40.805515],[68.0233756,40.8008144],[68.0242093,40.8005432],[68.0339918,40.7984028],[68.0396527,40.7971642],[68.0410668,40.796802],[68.0434302,40.7963959],[68.0460484,40.7957968],[68.0502897,40.794882],[68.0521696,40.7945639],[68.055856,40.7937726],[68.0604202,40.7930669],[68.0640102,40.7922218],[68.0660034,40.7918422],[68.0676286,40.7914625],[68.0716908,40.7907262],[68.0733359,40.7906284],[68.0745374,40.7903378],[68.0753149,40.7900838],[68.0759617,40.7897307],[68.0772178,40.7888549],[68.0795346,40.7870688],[68.0812723,40.7855089],[68.0824771,40.7847982],[68.0831963,40.7841291],[68.0840084,40.7835745],[68.0859983,40.7818302],[68.0879597,40.7804984],[68.0899022,40.7788268],[68.0950008,40.7749651],[68.0951591,40.77483],[68.0967823,40.7734444],[68.101951,40.769571],[68.1020686,40.7694768],[68.1089,40.7640038],[68.1111416,40.7623365],[68.1116368,40.7619376],[68.1147315,40.7594451],[68.1172032,40.7576254],[68.1184655,40.7565299],[68.1193011,40.755846],[68.1198211,40.7554203],[68.1208813,40.7547448],[68.1220349,40.7536943],[68.1230157,40.7530649],[68.1252202,40.7511978],[68.1280789,40.7491333],[68.1283135,40.7489385],[68.130359,40.7472402],[68.1312261,40.7466671],[68.1343478,40.7441235],[68.1372717,40.7418801],[68.1412766,40.7388071],[68.144935,40.7359175],[68.1586668,40.7250702],[68.1612977,40.7234661],[68.1653895,40.7209296],[68.1671463,40.7195964],[68.1700922,40.7179463],[68.1719189,40.7166331],[68.1775963,40.7130914],[68.1834404,40.7093592],[68.1844471,40.7087525],[68.186135,40.7077352],[68.1914074,40.7042704],[68.1928593,40.7033754],[68.1985806,40.6998487],[68.1997652,40.699007],[68.2016163,40.6977889],[68.2072991,40.694104],[68.2075493,40.6939418],[68.2102729,40.692337],[68.2143788,40.6896557],[68.2153539,40.6890472],[68.2173901,40.6877089],[68.2180718,40.6873977],[68.2243046,40.685043],[68.2249135,40.684813],[68.2276945,40.6837659],[68.234361,40.6811889],[68.234629,40.6814935],[68.2348021,40.6816901],[68.2362223,40.6833039],[68.2435387,40.6895963],[68.2437357,40.6897657],[68.2459614,40.6916798],[68.2460559,40.691761],[68.2514724,40.6964196],[68.2602454,40.7039644],[68.2604103,40.7040253],[68.2605548,40.7040786],[68.2606945,40.7041142],[68.2609308,40.7042085],[68.261111,40.7043453],[68.2686089,40.7107742],[68.2687363,40.710845],[68.2688027,40.7110128],[68.2745657,40.716174],[68.2746925,40.7162019],[68.274811,40.716228],[68.2749562,40.71626],[68.2810486,40.7214823],[68.2811687,40.7215735],[68.2812563,40.7216283],[68.2813069,40.7217098],[68.2873984,40.726899],[68.2861599,40.7278356],[68.2895555,40.7303607],[68.2897886,40.730201],[68.2944799,40.734115],[68.2945364,40.7340668],[68.2945918,40.7340195],[68.2951652,40.7335208],[68.2952262,40.7335732],[68.2960949,40.7343191],[68.2961452,40.7343623],[68.2962007,40.7344094],[68.3005666,40.7381149],[68.3005917,40.7381361],[68.3040339,40.7410575],[68.3040815,40.7412803],[68.3040994,40.741364],[68.3041408,40.7415574],[68.3042683,40.7415442],[68.3087923,40.7410774],[68.3130734,40.7406356],[68.3175317,40.7397389],[68.3178391,40.7397513],[68.3185142,40.7400249],[68.3186105,40.7400619],[68.3186737,40.7400892],[68.3189302,40.7402055],[68.3338224,40.746957],[68.3352229,40.7475919],[68.34032,40.7499026],[68.3519049,40.7550168],[68.3577845,40.7576122],[68.3642757,40.7604775],[68.3647495,40.7607705],[68.3651517,40.7606332],[68.3654621,40.7609545],[68.365488,40.7609805],[68.3655865,40.7610567],[68.3664172,40.7618392],[68.3725939,40.7676565],[68.3727513,40.7678048],[68.3820582,40.7769391],[68.389066,40.783816],[68.3938748,40.7884905],[68.3948216,40.7895017],[68.3978393,40.7924744],[68.401318,40.7959011],[68.4018878,40.7962942],[68.4029993,40.7968712],[68.4030488,40.7969258],[68.4030929,40.797021],[68.4030918,40.7971023],[68.403037,40.7971836],[68.4029398,40.7973016],[68.402914,40.7974144],[68.4029364,40.7974582],[68.4030035,40.7974655],[68.4030705,40.7975378],[68.4031472,40.7976707],[68.4036602,40.7981861],[68.4054328,40.799967],[68.4125977,40.8070168],[68.4201082,40.8144063],[68.4202236,40.8145942],[68.4202776,40.8147804],[68.4203,40.8148579],[68.4203577,40.8158991],[68.4203464,40.816298],[68.4204261,40.8200867],[68.4205168,40.8214687],[68.4204781,40.8218063],[68.4195457,40.8233977],[68.4162551,40.8290136],[68.4160762,40.8292322],[68.4160503,40.8294113],[68.4161084,40.8296257],[68.4162941,40.8298409],[68.4174697,40.8312434],[68.4178893,40.8317163],[68.4179475,40.8317819],[68.4181171,40.8318538],[68.4202728,40.831794],[68.4317425,40.8316706],[68.43192,40.8316707],[68.4327249,40.8316712],[68.439845,40.8315973],[68.4433972,40.8315376],[68.4440567,40.8315527],[68.4446228,40.8316102],[68.4454374,40.8317677],[68.4510373,40.8334438],[68.4532613,40.8341242],[68.4537532,40.8342747],[68.4586359,40.8357841],[68.4625783,40.8368825],[68.4628901,40.8371054],[68.4574014,40.8431275],[68.454866,40.845909],[68.4547796,40.8460576],[68.455078,40.8529133],[68.4550436,40.853135],[68.4538901,40.8545551],[68.4536892,40.854739],[68.4496899,40.8571692],[68.4493612,40.8573318],[68.4490025,40.857592],[68.4488694,40.8577852],[68.4489009,40.8604072],[68.4491005,40.8631282],[68.4492818,40.8661161],[68.4492109,40.8664552],[68.4470543,40.8720778],[68.4469926,40.872356],[68.4436223,40.8707169],[68.4384381,40.8681231],[68.4383421,40.8680751],[68.4375757,40.8697436],[68.4354912,40.8742812],[68.4352862,40.8743219],[68.435176,40.8743438],[68.4348222,40.8743751],[68.4344124,40.8743076],[68.4256836,40.869883],[68.4222253,40.8762839],[68.4185585,40.8830702],[68.4151051,40.8894607],[68.4167511,40.8903875],[68.4257372,40.8952851],[68.4335535,40.899594],[68.4368632,40.9013745],[68.4372223,40.9015142],[68.4406213,40.9028365],[68.4415213,40.9030843],[68.441451,40.9033968],[68.4413891,40.9035762],[68.4414129,40.9036975],[68.4410204,40.9039061],[68.4409006,40.903848],[68.440717,40.9038165],[68.4382163,40.904093],[68.4381627,40.9041719],[68.4381491,40.9054734],[68.4381079,40.9094052],[68.4381139,40.9099151],[68.4381492,40.9129348],[68.4378812,40.9130275],[68.4377999,40.9131273],[68.4378803,40.9132563],[68.4378729,40.9161963],[68.4379278,40.9163228],[68.4446244,40.9162008],[68.454076,40.9161932],[68.4546299,40.9160605],[68.4560901,40.9174432],[68.4568462,40.918221],[68.4568856,40.9182616],[68.4572285,40.9184747],[68.4599694,40.9208797],[68.4600408,40.9210222],[68.4599628,40.9220656],[68.4598342,40.9246002],[68.4598034,40.9251827],[68.4597259,40.9276706],[68.4595827,40.9289824],[68.4594403,40.9322213],[68.4592679,40.9350034],[68.4590725,40.9381578],[68.4590521,40.9384866],[68.459028,40.9388758],[68.4587811,40.9428605],[68.4586834,40.9431505],[68.4569751,40.9457525],[68.4561405,40.9472862],[68.4547502,40.949358],[68.4543633,40.9500483],[68.4538269,40.950936],[68.4520925,40.9537262],[68.4519618,40.9539366],[68.4517872,40.9542235],[68.4516309,40.9544805],[68.4515962,40.9546608],[68.4516455,40.956414],[68.4515881,40.9565583],[68.4511197,40.9568568],[68.4503898,40.9572117],[68.4497989,40.9576241],[68.4494007,40.9578726],[68.4493417,40.9580392],[68.4494056,40.9583411],[68.4493668,40.9584597],[68.4389223,41.0177401]]]}},{"type":"Feature","properties":{"osmId":"relation/5496171","name":"Казыгуртский район"},"geometry":{"type":"MultiLineString","coordinates":[[[69.3601819,41.6007392],[69.360268,41.6007437],[69.3615847,41.6011365],[69.363789,41.6014507],[69.3701488,41.6022656],[69.3716644,41.6024849],[69.3726945,41.6026416],[69.373833,41.6029455],[69.3746637,41.6032032],[69.3757979,41.6037076],[69.3791378,41.6056551],[69.3804501,41.6064148],[69.3811511,41.6067295],[69.3818832,41.6070037],[69.3826772,41.6071789],[69.3835334,41.6073183],[69.3845284,41.6073602],[69.3991604,41.6069552],[69.402845,41.6068856],[69.4037564,41.6068271],[69.4045723,41.6066103],[69.4065825,41.6068147],[69.4084357,41.6065895],[69.4104226,41.6060067],[69.4190397,41.6066825],[69.4207297,41.6067419],[69.4241844,41.6064232],[69.4261271,41.6065253],[69.4298397,41.6070289],[69.4356153,41.6061603],[69.438131,41.6054089],[69.4384611,41.6054149],[69.4405392,41.6068645],[69.440711,41.6049982],[69.4398227,41.6000094],[69.4385254,41.5991325],[69.4336443,41.5966003],[69.4299103,41.5947041],[69.4323166,41.5608708],[69.433479,41.5611853],[69.4342075,41.561395],[69.4345531,41.5614998],[69.4350201,41.5616745],[69.4354217,41.5618632],[69.437187,41.5628067],[69.437738,41.5630582],[69.4388682,41.5635265],[69.4398395,41.5638899],[69.440512,41.5641904],[69.4423707,41.5650779],[69.4435382,41.5656788],[69.4441826,41.5660073],[69.4448551,41.5664336],[69.4455556,41.5669297],[69.4462561,41.5674189],[69.4479093,41.5687605],[69.4484603,41.5691519],[69.448862,41.5693894],[69.4492356,41.5695432],[69.4496932,41.5696689],[69.4501509,41.5697458],[69.4506085,41.5697877],[69.4516359,41.5697947],[69.4546808,41.569648],[69.4547196,41.5697784],[69.4547375,41.5698383],[69.4548662,41.5700791],[69.4550593,41.5702556],[69.4554325,41.5703841],[69.4568618,41.5721178],[69.457527,41.5729205],[69.4578959,41.5733873],[69.4581922,41.5737231],[69.4583853,41.5738515],[69.4620331,41.5738435],[69.4622477,41.5737391],[69.4626768,41.5729526],[69.4630952,41.573073],[69.4646992,41.5729887],[69.4649299,41.572776],[69.4653613,41.5715684],[69.4659373,41.5701433],[69.4667371,41.5700861],[69.4671239,41.5698543],[69.4673438,41.5695814],[69.4680841,41.5689393],[69.4684489,41.5682971],[69.4686494,41.5680262],[69.470702,41.5681045],[69.4747146,41.5678155],[69.4749653,41.5677952],[69.475679,41.5686796],[69.4752357,41.5689244],[69.4758137,41.5696268],[69.4759221,41.5699311],[69.475995,41.5703139],[69.4761809,41.5704843],[69.476909,41.570856],[69.4773288,41.5711578],[69.4775857,41.5711703],[69.4786831,41.5709731],[69.4796452,41.5709422],[69.483017,41.5705658],[69.486218,41.574865],[69.4893058,41.5740602],[69.4864948,41.5702556],[69.4892631,41.5699206],[69.4865451,41.5669564],[69.4871617,41.5670024],[69.4885262,41.5668423],[69.4892835,41.5668778],[69.4901444,41.5667254],[69.4904652,41.5666929],[69.4918913,41.5667608],[69.4940036,41.566661],[69.4946775,41.5665612],[69.4965239,41.5664275],[69.4968374,41.5664649],[69.4971774,41.5664761],[69.4975921,41.5665851],[69.4981178,41.5664015],[69.4983809,41.5663775],[69.498644,41.5664094],[69.4988527,41.5663614],[69.4993439,41.5662546],[69.4997791,41.5662457],[69.4970111,41.5641549],[69.4966827,41.5639725],[69.4963628,41.5638308],[69.4957146,41.5635438],[69.494656,41.5630217],[69.493778,41.5625888],[69.4934722,41.562147],[69.4942662,41.5613924],[69.4949192,41.5612667],[69.495853,41.5606551],[69.496514,41.5610695],[69.4970369,41.5611275],[69.4980037,41.5602097],[69.5004159,41.5579885],[69.5123335,41.5580206],[69.5252971,41.5776306],[69.525935,41.5776428],[69.5266163,41.5776931],[69.5271718,41.5776483],[69.5279141,41.5777713],[69.5285948,41.5777568],[69.5289486,41.5776865],[69.5293815,41.5774956],[69.5295512,41.577519],[69.5299163,41.5776565],[69.5304028,41.5776262],[69.5306935,41.5777235],[69.5309229,41.5777441],[69.531199,41.5779325],[69.5319939,41.5781518],[69.5322419,41.5781218],[69.532658,41.5783293],[69.5335592,41.5783625],[69.5337312,41.5784236],[69.5341741,41.5783589],[69.5343989,41.578483],[69.5347406,41.5784998],[69.5350065,41.5785161],[69.5352416,41.57864],[69.5354764,41.5786799],[69.5358154,41.5786073],[69.5363967,41.5785768],[69.5365318,41.5786822],[69.5368512,41.5785557],[69.5370767,41.5784807],[69.5372395,41.5783964],[69.5373147,41.5783917],[69.5376591,41.5785322],[69.538841,41.581512],[69.53759,41.584594],[69.538887,41.588661],[69.540573,41.589958],[69.549797,41.591781],[69.551025,41.595237],[69.552757,41.596317],[69.554763,41.597217],[69.55706,41.596969],[69.559661,41.599453],[69.560173,41.603553],[69.561943,41.604049],[69.563911,41.606258],[69.565948,41.611717],[69.565345,41.613349],[69.565856,41.614734],[69.571563,41.61716],[69.575614,41.625484],[69.575683,41.627975],[69.576469,41.629512],[69.5832229,41.6342219],[69.5914444,41.6406874],[69.5970863,41.6424714],[69.5981797,41.6431547],[69.6049405,41.6463513],[69.6075291,41.6484053],[69.6105615,41.6519554],[69.611335,41.6553058],[69.6140566,41.6582169],[69.6165536,41.6625774],[69.6168953,41.6628183],[69.6179105,41.6633394],[69.6212041,41.6634828],[69.630284,41.6634037],[69.6338517,41.664942],[69.6365779,41.6663196],[69.6415042,41.6685254],[69.6438296,41.6691573],[69.6493967,41.6703651],[69.651886,41.669322],[69.65364,41.669197],[69.655014,41.668525],[69.65863,41.669895],[69.663963,41.669879],[69.664947,41.670471],[69.665657,41.670463],[69.668525,41.668655],[69.669776,41.669666],[69.671913,41.669849],[69.67308,41.670902],[69.6735,41.672016],[69.675582,41.674304],[69.679519,41.676982],[69.68116,41.677486],[69.682403,41.677471],[69.6899153,41.6738429],[69.6912126,41.6751778],[69.6954453,41.6748126],[69.697508,41.6740018],[69.705359,41.6780702],[69.707969,41.67818],[69.710296,41.676876],[69.712944,41.676876],[69.715408,41.678276],[69.715316,41.683471],[69.7168247,41.6852737],[69.7176136,41.6862163],[69.7196398,41.6859523],[69.7206192,41.6858247],[69.722572,41.686302],[69.7251434,41.6879261],[69.7256215,41.6896078],[69.7270584,41.6929244],[69.7286822,41.6935621],[69.7309354,41.694447],[69.7373046,41.6985886],[69.7414153,41.6986041],[69.7433205,41.699104],[69.7456168,41.7008277],[69.7474442,41.7000951],[69.7491166,41.6998805],[69.751106,41.699256],[69.7548265,41.6991246],[69.755828,41.698631],[69.7573521,41.6979407],[69.758842,41.697029],[69.7609352,41.696596],[69.7618617,41.6968307],[69.7623817,41.6981468],[69.764869,41.699337],[69.7663435,41.6996013],[69.7705448,41.6985507],[69.7725185,41.6969263],[69.7731144,41.6965572],[69.7739321,41.6965329],[69.7743079,41.6967049],[69.7746681,41.6973256],[69.7759734,41.6980822],[69.7774278,41.6987377],[69.7789281,41.6982741],[69.7801493,41.6984883],[69.7812179,41.699408],[69.7820714,41.7001282],[69.782707,41.700233],[69.7860354,41.7000365],[69.7881886,41.7008454],[69.7882443,41.7011366],[69.7910587,41.7019229],[69.7923161,41.7028225],[69.7921644,41.7036167],[69.7921672,41.704576],[69.7974742,41.7073453],[69.7994121,41.7079312],[69.804252,41.709053],[69.808086,41.7090228],[69.8112306,41.7081615],[69.8128663,41.7081864],[69.8130483,41.709322],[69.8150131,41.7105689],[69.816101,41.71099],[69.8176009,41.7118193],[69.8185821,41.7118828],[69.8195554,41.7115231],[69.8201742,41.7117688],[69.821238,41.7117569],[69.8213885,41.7122376],[69.8220492,41.7132199],[69.822707,41.7135787],[69.8236218,41.7136191],[69.8239897,41.7136348],[69.8249817,41.7142601],[69.8266559,41.7141632],[69.8272203,41.7147172],[69.8291072,41.7157565],[69.8292046,41.716213],[69.8300347,41.7164432],[69.8323506,41.7179816],[69.8336121,41.7184563],[69.8341383,41.7185964],[69.8351212,41.7188582],[69.8376548,41.719533],[69.8391215,41.7204589],[69.8405504,41.7203392],[69.8425675,41.7197094],[69.8444391,41.7199628],[69.8447096,41.7200026],[69.8451397,41.7206866],[69.8460558,41.7206044],[69.8478869,41.7204401],[69.8493826,41.7199054],[69.8510753,41.7191186],[69.8537212,41.7186141],[69.858848,41.71733],[69.861572,41.713775],[69.8620469,41.7134958],[69.8621347,41.7134531],[69.8622673,41.7134927],[69.8624795,41.7133374],[69.8632663,41.7128348],[69.8639718,41.7120489],[69.8640757,41.7118464],[69.8643181,41.7117128],[69.8650652,41.7114146],[69.8659054,41.7107929],[69.8660699,41.7106938],[69.8662921,41.7107627],[69.8665346,41.7107088],[69.8672359,41.7105236],[69.869682,41.709468],[69.8699915,41.7094878],[69.874275,41.709762],[69.875747,41.709331],[69.87754,41.708015],[69.881111,41.706676],[69.882286,41.706604],[69.885856,41.707641],[69.887664,41.707622],[69.8884152,41.7077397],[69.88961,41.707927],[69.8912517,41.7077054],[69.891466,41.7075582],[69.8918932,41.7075367],[69.8926666,41.7072135],[69.894317,41.70676],[69.895118,41.706985],[69.895317,41.707473],[69.895286,41.708393],[69.895683,41.708911],[69.8963661,41.7090772],[69.89685,41.7089576],[69.897306,41.7087664],[69.8982676,41.7087009],[69.8984977,41.7087999],[69.8987191,41.7087968],[69.8991232,41.7089282],[69.8993725,41.7088034],[69.8998216,41.7088328],[69.900077,41.709007],[69.9004927,41.7090571],[69.9008907,41.7090705],[69.901405,41.7090644],[69.9017542,41.7093755],[69.9020055,41.7097539],[69.902351,41.709919],[69.902729,41.7099333],[69.9029188,41.7099029],[69.9030841,41.7100034],[69.9032453,41.7099714],[69.9033657,41.7100308],[69.9036575,41.7100354],[69.9037545,41.7101126],[69.9044427,41.7107403],[69.9046447,41.7109703],[69.9046962,41.7111599],[69.9049289,41.7112909],[69.9051549,41.7113433],[69.9055941,41.7116291],[69.9061288,41.7118484],[69.9064839,41.7119033],[69.9067865,41.7120973],[69.9069012,41.7124049],[69.907116,41.7125849],[69.9074727,41.7126876],[69.9079861,41.7127776],[69.9082764,41.7127087],[69.9091751,41.7127515],[69.909409,41.7127958],[69.90954,41.7129542],[69.9096792,41.7129567],[69.9097868,41.7128448],[69.9102318,41.7127318],[69.9103905,41.7127397],[69.9104951,41.7127352],[69.910712,41.7126007],[69.9107888,41.7125827],[69.9110722,41.7127302],[69.9113851,41.7128353],[69.9114407,41.7130898],[69.9117618,41.713159],[69.9118904,41.7133637],[69.9125396,41.713416],[69.9134315,41.7132568],[69.91355,41.713093],[69.9138683,41.7129978],[69.9144622,41.7129636],[69.9147518,41.7131056],[69.9155095,41.7130823],[69.9158269,41.7131599],[69.91616,41.713287],[69.9175419,41.7136868],[69.9179655,41.7140494],[69.9186273,41.7143769],[69.9192331,41.7145548],[69.9201083,41.715093],[69.9201798,41.7153039],[69.9208789,41.7155705],[69.9210241,41.715885],[69.9213184,41.7160577],[69.9216721,41.7160193],[69.922185,41.7158735],[69.9223536,41.7159894],[69.9224605,41.7161823],[69.9225931,41.716344],[69.9225915,41.7165065],[69.9225564,41.7168383],[69.9229431,41.7171693],[69.9227161,41.7172746],[69.922587,41.7173345],[69.9224578,41.7173943],[69.922026,41.717729],[69.9216583,41.718341],[69.9214902,41.7192326],[69.9216032,41.7200773],[69.9216115,41.720322],[69.9217407,41.7205325],[69.9222325,41.7212329],[69.9224471,41.722247],[69.921985,41.7235839],[69.9218358,41.7242217],[69.9219078,41.724602],[69.9221605,41.7247488],[69.9230898,41.7249391],[69.9240567,41.7252579],[69.9245833,41.7258295],[69.9247384,41.7265412],[69.9262005,41.7266309],[69.9285501,41.7262263],[69.9298749,41.7259091],[69.9311694,41.7261759],[69.9336308,41.7260981],[69.9355826,41.7256505],[69.937251,41.7253562],[69.9389889,41.7254606],[69.943214,41.7284122],[69.948051,41.729785],[69.9504083,41.7308225],[69.952125,41.731578],[69.9576833,41.7337735],[69.957626,41.735935],[69.9595416,41.7380544],[69.959602,41.738235],[69.9597636,41.7397913],[69.960335,41.7405119],[69.9606657,41.7415914],[69.960586,41.744384],[69.959838,41.746398],[69.958331,41.7481613],[69.958015,41.748531],[69.9577863,41.7491292],[69.957328,41.750328],[69.9574589,41.7505614],[69.9581072,41.7517174],[69.9599925,41.7537818],[69.9625582,41.7562715],[69.9667035,41.7561128],[69.9692204,41.7564076],[69.9718329,41.7564904],[69.9753266,41.7583639],[69.9754577,41.7608551],[69.97185,41.7640073],[69.9723838,41.7654957],[69.9723596,41.7668544],[69.9724112,41.7695887],[69.9726674,41.7703655],[69.9795065,41.7710502],[69.9796081,41.7723768],[69.9810712,41.7777255],[69.9820902,41.7789846],[69.9807822,41.7807866],[69.9843443,41.7828433],[69.9863451,41.7838779],[69.9895066,41.7852063],[69.9904088,41.7881723],[69.9942403,41.7872534],[69.9998773,41.7886742],[69.9982874,41.7939735],[69.9969291,41.7968331],[69.9984279,41.7984818],[69.9978305,41.7994447],[69.992466,41.8002885],[69.9952894,41.8039235],[69.9992135,41.8063872],[70.0034143,41.806383],[70.002358,41.8039316],[70.0039711,41.8016407],[70.0062925,41.8007046],[70.0132094,41.7967804],[70.0176584,41.7963726],[70.0192432,41.7970959],[70.021427,41.7958594],[70.02123,41.7930434],[70.0213473,41.7915878],[70.0227295,41.790007],[70.0213667,41.7881491],[70.0214371,41.7866618],[70.0213159,41.7851154],[70.0218664,41.7850156],[70.023071,41.784729],[70.026512,41.785461],[70.0283857,41.7848769],[70.034686,41.7810523],[70.035358,41.7778615],[70.0347732,41.7765258],[70.0362039,41.7761232],[70.038639,41.777642],[70.0425048,41.7757025],[70.0435566,41.7761263],[70.0443586,41.7771887],[70.0476811,41.7794791],[70.0498433,41.7795437],[70.0513585,41.7796739],[70.0514182,41.7801929],[70.050468,41.784194],[70.049887,41.7856771],[70.0493042,41.7883742],[70.0498044,41.7897882],[70.0511906,41.7924841],[70.0515464,41.7937817],[70.0518043,41.7972191],[70.0515025,41.7980752],[70.0509627,41.7993877],[70.0539336,41.8018413],[70.0552455,41.8033251],[70.055776,41.8037262],[70.0564351,41.8043075],[70.058631,41.804878],[70.0615089,41.8047546],[70.0633296,41.8046791],[70.0651678,41.8045986],[70.0678206,41.8047016],[70.0703885,41.8057548],[70.0732153,41.8074478],[70.0769293,41.8086692],[70.078416,41.8120121],[70.0799492,41.813162],[70.0802037,41.8133529],[70.0841021,41.8141884],[70.0856324,41.8167118],[70.0865875,41.8185967],[70.089485,41.8213349],[70.0910869,41.8213403],[70.0944192,41.8223118],[70.0951834,41.8257972],[70.0961403,41.8278912],[70.0979821,41.8304263],[70.0984482,41.8314261],[70.0994956,41.8337136],[70.1004043,41.8352104],[70.1027368,41.8373072],[70.104118,41.838108],[70.1065652,41.8382139],[70.1084551,41.8382323],[70.1102668,41.838195],[70.1118641,41.8379872],[70.1136134,41.8376283],[70.115608,41.8374368],[70.117626,41.837424],[70.1180431,41.8374564],[70.1185239,41.8377211],[70.1187032,41.8389365],[70.1202031,41.840566],[70.125935,41.8422619],[70.1274719,41.842651],[70.1327759,41.8438983],[70.1345691,41.844319],[70.1355193,41.8443457],[70.13737,41.8442354],[70.1384773,41.843945],[70.1391765,41.8432906],[70.1418969,41.842269],[70.1441785,41.8400248],[70.1456497,41.8386134],[70.1462713,41.8374699],[70.1467691,41.8371427],[70.1467559,41.8365785],[70.1481924,41.8375236],[70.1532136,41.839773],[70.1538371,41.8419979],[70.1548545,41.8431715],[70.1562153,41.844448],[70.1569548,41.8482076],[70.157722,41.8494606],[70.1601302,41.8495533],[70.1616478,41.8496011],[70.1631904,41.850104],[70.1658156,41.853219],[70.1688463,41.8552599],[70.1695923,41.8561358],[70.1700978,41.856129],[70.1710901,41.8555998],[70.1726039,41.8549238],[70.1741198,41.8548067],[70.175865,41.855308],[70.1773441,41.8567566],[70.18064,41.8598628],[70.183349,41.861923],[70.184532,41.864395],[70.1834945,41.8667924],[70.1833804,41.8673588],[70.1829358,41.8690169],[70.1828475,41.869346],[70.1817691,41.8706375],[70.1811237,41.8722528],[70.181938,41.8739378],[70.1819174,41.8755462],[70.1809963,41.8796266],[70.1811402,41.88054],[70.1812625,41.8813161],[70.1811115,41.883104],[70.1851207,41.8829842],[70.1869163,41.8839209],[70.1878544,41.8844683],[70.189122,41.8850723],[70.1917744,41.8858546],[70.194816,41.886402],[70.1970557,41.8872651],[70.195375,41.8895507],[70.1951324,41.8900503],[70.1949732,41.8903648],[70.194816,41.890876],[70.1954069,41.8943006],[70.1968159,41.8975177],[70.1989049,41.8997071],[70.1959798,41.9009121],[70.1950765,41.9018622],[70.195358,41.903148],[70.196479,41.904483],[70.1979977,41.9052901],[70.2006294,41.9047822],[70.2017712,41.9043807],[70.2029093,41.9040393],[70.2061537,41.9036955],[70.2078017,41.9033181],[70.2092668,41.9036857],[70.2120864,41.9056579],[70.2141592,41.907242],[70.214495,41.9084882],[70.2166968,41.9129532],[70.2204837,41.9132742],[70.2234655,41.9147076],[70.2254632,41.9162381],[70.2273849,41.9172346],[70.2285003,41.918688],[70.2284232,41.9211902],[70.2252751,41.9230437],[70.224708,41.923683],[70.223625,41.926452],[70.223518,41.928379],[70.2259466,41.9293941],[70.2276807,41.9307241],[70.2277893,41.9328655],[70.2280452,41.9346252],[70.2316202,41.9355123],[70.232933,41.936233],[70.2344983,41.9379665],[70.2397982,41.9394502],[70.2405663,41.9410364],[70.2409656,41.9429725],[70.2444991,41.9433296],[70.2460428,41.9436367],[70.2500705,41.945571],[70.2516123,41.9464261],[70.253494,41.948387],[70.2556698,41.9487883],[70.258979,41.9493126],[70.2594778,41.9500562],[70.2603312,41.9506873],[70.2602961,41.9524074],[70.2608293,41.9535309],[70.2614384,41.9543202],[70.2654668,41.9523936],[70.2666442,41.9522781],[70.2671723,41.9521991],[70.2680652,41.9520575],[70.2688454,41.9522317],[70.271308,41.953193],[70.27391,41.952903],[70.276718,41.954566],[70.279524,41.955013],[70.2812148,41.9567262],[70.284477,41.957489],[70.2859142,41.9575977],[70.28807,41.95787],[70.2883912,41.9581384],[70.289932,41.959426],[70.2910571,41.9624622],[70.2956207,41.9631],[70.2974173,41.963055],[70.2983705,41.9630311],[70.300904,41.9638581],[70.3028813,41.963973],[70.304924,41.964206],[70.306015,41.965698],[70.307792,41.966625],[70.3088657,41.9681755],[70.3114436,41.9683432],[70.314399,41.968502],[70.316146,41.967956],[70.317092,41.968093],[70.317665,41.969306],[70.318183,41.970443],[70.3208279,41.9700704],[70.325355,41.970142],[70.3280758,41.9707474],[70.3283301,41.9713177],[70.329078,41.972995],[70.3317354,41.9736503],[70.3352504,41.9747055],[70.3357967,41.9764159],[70.336242,41.977649],[70.335704,41.9805042],[70.335495,41.981555],[70.3365255,41.9831899],[70.336784,41.9836],[70.336853,41.98471],[70.334297,41.986904],[70.3341271,41.9874464],[70.3337981,41.9894215],[70.3324464,41.9921677],[70.330062,41.997066],[70.3301811,41.9989687],[70.3302483,41.9999932],[70.3306705,42.006382],[70.333039,42.0149697],[70.3327645,42.018194],[70.3320475,42.0194148],[70.3316088,42.0212573],[70.3312072,42.0220749],[70.3269869,42.0246091],[70.324409,42.026157],[70.3233045,42.0273536],[70.3232211,42.0301989],[70.3215823,42.0335743],[70.3212333,42.0339704],[70.3210616,42.0346239],[70.3204501,42.0354965],[70.3201711,42.0357515],[70.3197688,42.0362893],[70.3196471,42.0367939],[70.3200589,42.0373681],[70.3210017,42.0386829],[70.3242796,42.0462856],[70.3231278,42.0487989],[70.3200656,42.0504367],[70.3084045,42.0521727],[70.3074933,42.0706443],[70.2938492,42.1020161],[70.2647519,42.1018277],[70.2272017,42.1051842],[70.2030338,42.1108246],[70.1820467,42.1303371],[70.1730543,42.1190195],[70.1431485,42.1125907],[70.1402461,42.1129721],[70.1339203,42.1106631],[70.1298202,42.1076267],[70.1213566,42.0962997],[70.0927917,42.0954027],[70.0693365,42.071696],[70.0421558,42.0687732],[70.0244314,42.05606],[70.0163832,42.0319269],[70.05465,42.023794],[70.0453171,42.0128999],[70.0124994,41.9878664],[70.0044511,41.9937843],[69.999831,41.9936433],[69.9976191,41.9920761],[69.9966202,41.9903624],[69.9917787,41.9876846],[69.9883301,41.9886209],[69.9835072,41.9871212],[69.976007,41.9734057],[69.9756418,41.9693746],[69.9342648,41.9601093],[69.9219713,41.9625204],[69.9099023,41.9694255],[69.9104614,41.9628372],[69.9222962,41.9538585],[69.92507,41.9490435],[69.9230061,41.9458549],[69.9231697,41.9382045],[69.9216163,41.9274106],[69.9024116,41.9309456],[69.8972275,41.932398],[69.8906621,41.9317239],[69.8939826,41.9260774],[69.889633,41.9275617],[69.8840943,41.9308681],[69.8831482,41.9326885],[69.8777041,41.9340901],[69.8779817,41.9366263],[69.8807249,41.9418634],[69.8866205,41.9467134],[69.8835111,41.9501823],[69.8808181,41.9574555],[69.8826246,41.9651473],[69.8662316,41.9655442],[69.8590935,41.9676829],[69.858987,41.9778371],[69.8554871,41.9795857],[69.854537,41.9812246],[69.8573811,41.9849202],[69.8551467,41.9904669],[69.8596868,42.0027621],[69.8644277,42.0028171],[69.8651741,42.0040807],[69.8631472,42.0069969],[69.8411122,42.013597],[69.8414425,42.0202124],[69.8387299,42.0265781],[69.830294,42.0323507],[69.8250274,42.0388251],[69.8190022,42.043129],[69.8080082,42.0489182],[69.8033553,42.0561126],[69.7952274,42.0578916],[69.7788836,42.0670591],[69.7788546,42.0684191],[69.7754946,42.0697564],[69.7732733,42.0684342],[69.7715238,42.0671315],[69.7673129,42.067273],[69.7619701,42.066878],[69.7605843,42.0654481],[69.751084,42.0632443],[69.7436112,42.0580686],[69.742326,42.0529648],[69.7389766,42.0459832],[69.7379643,42.0421115],[69.7348083,42.0368913],[69.7350023,42.0332042],[69.7338877,42.0297498],[69.7335458,42.0280532],[69.7336006,42.0253446],[69.7363148,42.0221381],[69.7394881,42.0196337],[69.7411154,42.0191104],[69.7374279,42.0161693],[69.7325972,42.0146939],[69.7145842,42.0200478],[69.7204964,42.0635365],[69.6977038,42.060421],[69.6722732,42.0595244],[69.6666919,42.0593086],[69.6222883,42.0410466],[69.6141491,42.0494115],[69.6138242,42.0519714],[69.6144632,42.0575369],[69.6160122,42.0638336],[69.6173946,42.0698526],[69.6172749,42.0751389],[69.6174647,42.0770786],[69.6184881,42.0818503],[69.6195236,42.084248],[69.6204304,42.0869323],[69.6209351,42.0890685],[69.6211838,42.0948018],[69.6213853,42.0970473],[69.6214121,42.0978646],[69.6209749,42.0977956],[69.6218506,42.1008976],[69.6216877,42.1021461],[69.621177,42.1028022],[69.6205999,42.1031302],[69.6192073,42.1034264],[69.6181237,42.10409],[69.6172535,42.1110709],[69.6167945,42.1117735],[69.6162432,42.1122999],[69.615606,42.1126353],[69.6146452,42.1128945],[69.6130643,42.1130314],[69.6119555,42.1133116],[69.6108965,42.1137766],[69.6103022,42.1144041],[69.608614,42.1150965],[69.606465,42.1155218],[69.6037796,42.1149443],[69.5989666,42.1138848],[69.5981813,42.1138032],[69.5926763,42.1137265],[69.5908835,42.1137295],[69.5896797,42.1136558],[69.5880249,42.1133013],[69.586028,42.1125589],[69.5812846,42.1110843],[69.5806387,42.1099844],[69.5798222,42.1091478],[69.5789628,42.1085023],[69.5785508,42.1061591],[69.5781559,42.1030964],[69.5774068,42.0995568],[69.5766833,42.0972472],[69.5758146,42.0916903],[69.5717142,42.0916349],[69.5701806,42.0921656],[69.5676139,42.0925968],[69.5670213,42.0926459],[69.565879,42.0924893],[69.5645215,42.0923376],[69.5580397,42.0929221],[69.5573744,42.0937005],[69.5568379,42.094033],[69.5555074,42.0941567],[69.5553355,42.0956142],[69.5543724,42.0966609],[69.5542742,42.0968437],[69.5540127,42.0969269],[69.5538539,42.0969615],[69.5536578,42.096913],[69.553527,42.0969477],[69.5534243,42.0969199],[69.553088,42.0969546],[69.5527798,42.0968091],[69.5526864,42.0968299],[69.5526677,42.096913],[69.5526023,42.0969546],[69.5525183,42.0969199],[69.5524155,42.0969407],[69.5524622,42.0968645],[69.5523502,42.0967605],[69.5521634,42.0968021],[69.5521167,42.0968992],[69.5520886,42.09701],[69.5519485,42.0969962],[69.5518178,42.0969685],[69.5516403,42.0969962],[69.5514909,42.0970655],[69.5513788,42.0970516],[69.5512947,42.0969685],[69.5511827,42.0969754],[69.5511266,42.0970516],[69.5506223,42.0971417],[69.5504261,42.0972249],[69.5503047,42.0972873],[69.550286,42.0973704],[69.5501459,42.0973912],[69.5499965,42.0974467],[69.5498657,42.0973427],[69.5497723,42.0974051],[69.5496883,42.0974605],[69.5496135,42.0974051],[69.5493987,42.0973912],[69.549268,42.0974328],[69.5491465,42.0974189],[69.5491372,42.0975229],[69.5489971,42.0976615],[69.5488944,42.0976684],[69.5488196,42.0977169],[69.5487262,42.0976892],[69.5486609,42.0977447],[69.5485301,42.0977724],[69.5483713,42.097814],[69.5483246,42.0978971],[69.5481845,42.0979387],[69.5481005,42.0980219],[69.547979,42.0980634],[69.5478389,42.0981674],[69.5477549,42.0982575],[69.5475681,42.0983614],[69.5474934,42.0984377],[69.547456,42.098507],[69.5473252,42.0985139],[69.5472225,42.0984515],[69.5471571,42.098507],[69.5472132,42.0985763],[69.5473252,42.0986317],[69.5471291,42.0986664],[69.5470264,42.0987357],[69.5470824,42.0988188],[69.5469423,42.0988119],[69.5469236,42.0989782],[69.5469516,42.0990683],[69.5468489,42.0991376],[69.5469049,42.0991931],[69.5470357,42.0992416],[69.5470731,42.0993247],[69.5470824,42.0994287],[69.5471851,42.0996435],[69.5470077,42.0997267],[69.546989,42.0998306],[69.5468302,42.0998861],[69.5467835,42.099997],[69.5466247,42.1000385],[69.5464753,42.1000524],[69.5464753,42.1001425],[69.5463632,42.100191],[69.5462418,42.1002118],[69.5461858,42.1002811],[69.5460363,42.1003088],[69.5461297,42.1004128],[69.5462138,42.1006137],[69.5461204,42.1006692],[69.5461017,42.1007523],[69.5459896,42.1008216],[69.5459896,42.100988],[69.5457935,42.100981],[69.5457561,42.1011127],[69.5458122,42.1012236],[69.5457655,42.1014384],[69.5458495,42.1015216],[69.5458402,42.1016047],[69.5459896,42.1016116],[69.5459429,42.1017225],[69.5458962,42.1019512],[69.5457748,42.1020413],[69.5457374,42.102166],[69.545644,42.1022353],[69.5456067,42.1024224],[69.545644,42.1025402],[69.5457094,42.1026858],[69.5456814,42.1028382],[69.5455413,42.1029144],[69.5453452,42.1029768],[69.5453078,42.1030738],[69.5453171,42.1032055],[69.5452518,42.1032609],[69.5452518,42.103351],[69.5451023,42.103351],[69.5449435,42.1034203],[69.5449249,42.1034965],[69.5446727,42.1036975],[69.5442804,42.1037183],[69.5441029,42.1036559],[69.5439161,42.1036836],[69.5435892,42.1036351],[69.543309,42.1036351],[69.543225,42.1037321],[69.5430942,42.1037599],[69.5428887,42.1038153],[69.542814,42.1037599],[69.5426739,42.1037114],[69.5425338,42.1036421],[69.5424404,42.1037391],[69.5424404,42.1038153],[69.542347,42.103843],[69.5423097,42.1039054],[69.5421602,42.1038777],[69.5421135,42.1039678],[69.5421602,42.104044],[69.5420108,42.1041063],[69.5420108,42.1041756],[69.5418987,42.1042934],[69.5418894,42.1044113],[69.5417586,42.1044944],[69.5415811,42.1045221],[69.5415064,42.1046122],[69.5415251,42.1047854],[69.5414597,42.1050141],[69.5416465,42.1051666],[69.5416278,42.1052359],[69.5414597,42.1052913],[69.5412169,42.1052982],[69.5411702,42.10552],[69.5410301,42.1055269],[69.5407872,42.1056516],[69.5404697,42.1057625],[69.5403576,42.1058664],[69.540395,42.106012],[69.540451,42.1061783],[69.5403856,42.1063515],[69.5402642,42.1066356],[69.5403109,42.106795],[69.5401895,42.107086],[69.5401615,42.1073008],[69.5401054,42.1074255],[69.5399373,42.1075226],[69.5399093,42.1076196],[69.5397225,42.1077235],[69.5396384,42.1077997],[69.5395263,42.1078066],[69.5393115,42.107772],[69.5391247,42.107869],[69.5390033,42.1078552],[69.5386951,42.1079452],[69.5386297,42.1080284],[69.5385456,42.1082293],[69.5384429,42.1083194],[69.5382468,42.1083679],[69.5379759,42.1085758],[69.5377984,42.1086451],[69.5377984,42.1087421],[69.5379385,42.1088114],[69.5379385,42.1089361],[69.5377798,42.1090331],[69.5376189,42.1090168],[69.5353836,42.1016071],[69.5321242,42.0933525],[69.5288088,42.0846039],[69.5257499,42.0778678],[69.5255755,42.0771671],[69.5255747,42.0719639],[69.5197019,42.0720361],[69.5166999,42.0731357],[69.5142541,42.0647865],[69.5139884,42.0530507],[69.5174232,42.0473871],[69.5256096,42.0498877],[69.5262515,42.0462068],[69.5239456,42.027169],[69.5222509,42.0267126],[69.5110556,42.025572],[69.5034225,42.0225253],[69.4950193,42.0200275],[69.4767922,42.013757],[69.4718153,42.010042],[69.4706228,42.0100469],[69.4611285,42.0164447],[69.4574147,42.022463],[69.448787,42.0337925],[69.4424372,42.0385309],[69.4427305,42.046401],[69.4415155,42.0518754],[69.4455519,42.0574186],[69.448061,42.0747965],[69.4361108,42.0816908],[69.4274179,42.0939526],[69.4179036,42.0998577],[69.4195868,42.110299],[69.4206263,42.1162831],[69.4215506,42.1195948],[69.4226779,42.1224603],[69.4233761,42.124912],[69.4252874,42.1325207],[69.4261358,42.1352429],[69.4267267,42.137456],[69.4288005,42.1381301],[69.4340645,42.1401856],[69.4508299,42.1460915],[69.4525067,42.1464477],[69.4546985,42.1478539],[69.4540772,42.1481099],[69.4533486,42.1486999],[69.4519772,42.1492754],[69.4468311,42.15084],[69.44501,42.1516831],[69.4410814,42.1545306],[69.4256368,42.1668443],[69.4172479,42.1910217],[69.3955437,42.2201811],[69.3832452,42.2244029],[69.3824346,42.2238164],[69.3532694,42.2027095],[69.3035916,42.1826185],[69.2590125,42.1670149],[69.2521575,42.1711945],[69.2480845,42.1794927],[69.2422875,42.1820791],[69.2327881,42.1829713],[69.2324662,42.1911739],[69.2236595,42.1892718],[69.1975353,42.2022335],[69.1937849,42.2062439],[69.1875401,42.1994123],[69.1777377,42.1954926],[69.1712046,42.1933381],[69.1572706,42.1941452],[69.1496046,42.1974349],[69.1399097,42.2010546],[69.130387,42.2031647],[69.1314557,42.2080171],[69.1350877,42.2149654],[69.1401583,42.2198777],[69.1244133,42.2282858],[69.0984845,42.2313345],[69.0698912,42.2186573],[69.0622622,42.2160162],[69.0362277,42.2087713],[69.0407969,42.1995484],[69.0438376,42.1866978],[69.0304219,42.1866266],[69.026149,42.1764992],[69.0231983,42.1662958],[69.0318343,42.1659913],[69.0292883,42.1532181],[69.0250163,42.1390089],[69.0388273,42.1377201],[69.0463358,42.1287226],[69.0534426,42.1275101],[69.0502626,42.1131592],[69.0503608,42.1090019],[69.0525935,42.1083962],[69.0461832,42.0874615],[69.0458739,42.08081],[69.0444507,42.0770312],[69.0435328,42.070002],[69.0327647,42.0417361],[68.9999103,42.0459737],[68.9854038,42.032749],[68.9836887,42.0302505],[68.9905663,42.0279392],[68.9968749,42.024305],[69.0092036,42.0194943],[69.0159414,42.0197073],[69.0436075,42.0175621],[69.0490527,42.0148875],[69.0496245,42.0128562],[69.0490492,42.0103978],[69.0451769,42.0071925],[69.0433104,42.0023829],[69.0438014,41.993117],[69.0432928,41.9903204],[69.0409601,41.9867309],[69.0398457,41.9868446],[69.0378081,41.9805995],[69.0331809,41.9756739],[69.0262635,41.9724113],[69.0268708,41.9714285],[69.0245405,41.9698417],[69.0233239,41.9668184],[69.0229154,41.9575211],[69.0172433,41.9536671],[69.0126879,41.9604707],[69.0061056,41.9656868],[69.0048905,41.968786],[68.995166,41.9822407],[68.998205,41.9911602],[68.9955705,41.9933521],[68.9913143,41.997736],[68.9801684,41.9953914],[68.9749024,41.9874537],[68.9564645,41.9849538],[68.9529225,41.9795101],[68.9365132,41.9776125],[68.9352182,41.955918],[68.9251053,41.9441201],[68.8306277,41.9525982],[68.8218598,41.9397819],[68.8303042,41.9242547],[68.8562475,41.904426],[68.8692759,41.9019035],[68.8926792,41.8988285],[68.8992971,41.901193],[68.905218,41.9066628],[68.9115357,41.9057212],[68.9147725,41.9022985],[68.9226281,41.900981],[68.932715,41.9009298],[68.943032,41.9017983],[68.946045,41.9017492],[68.952196,41.9004219],[68.9528151,41.8961653],[68.9568724,41.8899996],[68.962201,41.8860218],[68.9657562,41.884435],[68.9813984,41.8872914],[68.9978563,41.8870287],[69.0069548,41.8876629],[69.0315719,41.8820772],[69.0448107,41.8805772],[69.0450428,41.8821878],[69.055894,41.8793643],[69.0601098,41.8769747],[69.0642844,41.8700909],[69.0627925,41.8640449],[69.0738542,41.8648096],[69.0827249,41.8660885],[69.0967259,41.869482],[69.103502,41.8738261],[69.1214801,41.8855627],[69.1326017,41.8932631],[69.1406639,41.8980662],[69.1428537,41.8986188],[69.1565251,41.8999276],[69.167926,41.9012998],[69.1717662,41.9020944],[69.2023922,41.9102508],[69.2426729,41.9243332],[69.2532484,41.9243412],[69.2993834,41.9225026],[69.3037183,41.9219667],[69.3054263,41.9076475],[69.2995396,41.902912],[69.2986317,41.8941836],[69.3025325,41.8895457],[69.309457,41.8785444],[69.3188449,41.8653784],[69.3163409,41.8610807],[69.3072573,41.8502004],[69.3043168,41.8479253],[69.3011767,41.843634],[69.2904243,41.8305461],[69.2874576,41.8239665],[69.291068,41.8175531],[69.2948621,41.8087329],[69.2952262,41.8043025],[69.2930662,41.8026973],[69.2886739,41.7833225],[69.2845774,41.7780979],[69.2899814,41.7766778],[69.2972628,41.7756993],[69.3024748,41.7747258],[69.3132244,41.7742842],[69.3105947,41.7548478],[69.3067029,41.744216],[69.3048456,41.7412872],[69.3052436,41.7361639],[69.2992746,41.7371966],[69.2895014,41.7280384],[69.2906092,41.7182562],[69.2917442,41.7145717],[69.291568,41.7095674],[69.2927018,41.7056528],[69.2922121,41.7055687],[69.290152,41.7071562],[69.2897046,41.7073179],[69.2892952,41.7072362],[69.2883987,41.7071703],[69.2878537,41.7072641],[69.2868858,41.7071936],[69.2866427,41.7021626],[69.2846956,41.6945071],[69.3016186,41.6981141],[69.3089794,41.6981915],[69.3109423,41.6891325],[69.2976274,41.688771],[69.2969343,41.6857184],[69.3062701,41.6713599],[69.301031,41.6709701],[69.3029953,41.6647124],[69.3055647,41.6599236],[69.3083686,41.6569234],[69.3140888,41.6530823],[69.3235505,41.6479866],[69.3235098,41.6474719],[69.3252884,41.6447857],[69.3234115,41.6376925],[69.3229913,41.6375293],[69.3246485,41.6353939],[69.3269473,41.6320127],[69.3330455,41.6269042],[69.3345533,41.6254878],[69.3393376,41.6247928],[69.3466166,41.6232634],[69.3534099,41.6219573],[69.3531693,41.6210923],[69.3527326,41.619025],[69.3521564,41.616896],[69.3559424,41.6156169],[69.35698,41.6121044],[69.3566151,41.6118073],[69.3564078,41.6115691],[69.3562242,41.6112199],[69.3560503,41.6107823],[69.3558184,41.6103937],[69.355488,41.6099904],[69.3550832,41.6096992],[69.3546013,41.6094974],[69.3541901,41.609363],[69.3538406,41.6093718],[69.3531081,41.6095833],[69.3527722,41.6095722],[69.3525457,41.6094591],[69.3524391,41.6093449],[69.3524644,41.608788],[69.3525841,41.6082229],[69.3532938,41.6083032],[69.356411,41.6087827],[69.3599294,41.609324],[69.3605679,41.6094222],[69.3651538,41.6102692],[69.3653691,41.6102585],[69.3654361,41.6101075],[69.3651616,41.6085992],[69.3651367,41.6081695],[69.3650669,41.607864],[69.3649902,41.6076317],[69.3648176,41.6072955],[69.3646648,41.6069592],[69.3645822,41.6067441],[69.3644818,41.6066145],[69.3642042,41.6064407],[69.3641076,41.6063646],[69.3639716,41.6061412],[69.3637973,41.6058136],[69.3636623,41.6054566],[69.3635328,41.6052823],[69.362574,41.6043941],[69.3624294,41.6042239],[69.3623463,41.6040657],[69.3621612,41.6036115],[69.3617794,41.6034884],[69.3617561,41.6033213],[69.3616328,41.6031529],[69.3610856,41.6028721],[69.3607557,41.6024108],[69.3604982,41.6022623],[69.3597311,41.6019775],[69.3595684,41.6018883],[69.3593663,41.6017108],[69.3592845,41.6015451],[69.3592617,41.6012615],[69.359377,41.601083],[69.3595868,41.6009167],[69.359839,41.6008097],[69.3600714,41.60085],[69.3601819,41.6007392]],[[69.5013332,41.9862126],[69.5013612,41.9865549],[69.5012701,41.9868364],[69.5013098,41.9869928],[69.5013496,41.987243],[69.5013075,41.9873142],[69.5011602,41.9873142],[69.501055,41.9873941],[69.5010667,41.9875592],[69.5011228,41.9876444],[69.5012444,41.9877973],[69.5014688,41.9879919],[69.501761,41.9881656],[69.5019293,41.9884037],[69.5018919,41.9885548],[69.5020111,41.988633],[69.5019807,41.9887147],[69.5020298,41.9888589],[69.5021304,41.9889597],[69.5022519,41.989024],[69.5022706,41.989097],[69.5023548,41.9892186],[69.5024366,41.9893333],[69.5025652,41.9893611],[69.5026937,41.9894167],[69.5027919,41.9894966],[69.5028036,41.9896443],[69.5028761,41.9898024],[69.5028293,41.9899605],[69.5028597,41.9900752],[69.502855,41.990209],[69.5029322,41.9904279],[69.5030117,41.9905461],[69.5031052,41.9905704],[69.5031706,41.9906486],[69.5031893,41.990732],[69.5031963,41.990791],[69.5032501,41.9908345],[69.5032501,41.9908605],[69.5031987,41.990904],[69.5031379,41.9910065],[69.5031379,41.9910777],[69.5032361,41.9911281],[69.5033202,41.9912324],[69.5033506,41.9913088],[69.5034324,41.9913505],[69.5034348,41.9913835],[69.503381,41.9914148],[69.5033647,41.9914339],[69.5034278,41.991486],[69.5035517,41.9915277],[69.503533,41.9915833],[69.5035587,41.9916129],[69.5036545,41.9916181],[69.5037504,41.9916233],[69.5037925,41.9916563],[69.5038112,41.9917223],[69.5039023,41.9917866],[69.5039982,41.9918109],[69.5041735,41.9919187],[69.5042366,41.9919916],[69.5043301,41.9920507],[69.5043629,41.9921967],[69.5044049,41.9922801],[69.5045008,41.9923235],[69.5046106,41.9923878],[69.5046855,41.9926206],[69.5047088,41.9926467],[69.5047486,41.9926675],[69.5047416,41.9927214],[69.5047603,41.9927509],[69.5050081,41.9927839],[69.5051133,41.9928569],[69.5052395,41.9928934],[69.505333,41.9929629],[69.5054475,41.9931106],[69.505527,41.9931592],[69.505693,41.9932148],[69.5058426,41.9934441],[69.5059244,41.9935084],[69.5060787,41.9936474],[69.5061231,41.9937273],[69.5061582,41.9938994],[69.5062166,41.9939741],[69.5062283,41.9940331],[69.5063172,41.9941304],[69.5062821,41.9942069],[69.5063592,41.9943233],[69.5063709,41.9944171],[69.5063967,41.9945248],[69.5063756,41.9946673],[69.5064457,41.994709],[69.5064504,41.9947559],[69.5063592,41.9948254],[69.5062377,41.9948445],[69.506226,41.9948775],[69.506247,41.9949105],[69.5062915,41.9949765],[69.5062821,41.9950339],[69.5062003,41.9952076],[69.50624,41.9952406],[69.5014673,42.0007904],[69.5038813,42.0053657],[69.5121746,42.022776],[69.5235043,42.0263147],[69.5315295,42.0248483],[69.5320552,42.0252468],[69.5328545,42.0252866],[69.5337262,42.024653],[69.53507,42.0253265],[69.5356708,42.0256453],[69.5371085,42.028084],[69.5375162,42.0285781],[69.5378487,42.0287614],[69.5378219,42.0289805],[69.5375162,42.0290084],[69.536336,42.0282992],[69.535542,42.0284984],[69.5351451,42.0287215],[69.5336752,42.0302198],[69.5331173,42.0325308],[69.532023,42.0367383],[69.5314007,42.0381567],[69.5303493,42.039846],[69.5293622,42.041838],[69.5290189,42.0428419],[69.5456901,42.0542714],[69.5458737,42.0541535],[69.5456741,42.0536816],[69.545451,42.0528346],[69.5454022,42.0522077],[69.54543,42.052017],[69.5455181,42.0518194],[69.5456915,42.0516217],[69.5459493,42.0514195],[69.5462923,42.0512552],[69.5508628,42.049869],[69.5571714,42.0486103],[69.5576904,42.0483902],[69.558026,42.048157],[69.5583327,42.0478826],[69.5586223,42.0473932],[69.5587083,42.04715],[69.5591179,42.0467741],[69.568594,42.0493174],[69.5725994,42.0478773],[69.5762043,42.0458058],[69.5777064,42.0438936],[69.5824485,42.0358777],[69.5851736,42.032754],[69.5887356,42.0296141],[69.5917611,42.0277811],[69.5943361,42.026777],[69.5965248,42.0264582],[69.5977612,42.0264255],[69.6022244,42.0268718],[69.6105715,42.026011],[69.6105286,42.0162871],[69.6074387,42.0153784],[69.6021442,41.9959195],[69.6012644,41.9922675],[69.6008138,41.9915499],[69.5996551,41.9909279],[69.5971875,41.9904813],[69.5957927,41.9900986],[69.594355,41.9902102],[69.5934753,41.9900667],[69.5929174,41.9897158],[69.5919303,41.9882644],[69.5909862,41.9878657],[69.5895914,41.9874829],[69.5885829,41.9866217],[69.587038,41.9854733],[69.5850639,41.9836231],[69.5839266,41.9830648],[69.5828537,41.9821237],[69.5812444,41.9812305],[69.5792918,41.9808636],[69.5780776,41.9805985],[69.5746872,41.9789077],[69.5725844,41.9770573],[69.5707605,41.9757493],[69.5679066,41.9748559],[69.5657823,41.9743614],[69.564409,41.9737073],[69.5639584,41.9733564],[69.5632503,41.9732607],[69.5622203,41.9729097],[69.5599244,41.9722556],[69.5585725,41.9719685],[69.5568774,41.9710432],[69.554796,41.97007],[69.5511267,41.9691606],[69.5512984,41.9685544],[69.5451946,41.9672732],[69.5445723,41.967353],[69.5430917,41.9677678],[69.5386071,41.969427],[69.5411391,41.974548],[69.5439715,41.9810563],[69.5445723,41.9827471],[69.5458168,41.9892067],[69.5471687,41.9920455],[69.5478553,41.992827],[69.5492715,41.9960803],[69.5501727,41.9966225],[69.5503873,41.9968457],[69.5505375,41.9977547],[69.5503332,41.9980951],[69.5499898,41.9983343],[69.5493676,41.9983981],[69.5485093,41.9985894],[69.5478012,41.9986692],[69.5469428,41.9989083],[69.5459987,41.9988924],[69.5455266,41.99902],[69.5449902,41.99902],[69.5440395,41.9982905],[69.5432988,41.9980194],[69.5426513,41.9975688],[69.5424654,41.9974569],[69.5419432,41.9972339],[69.5411536,41.9970161],[69.540887,41.9969094],[69.5391416,41.9960593],[69.538872,41.995945],[69.538052,41.9957287],[69.5378538,41.995604],[69.5376088,41.9953681],[69.5372243,41.9951888],[69.5370079,41.9950651],[69.5368763,41.9949426],[69.5366887,41.9946951],[69.5365376,41.9945611],[69.5358611,41.9942097],[69.5355488,41.9941083],[69.5349931,41.994032],[69.5347362,41.9939557],[69.5345712,41.9938554],[69.5341634,41.9934287],[69.5337873,41.9929505],[69.5335326,41.9926666],[69.5333591,41.9923872],[69.5330597,41.9916683],[69.5327808,41.9912695],[69.5318548,41.9902262],[69.531649,41.9898223],[69.5307213,41.9898154],[69.5304849,41.9895718],[69.5301458,41.9891615],[69.5299159,41.9886464],[69.5294806,41.9878537],[69.5297074,41.9868266],[69.5296914,41.9864659],[69.5295024,41.9858709],[69.5294349,41.9854911],[69.5293896,41.9844274],[69.5294377,41.9837387],[69.5293705,41.9816119],[69.5278023,41.9796486],[69.5277314,41.9794425],[69.5276044,41.978431],[69.5274626,41.9778938],[69.5271321,41.9778749],[69.5264121,41.9776773],[69.5255437,41.9775939],[69.5249369,41.9775798],[69.524377,41.9776074],[69.5223023,41.9778947],[69.5216567,41.9779599],[69.5209632,41.9779652],[69.5195391,41.9778785],[69.5169708,41.9811228],[69.515855,41.9819203],[69.5145031,41.9822234],[69.5094391,41.9824627],[69.5068427,41.9831804],[69.5063492,41.9836589],[69.5048686,41.9852699],[69.5028087,41.9859876],[69.5013332,41.9862126]]]}},{"type":"Feature","properties":{"osmId":"relation/9210172","name":"Келесский район"},"geometry":{"type":"MultiLineString","coordinates":[[[69.027399,41.2241948],[69.0268349,41.2243311],[69.0264053,41.2243451],[69.0259756,41.224296],[69.0257608,41.2242398],[69.0255927,41.2242468],[69.0252471,41.22431],[69.0249949,41.2243943],[69.0248642,41.2243943],[69.0246774,41.2243451],[69.0245186,41.2243732],[69.0242664,41.2245067],[69.024117,41.2245208],[69.0234818,41.2245137],[69.0233044,41.2245699],[69.0231456,41.2246964],[69.0229121,41.2248861],[69.0226506,41.2249633],[69.0224831,41.2249752],[69.0223517,41.2249844],[69.0222023,41.2249423],[69.0219874,41.224872],[69.021838,41.224872],[69.0215671,41.2249071],[69.0212963,41.2249844],[69.0209694,41.2250406],[69.020848,41.22516],[69.0207172,41.2252373],[69.0205397,41.2252373],[69.0203623,41.2252443],[69.0202782,41.2253146],[69.0202222,41.225434],[69.0201101,41.2255324],[69.0198206,41.225722],[69.0195684,41.2257923],[69.0193255,41.2258063],[69.0190827,41.2257923],[69.0189519,41.2257782],[69.0187558,41.2258063],[69.0183355,41.2259117],[69.0181207,41.2260381],[69.0178778,41.226277],[69.0177377,41.2263894],[69.0175976,41.2264596],[69.0174295,41.2265088],[69.0172707,41.226579],[69.0166823,41.2269303],[69.0164862,41.2269865],[69.0163087,41.2269794],[69.0160379,41.2269162],[69.015711,41.2269092],[69.0154588,41.2269935],[69.0152907,41.2270356],[69.0150852,41.2270427],[69.0146929,41.2270005],[69.0141232,41.2269935],[69.013871,41.2270497],[69.0136468,41.2271129],[69.0133666,41.2271832],[69.0131611,41.2272675],[69.0130117,41.2273799],[69.0128529,41.2275203],[69.0127222,41.2276117],[69.0126194,41.2276398],[69.01247,41.2276608],[69.0121898,41.2275906],[69.0120777,41.2275203],[69.0118909,41.2275133],[69.0116854,41.2275414],[69.0114426,41.2276327],[69.0112745,41.2277873],[69.011125,41.2280191],[69.0109569,41.2281455],[69.0107888,41.2282158],[69.0106113,41.228279],[69.0105179,41.2283633],[69.0103311,41.2285249],[69.0102004,41.2286232],[69.0101817,41.2287005],[69.010191,41.228862],[69.0101537,41.2290657],[69.0100883,41.2293467],[69.0099762,41.2295293],[69.0098828,41.2297471],[69.0097614,41.2298665],[69.0095839,41.2300632],[69.0093224,41.2301686],[69.0092197,41.2302599],[69.0092197,41.2303582],[69.0092477,41.2305268],[69.0092103,41.2306322],[69.0091169,41.2307446],[69.0089768,41.2308499],[69.0086406,41.2310396],[69.0084071,41.2311801],[69.0082188,41.23135],[69.0078,41.2317279],[69.0076973,41.2318895],[69.0076506,41.232023],[69.0076319,41.2322688],[69.0075665,41.2324023],[69.007389,41.2325919],[69.0069501,41.2328448],[69.00681,41.2328799],[69.0066512,41.2328729],[69.0064924,41.2328658],[69.0062963,41.2329361],[69.0060908,41.2329501],[69.0058946,41.232908],[69.0056892,41.232908],[69.0055024,41.232922],[69.0052969,41.2330133],[69.0050914,41.2331398],[69.005026,41.2332381],[69.0049916,41.2334764],[69.0049793,41.2335612],[69.0048672,41.2337017],[69.0048299,41.2338211],[69.0048299,41.2339475],[69.0047085,41.2340599],[69.0046337,41.2341442],[69.0046244,41.2342847],[69.0046244,41.2344673],[69.004559,41.2345797],[69.0043816,41.2347202],[69.0042508,41.2348677],[69.0041294,41.2350854],[69.0036997,41.2354647],[69.0034662,41.235563],[69.0032794,41.2357316],[69.00313,41.2358299],[69.0029712,41.2359072],[69.0028778,41.2359774],[69.0028405,41.2360547],[69.0028498,41.236441],[69.0027751,41.2365744],[69.0026443,41.2366938],[69.0024762,41.2367992],[69.0023454,41.2368835],[69.002252,41.2369888],[69.001836,41.2378081],[69.0015422,41.2383865],[69.0013741,41.2386604],[69.0011944,41.2388836],[69.0004072,41.2384608],[68.998462,41.2369746],[68.9979239,41.2363568],[68.9977763,41.2359496],[68.9974316,41.235746],[68.9957368,41.2334458],[68.9936311,41.2308224],[68.9935823,41.2306282],[68.9936899,41.2304947],[68.9954375,41.229283],[68.9967877,41.2277218],[68.9971104,41.2261747],[68.9973744,41.2255614],[68.9973257,41.2250912],[68.9967352,41.2241504],[68.9954983,41.2216225],[68.9953688,41.220804],[68.9948089,41.2199803],[68.9945107,41.2194376],[68.9934991,41.2185272],[68.9931708,41.2178191],[68.9927865,41.2174341],[68.9918852,41.2168343],[68.9917125,41.2164101],[68.9916846,41.2159129],[68.991966,41.214611],[68.991595,41.2141051],[68.9903909,41.2139471],[68.9893361,41.2138946],[68.9882167,41.2135927],[68.9879766,41.2133966],[68.9865838,41.210856],[68.9863398,41.2106692],[68.9852263,41.2108519],[68.98486,41.2108169],[68.9846056,41.2106817],[68.9842111,41.2100546],[68.9840011,41.2099669],[68.9836559,41.209946],[68.982704,41.2097636],[68.9811024,41.2095908],[68.980547,41.2093969],[68.9795108,41.2088125],[68.9793625,41.2085569],[68.9787385,41.2082127],[68.9785724,41.2078257],[68.9777618,41.206996],[68.9773548,41.2068122],[68.9769891,41.2067116],[68.9719613,41.2048521],[68.9697915,41.2035196],[68.9673789,41.2023558],[68.9659605,41.2013898],[68.9653453,41.2010845],[68.9647473,41.2012626],[68.960422,41.1993677],[68.9599218,41.1994182],[68.9596811,41.199331],[68.9590854,41.1989346],[68.9572377,41.1980893],[68.9565226,41.1977622],[68.9559866,41.1976932],[68.9557365,41.1975271],[68.9549373,41.1970964],[68.9540861,41.1967832],[68.9536915,41.1965645],[68.9484563,41.1949464],[68.9443035,41.1937644],[68.9433637,41.193475],[68.9414713,41.1921025],[68.9411385,41.1917279],[68.9408743,41.1916219],[68.9389048,41.1916413],[68.9385578,41.1915547],[68.9378264,41.1910019],[68.9376151,41.190529],[68.9372556,41.190071],[68.9367982,41.1890708],[68.9366625,41.1889336],[68.9357423,41.188445],[68.9355456,41.1882269],[68.9353204,41.1877486],[68.9338984,41.186645],[68.9335797,41.1863523],[68.9330699,41.1854191],[68.9321651,41.1828819],[68.9319421,41.1827698],[68.9258653,41.1829274],[68.9224318,41.1823257],[68.9185435,41.1818236],[68.9157992,41.1823439],[68.9154833,41.182323],[68.9152625,41.1821968],[68.9151103,41.1819373],[68.9151193,41.1811689],[68.9150441,41.1809163],[68.9149414,41.1807088],[68.9146952,41.1802888],[68.9145612,41.1801499],[68.9144582,41.1801009],[68.9142103,41.1801695],[68.9140278,41.1801608],[68.9139242,41.180087],[68.913899,41.1799822],[68.9139307,41.1798822],[68.9141683,41.1797121],[68.9143519,41.1794606],[68.9144257,41.1792758],[68.914406,41.1791051],[68.914383,41.1789927],[68.9144256,41.1788705],[68.914559,41.1786266],[68.9146724,41.178329],[68.9148232,41.1780313],[68.9148244,41.1778291],[68.91481,41.1777063],[68.9146886,41.1776734],[68.9146184,41.1776018],[68.9145762,41.1774317],[68.9141266,41.1764313],[68.9140218,41.1762777],[68.9136743,41.1756109],[68.9136058,41.1753546],[68.913612,41.1751616],[68.913774,41.174635],[68.9137823,41.1744462],[68.9137742,41.1741208],[68.9136323,41.1734891],[68.9132161,41.1729953],[68.9117353,41.1720938],[68.9068447,41.1700616],[68.9051613,41.1693662],[68.9029356,41.1677543],[68.8958348,41.164243],[68.8858591,41.1603759],[68.8818154,41.1596052],[68.8797243,41.1583589],[68.8750476,41.1552303],[68.8703035,41.1510112],[68.8641647,41.1471798],[68.8596574,41.1439046],[68.8595651,41.1429563],[68.8580943,41.1424971],[68.8528003,41.1411669],[68.8523164,41.1409621],[68.8499661,41.1393866],[68.8416475,41.1348638],[68.8400729,41.1342077],[68.8396565,41.1341283],[68.8374185,41.1341414],[68.8369462,41.134037],[68.8365672,41.1338692],[68.8358036,41.1334247],[68.8309062,41.129885],[68.8283102,41.1281638],[68.8214931,41.1243322],[68.8210173,41.1241331],[68.8199998,41.1235682],[68.815332,41.1208581],[68.8110321,41.1191339],[68.8088768,41.1182004],[68.8080011,41.1175906],[68.8054407,41.1163345],[68.8040036,41.1157423],[68.8038745,41.1156992],[68.8037437,41.1156992],[68.8035663,41.1155373],[68.8034448,41.1155162],[68.8032671,41.1154382],[68.8031364,41.1152482],[68.8030803,41.1150723],[68.8030523,41.1149034],[68.8029402,41.1147908],[68.8028095,41.1146149],[68.8026974,41.1145516],[68.8025199,41.1144109],[68.8023892,41.1143475],[68.8023331,41.1142701],[68.8022117,41.1142209],[68.8020529,41.1140027],[68.8018941,41.1139464],[68.8015953,41.1136227],[68.8008574,41.1130176],[68.8006986,41.1129542],[68.8005865,41.1128839],[68.8004745,41.112722],[68.7997646,41.1122857],[68.7963013,41.1095801],[68.7930823,41.1069716],[68.792251,41.1064016],[68.7918774,41.1062327],[68.7916253,41.1060497],[68.790794,41.1057049],[68.7900188,41.1050644],[68.789916,41.1049167],[68.7897759,41.1048604],[68.7896825,41.1047618],[68.7887579,41.1041847],[68.7881321,41.1036991],[68.7876371,41.103312],[68.7868432,41.1026082],[68.7859372,41.1014962],[68.7857224,41.1011091],[68.7855449,41.1009965],[68.7854422,41.100905],[68.7854048,41.1007502],[68.7852554,41.1006376],[68.785218,41.1004898],[68.7852554,41.1003631],[68.7851526,41.1000815],[68.7850499,41.0998774],[68.7848071,41.0996804],[68.7846296,41.0994622],[68.7844895,41.0993496],[68.7843587,41.0993848],[68.7844054,41.0995044],[68.7843401,41.0995818],[68.784228,41.0995326],[68.7840505,41.0994833],[68.783733,41.0993566],[68.7834154,41.0991525],[68.7832006,41.0987865],[68.7829764,41.0985894],[68.7827429,41.0984838],[68.7825561,41.0984064],[68.7818772,41.0978413],[68.7815223,41.0975668],[68.7812795,41.0973275],[68.7808405,41.0969896],[68.7802988,41.0967222],[68.7801867,41.096518],[68.7799999,41.0963421],[68.7798878,41.0962295],[68.7796917,41.0961872],[68.7794395,41.0962083],[68.7792856,41.0962778],[68.7745838,41.0929841],[68.7680311,41.0889873],[68.7667477,41.0877825],[68.7633502,41.0839345],[68.7554439,41.0776686],[68.7466867,41.0703903],[68.7419477,41.0663817],[68.738711,41.0632324],[68.7321492,41.0581395],[68.7260284,41.0531663],[68.7219509,41.0502579],[68.7212105,41.0488655],[68.7200831,41.0474068],[68.7176668,41.0431797],[68.7160659,41.0398395],[68.7143665,41.0372541],[68.7136967,41.0359296],[68.7135549,41.0346544],[68.7128276,41.0329494],[68.7127459,41.0325835],[68.7128299,41.0323034],[68.7139132,41.0310299],[68.716439,41.030036],[68.7215234,41.0289143],[68.7218543,41.028653],[68.7330857,41.0147938],[68.7420532,41.0059734],[68.742342,41.00581],[68.7467964,41.0054914],[68.7471684,41.005545],[68.7474553,41.0056781],[68.753122,41.0114921],[68.7532341,41.0113652],[68.7533929,41.0112806],[68.7535797,41.0112595],[68.7538038,41.0113018],[68.7544296,41.0117458],[68.7546911,41.011922],[68.7548686,41.0119713],[68.7550741,41.0119713],[68.7553076,41.0118656],[68.7555131,41.0116542],[68.7555878,41.0114357],[68.7555691,41.0110763],[68.7555396,41.0106585],[68.7555438,41.0105779],[68.7555504,41.010449],[68.7556158,41.010301],[68.7557279,41.010153],[68.7559053,41.0100755],[68.7560921,41.0100755],[68.7562976,41.0101459],[68.7567833,41.0106041],[68.7574184,41.0110904],[68.7575585,41.0111185],[68.757736,41.0110692],[68.7578574,41.0109283],[68.7578854,41.0104701],[68.7578854,41.0102023],[68.7579843,41.0099173],[68.7581563,41.0095046],[68.7582123,41.0093636],[68.758203,41.0091945],[68.7580909,41.0090465],[68.7571195,41.0085672],[68.756858,41.0084474],[68.7566899,41.0083276],[68.7566058,41.0081866],[68.7566058,41.0080386],[68.7566712,41.0079117],[68.7567646,41.0078271],[68.7576799,41.0075946],[68.7593985,41.0070236],[68.7602111,41.0068404],[68.7607808,41.0066712],[68.7610423,41.0065091],[68.7611357,41.0063611],[68.7611451,41.006206],[68.7610517,41.0060157],[68.7608088,41.0058113],[68.7599776,41.0053743],[68.7592864,41.0050854],[68.7589782,41.0050149],[68.758698,41.0049867],[68.7584552,41.004895],[68.7583151,41.0047611],[68.758203,41.0043735],[68.7580909,41.0041761],[68.7574745,41.0036897],[68.7570168,41.003429],[68.75683,41.0033937],[68.7566525,41.0034149],[68.7564751,41.0035276],[68.7563537,41.003732],[68.7560921,41.0046272],[68.7559987,41.0047611],[68.7559053,41.0048316],[68.7557279,41.0048175],[68.7555598,41.0046765],[68.7555299,41.0045747],[68.7553076,41.0038166],[68.7551488,41.0037038],[68.7549807,41.0036616],[68.7547845,41.0036897],[68.754439,41.0038448],[68.7540093,41.0039646],[68.7537198,41.0039858],[68.7534676,41.0039787],[68.7532528,41.0039083],[68.7528698,41.0036193],[68.7525243,41.0031188],[68.7525243,41.0028238],[68.7525243,41.0027664],[68.7526177,41.0026254],[68.7528045,41.0025338],[68.7532528,41.0024069],[68.7534598,41.0022424],[68.7538951,41.0013602],[68.75411,41.0011699],[68.7544462,41.0009443],[68.7547264,41.0008315],[68.7554829,41.0006482],[68.7557351,41.000472],[68.7558752,41.0003169],[68.7559313,41.000042],[68.7558939,40.9998729],[68.7557164,40.9997107],[68.7554923,40.9995979],[68.7553802,40.999464],[68.7552775,40.9992948],[68.7552775,40.9991609],[68.7553055,40.9990693],[68.7553895,40.9990058],[68.7555483,40.9989635],[68.7561181,40.9989424],[68.7562173,40.9989243],[68.7563889,40.998893],[68.7566785,40.9987873],[68.7581448,40.9976453],[68.7582196,40.9974973],[68.7582196,40.9973352],[68.7582196,40.9972647],[68.7581635,40.9971589],[68.7580514,40.9970673],[68.757902,40.9970391],[68.7571174,40.9971025],[68.7567065,40.9970955],[68.7564543,40.997032],[68.756006,40.9967642],[68.7557631,40.9966514],[68.7555577,40.996602],[68.7550533,40.9965738],[68.7546143,40.9965386],[68.7543995,40.9964681],[68.7542605,40.9963529],[68.754166,40.9962566],[68.75411,40.9960804],[68.75411,40.9958971],[68.7543154,40.9953472],[68.7547451,40.9946],[68.7548385,40.9942687],[68.7547731,40.9940713],[68.7546704,40.9939726],[68.7543808,40.9938598],[68.7539418,40.9938316],[68.753176,40.9939373],[68.7524755,40.9939796],[68.7514294,40.993888],[68.750953,40.9936765],[68.750897,40.9935707],[68.7509157,40.9934298],[68.7510464,40.9931971],[68.7511492,40.993035],[68.7511585,40.9928235],[68.7510838,40.9926543],[68.750869,40.9925344],[68.7506542,40.9923934],[68.7505289,40.9922673],[68.7504487,40.9921326],[68.7504113,40.9918647],[68.7504207,40.9916391],[68.7506355,40.9913289],[68.7506915,40.991202],[68.7506542,40.9910892],[68.7505327,40.9909623],[68.7503553,40.9909271],[68.7497108,40.9910328],[68.7494213,40.9910751],[68.7491878,40.991054],[68.7488796,40.9909553],[68.7476934,40.9903067],[68.7476187,40.9901727],[68.7476373,40.990067],[68.7477494,40.9899894],[68.7482538,40.9898273],[68.748506,40.9897004],[68.7487114,40.9894536],[68.7487581,40.9891082],[68.7487208,40.9889319],[68.7486274,40.9887979],[68.7482911,40.9886358],[68.7478989,40.9884807],[68.7475906,40.9882198],[68.7475346,40.9880788],[68.7475533,40.9879801],[68.7477121,40.9877968],[68.7478989,40.9877122],[68.7482631,40.9876135],[68.748534,40.9876276],[68.7487021,40.9875994],[68.7488422,40.9875219],[68.7489489,40.9873203],[68.7488315,40.9870869],[68.748654,40.9869177],[68.7483271,40.9864101],[68.7481496,40.9861774],[68.7479348,40.985973],[68.7473277,40.98555],[68.7471316,40.9852961],[68.7470475,40.9850212],[68.7470569,40.9848519],[68.7472437,40.9846686],[68.747664,40.9843866],[68.7480843,40.9842597],[68.7483645,40.9842385],[68.7486166,40.9842879],[68.7489062,40.9844501],[68.7491023,40.9844712],[68.7492891,40.9844571],[68.7494946,40.9843443],[68.7496347,40.9841821],[68.7496534,40.9840764],[68.7495787,40.9839001],[68.7491023,40.983463],[68.7487017,40.9829771],[68.7486177,40.9827021],[68.7486457,40.9825047],[68.7487484,40.9823777],[68.7488512,40.9823213],[68.7491967,40.9822861],[68.7494676,40.9821944],[68.749617,40.9820746],[68.7496451,40.9818842],[68.749561,40.9816797],[68.7493555,40.9815175],[68.749066,40.9814188],[68.7485056,40.9814329],[68.7481693,40.9814118],[68.7467683,40.9811579],[68.746236,40.9810945],[68.7459744,40.9810663],[68.7449751,40.9805656],[68.74448,40.9801778],[68.7442372,40.9800439],[68.7440971,40.9800227],[68.7439196,40.980058],[68.7436675,40.9803471],[68.743518,40.980474],[68.7432005,40.9806221],[68.7427428,40.9809393],[68.7423692,40.9813554],[68.742061,40.9814893],[68.7418181,40.9815246],[68.741594,40.9814893],[68.7413325,40.9812284],[68.741155,40.9809535],[68.741155,40.9807067],[68.7411737,40.9805515],[68.7413044,40.9804246],[68.7419582,40.9801214],[68.742145,40.9799945],[68.7424159,40.9794727],[68.7424159,40.9791907],[68.7423132,40.9788875],[68.742145,40.9787182],[68.7418929,40.9786195],[68.7417154,40.9785561],[68.7415473,40.9785631],[68.7413978,40.9787112],[68.7413418,40.9788663],[68.7413511,40.9790214],[68.741566,40.979515],[68.7415753,40.9796772],[68.7415193,40.9797759],[68.7413418,40.9798676],[68.7411457,40.9798817],[68.7402864,40.9793952],[68.7400996,40.9791907],[68.7398661,40.9787605],[68.7391002,40.977583],[68.7388574,40.9774208],[68.7386799,40.9771599],[68.7386332,40.9769907],[68.7385865,40.9766592],[68.7385398,40.9764406],[68.7384184,40.9762291],[68.7381475,40.9760176],[68.7379234,40.9759329],[68.7376245,40.9759188],[68.7371201,40.9760387],[68.7368679,40.9760458],[68.7365877,40.9759893],[68.7364196,40.9758483],[68.7363075,40.9756368],[68.7362515,40.97539],[68.7362702,40.9751925],[68.7363636,40.9750233],[68.736896,40.9744309],[68.7369613,40.9743111],[68.7369427,40.9741207],[68.7368399,40.9739162],[68.7365597,40.9737681],[68.7362515,40.9737328],[68.7359774,40.9738465],[68.735367,40.9744752],[68.7351251,40.9746047],[68.7348502,40.9746332],[68.7340571,40.9742525],[68.7331092,40.9736884],[68.7329712,40.9735546],[68.7328572,40.9733454],[68.7328137,40.9727674],[68.7327494,40.9724864],[68.7325311,40.9722048],[68.7321306,40.9720178],[68.7316382,40.9718951],[68.7312898,40.9717415],[68.7310246,40.97159],[68.7308089,40.971395],[68.7303788,40.9708],[68.7300149,40.9705675],[68.7293151,40.9702805],[68.7289318,40.9700367],[68.7285721,40.9696525],[68.7271514,40.9696211],[68.7269191,40.9695903],[68.7265312,40.9695286],[68.7210761,40.9678382],[68.7199864,40.9686563],[68.7197258,40.9686272],[68.716973,40.9673739],[68.7168239,40.9672901],[68.7156088,40.9666076],[68.713488,40.9653759],[68.7119089,40.9647508],[68.7115574,40.964536],[68.7114207,40.9643142],[68.7095888,40.965107],[68.7089886,40.9654467],[68.7084054,40.9657767],[68.7045998,40.9669637],[68.7044524,40.9669579],[68.7023338,40.9658169],[68.7021562,40.9657628],[68.7010668,40.9660064],[68.7000077,40.9666208],[68.6976609,40.9673201],[68.6975199,40.9672576],[68.6974537,40.9669271],[68.6972409,40.9666109],[68.696557,40.9660829],[68.6963214,40.966112],[68.695794,40.9663348],[68.6949134,40.9665145],[68.6942949,40.966613],[68.6937766,40.9665388],[68.6921104,40.9659739],[68.6911783,40.9654325],[68.6898792,40.9650406],[68.6854714,40.9643162],[68.684311,40.9640765],[68.6841509,40.9640192],[68.6840917,40.963883],[68.6841165,40.9621159],[68.6843219,40.9618608],[68.684413,40.9617213],[68.6844105,40.9616199],[68.6843657,40.9615399],[68.6841746,40.9614108],[68.6808443,40.9624593],[68.6794819,40.9626583],[68.6784353,40.9627276],[68.6774381,40.9626042],[68.6766383,40.962347],[68.6730352,40.9604362],[68.6707267,40.9595131],[68.6680284,40.9585123],[68.6665966,40.957791],[68.6657066,40.9572058],[68.6641858,40.9555233],[68.6631129,40.9544684],[68.6620135,40.9534956],[68.6617367,40.9532507],[68.6606429,40.9522514],[68.6597055,40.9512663],[68.6587125,40.9499912],[68.6576289,40.9487502],[68.6569108,40.9480072],[68.6560692,40.9471016],[68.6555434,40.9463737],[68.6536854,40.9451018],[68.6508882,40.9430278],[68.6492609,40.9424903],[68.6463169,40.9424445],[68.6452034,40.9425654],[68.6441214,40.9427387],[68.643684,40.9428542],[68.6425606,40.9433393],[68.6416653,40.9438403],[68.6403992,40.9448212],[68.636336,40.9490575],[68.6354486,40.9501496],[68.6340934,40.9521986],[68.6329871,40.9538714],[68.6318476,40.9555944],[68.630738,40.957272],[68.6285865,40.9605248],[68.6276104,40.9626202],[68.6271745,40.9639375],[68.6269459,40.966142],[68.6270921,40.9668567],[68.627344,40.9676377],[68.6278389,40.9685034],[68.6286609,40.9696152],[68.6295016,40.9705295],[68.6309811,40.9719965],[68.6320936,40.9726989],[68.6334206,40.9733041],[68.6353643,40.973906],[68.6386634,40.9746856],[68.6404174,40.9749468],[68.6422673,40.9751394],[68.6507892,40.9754164],[68.6540164,40.975674],[68.6563244,40.9760372],[68.6623291,40.9778845],[68.6672065,40.9794356],[68.6695522,40.9804424],[68.6703958,40.9808823],[68.6717998,40.9818153],[68.6726245,40.9824729],[68.6733332,40.9833193],[68.6738273,40.9840685],[68.6741158,40.9849132],[68.6742097,40.9857006],[68.6741923,40.9865641],[68.6739174,40.9873951],[68.6732495,40.9883862],[68.6721524,40.9895554],[68.6707084,40.9908633],[68.6686034,40.9922011],[68.6652716,40.9936904],[68.6621918,40.9949212],[68.6577544,40.99562],[68.6548275,40.9960079],[68.6488119,40.9964306],[68.6440445,40.9962047],[68.6429679,40.9962055],[68.6398232,40.9967513],[68.6383587,40.9968695],[68.6364651,40.9969229],[68.6332422,40.9966525],[68.6307563,40.9968833],[68.6285226,40.9973473],[68.6263339,40.998242],[68.6229586,40.9998647],[68.6194277,41.0017683],[68.6170953,41.0036638],[68.6134797,41.0076618],[68.6110672,41.0101741],[68.6107669,41.0104868],[68.6094027,41.0119073],[68.6090788,41.0131016],[68.6087558,41.0142923],[68.6088661,41.0159815],[68.6089489,41.0172479],[68.6093233,41.0205134],[68.6093254,41.0213606],[68.6091428,41.0225882],[68.6091822,41.0231879],[68.6099035,41.0259438],[68.6099628,41.0265591],[68.6099287,41.0271181],[68.609779,41.0277877],[68.6095919,41.0283587],[68.6132002,41.0309515],[68.6136079,41.0314856],[68.6139726,41.0321007],[68.6139297,41.0327644],[68.6137581,41.0332823],[68.6133504,41.0337517],[68.6127281,41.034302],[68.6121273,41.0348038],[68.6118698,41.0353865],[68.6114621,41.0361796],[68.6107969,41.0367623],[68.6096596,41.0372964],[68.6088228,41.0374744],[68.6079859,41.0374744],[68.6076426,41.0376848],[68.6075139,41.0383484],[68.6075353,41.0392062],[68.6077285,41.0398698],[68.6080503,41.0405657],[68.6090588,41.0415691],[68.6095738,41.0426858],[68.6092519,41.0433331],[68.6090159,41.0436083],[68.606441,41.0456797],[68.6041879,41.0470715],[68.6031365,41.0474113],[68.6024069,41.0475246],[68.6018276,41.0474922],[68.6012697,41.0473142],[68.5992098,41.0467316],[68.5972571,41.0463271],[68.5940814,41.0456797],[68.5928154,41.0455826],[68.5918069,41.0456474],[68.5907769,41.0458254],[68.5903693,41.0462106],[68.5884919,41.0470181],[68.5867163,41.0475514],[68.5850775,41.0476724],[68.5843653,41.0475225],[68.5842131,41.0468892],[68.5838044,41.0468234],[68.5837503,41.048077],[68.5834335,41.0486553],[68.5830391,41.0488959],[68.5823658,41.049088],[68.5817693,41.0491835],[68.5808059,41.0495792],[68.5793585,41.0499065],[68.5777659,41.0503048],[68.5768193,41.050423],[68.5761529,41.0505793],[68.5754007,41.0506384],[68.5743032,41.0509289],[68.5731627,41.0510576],[68.5720834,41.0509913],[68.5705344,41.0515839],[68.571147,41.0517643],[68.5729512,41.0512788],[68.5746025,41.0512141],[68.5796211,41.0502108],[68.5780707,41.0540457],[68.5779116,41.0542916],[68.5777766,41.0542747],[68.5773008,41.0544316],[68.5772915,41.0545161],[68.5773942,41.0545654],[68.577525,41.0546006],[68.5772635,41.0550373],[68.577114,41.0553754],[68.5770487,41.0556923],[68.5770206,41.05646],[68.5769739,41.0567065],[68.5770393,41.0568826],[68.5770127,41.0573957],[68.5769179,41.0577278],[68.5766909,41.0576862],[68.5765945,41.0577855],[68.5764638,41.0578954],[68.5761463,41.0579066],[68.5758215,41.0579876],[68.5754966,41.0579982],[68.5753108,41.057945],[68.5747514,41.0573988],[68.574663,41.0572568],[68.5745933,41.0570021],[68.5745757,41.0566872],[68.5746142,41.0561046],[68.5744856,41.0560945],[68.5743423,41.056227],[68.5741483,41.0567342],[68.5739916,41.0567625],[68.5739958,41.0566501],[68.5739556,41.0565565],[68.5737472,41.0565757],[68.5734959,41.0567993],[68.5731885,41.0569173],[68.5728043,41.0568985],[68.5726683,41.0570916],[68.5723174,41.0574115],[68.5720393,41.0576549],[68.5718172,41.0577293],[68.5717465,41.05785],[68.5715543,41.05802],[68.5716517,41.0583027],[68.5717359,41.0584325],[68.5720784,41.0587033],[68.5729906,41.0590445],[68.5730666,41.0590244],[68.5734789,41.0592861],[68.5738178,41.0595488],[68.5741071,41.0598434],[68.5745085,41.0605887],[68.5749801,41.061107],[68.5753117,41.0613719],[68.5754684,41.0616024],[68.5755877,41.0619456],[68.5755677,41.0621624],[68.5754543,41.062499],[68.5748206,41.0632973],[68.5745045,41.0636168],[68.5743299,41.0640374],[68.5738705,41.0644705],[68.5736501,41.0645216],[68.5733811,41.0648217],[68.5729571,41.0650352],[68.5723462,41.0654458],[68.5719048,41.0658197],[68.5708528,41.0662918],[68.5704856,41.0664927],[68.5701558,41.066595],[68.5684389,41.0673757],[68.5666183,41.0684185],[68.5660959,41.0686304],[68.5650628,41.0694454],[68.5637764,41.0709221],[68.5635267,41.0711032],[68.5627732,41.07221],[68.5621007,41.0730056],[68.5611574,41.0741604],[68.560709,41.0746744],[68.5603354,41.0752517],[68.560242,41.075639],[68.56013,41.0757868],[68.5598311,41.0760896],[68.5598056,41.0761794],[68.5598057,41.076372],[68.5596282,41.0772688],[68.5596027,41.0786204],[68.5596267,41.0789835],[68.5597754,41.0801551],[68.5600353,41.0814369],[68.5600905,41.0821271],[68.5602909,41.0826834],[68.5607435,41.0833242],[68.5611549,41.0839359],[68.5615113,41.0845545],[68.5616065,41.0851028],[68.561769,41.0854178],[68.5618783,41.0857777],[68.5620715,41.0863558],[68.5621779,41.0865406],[68.563514,41.0874589],[68.5637898,41.0877455],[68.5640398,41.088093],[68.5642582,41.0886187],[68.5644327,41.088776],[68.5647567,41.0896794],[68.5646782,41.0898891],[68.5647024,41.0900495],[68.5648256,41.0900887],[68.564885,41.0901954],[68.5647985,41.0903945],[68.5648496,41.0905817],[68.5650639,41.0907448],[68.565175,41.0910992],[68.5653784,41.0915404],[68.5653929,41.0917612],[68.5654781,41.0919213],[68.565427,41.0920889],[68.5655253,41.092334],[68.5655165,41.0925143],[68.5653868,41.0924105],[68.5652977,41.0924877],[68.5652128,41.0925999],[68.5650431,41.0925287],[68.5649279,41.0926819],[68.5649458,41.0930422],[68.565177,41.0933938],[68.565146,41.0931919],[68.5652238,41.0932035],[68.5653655,41.0933712],[68.5654698,41.0936234],[68.5656631,41.0937728],[68.5657321,41.0939169],[68.5657207,41.0940641],[68.5657539,41.0942179],[68.5658297,41.0944762],[68.5658186,41.0950681],[68.5658944,41.0952999],[68.5658253,41.0956794],[68.565836,41.0959724],[68.565819,41.0967454],[68.5657682,41.0971047],[68.5652727,41.0971602],[68.5646517,41.0972964],[68.563844,41.0975453],[68.5633494,41.097508],[68.5631913,41.0930203],[68.5610176,41.0923738],[68.560286,41.0952532],[68.5606667,41.0980706],[68.5600387,41.1001755],[68.5415514,41.1043964],[68.5375673,41.1068284],[68.527212,41.1095502],[68.5250839,41.1094693],[68.5234235,41.1085892],[68.5222895,41.107975],[68.5215517,41.107857],[68.5208944,41.1076628],[68.5203492,41.1075953],[68.5198378,41.1074039],[68.5192051,41.1073815],[68.5188794,41.1073421],[68.5182921,41.107176],[68.5174797,41.1067782],[68.5168261,41.1066158],[68.5161541,41.1066289],[68.5154453,41.1067255],[68.5141207,41.1069451],[68.5125663,41.1073898],[68.5113459,41.1076323],[68.5101926,41.1076969],[68.5094308,41.1076322],[68.5081353,41.1078121],[68.5073333,41.1081213],[68.5058152,41.1083194],[68.5036372,41.1081981],[68.5019893,41.1077292],[68.498764,41.1069392],[68.4981913,41.1068389],[68.4968158,41.1067915],[68.4958223,41.1067017],[68.4950156,41.1065274],[68.4937198,41.1064182],[68.4926806,41.1064108],[68.4924726,41.1063472],[68.4917765,41.1060996],[68.4893271,41.1055062],[68.4882993,41.1051909],[68.4873444,41.1050818],[68.4858316,41.105005],[68.484866,41.1050777],[68.4825427,41.1048089],[68.4797044,41.1043623],[68.4789631,41.1043097],[68.4782958,41.104431],[68.4771478,41.1049484],[68.475871,41.1048513],[68.4739612,41.1050453],[68.472863,41.1053161],[68.4719794,41.1057163],[68.4714566,41.1062256],[68.4707115,41.1065328],[68.4699937,41.1066945],[68.4691161,41.1071795],[68.4678072,41.1079839],[68.4652108,41.1092247],[68.4621209,41.1107041],[68.4607608,41.1116508],[68.4601302,41.1119024],[68.4579249,41.1131169],[68.4558317,41.114382],[68.4551217,41.1146856],[68.4547107,41.1147781],[68.4537391,41.1153711],[68.4518599,41.1163835],[68.4503149,41.117019],[68.4489416,41.1174818],[68.4468817,41.1181163],[68.4455091,41.1185741],[68.4448846,41.1187502],[68.4439964,41.1189137],[68.4411785,41.1192703],[68.4407091,41.1192777],[68.4397951,41.1191701],[68.4386689,41.1190157],[68.4383233,41.1189225],[68.4378923,41.1188708],[68.4367537,41.1187063],[68.4360609,41.1184832],[68.4357747,41.1183336],[68.4350049,41.1179571],[68.4341943,41.1176358],[68.4334677,41.1172137],[68.4330682,41.1169702],[68.4326443,41.1168021],[68.4324772,41.1167048],[68.4323751,41.1165584],[68.4322164,41.1165787],[68.4320578,41.116501],[68.4318544,41.1165048],[68.4315909,41.1164171],[68.4315062,41.1163172],[68.4313044,41.1163747],[68.4313903,41.11629],[68.4310859,41.1162605],[68.4310137,41.1163363],[68.4309449,41.1164792],[68.4307948,41.1164078],[68.4306551,41.1162744],[68.4304094,41.1161576],[68.4303019,41.1160347],[68.4297294,41.1156572],[68.4291082,41.1151449],[68.4286831,41.1147946],[68.4285669,41.1147872],[68.4279741,41.1148443],[68.4277877,41.1149258],[68.4275777,41.1149297],[68.4275968,41.1148393],[68.4275616,41.1147139],[68.4271545,41.114841],[68.4267175,41.1151508],[68.4256546,41.115721],[68.424518,41.1162466],[68.4240955,41.1165408],[68.423137,41.1174337],[68.422356,41.1181155],[68.4219946,41.1184067],[68.4215865,41.118909],[68.4211423,41.1195543],[68.4206982,41.1200449],[68.4204875,41.1204229],[68.4201087,41.1211456],[68.4198199,41.1215905],[68.4195167,41.122024],[68.4194118,41.1222056],[68.4191632,41.1224934],[68.4189146,41.1226827],[68.4182945,41.1231682],[68.4181629,41.1234197],[68.4180499,41.1235024],[68.4178799,41.1234988],[68.4177053,41.1235692],[68.4172505,41.1236818],[68.4162661,41.1241321],[68.4153084,41.1246886],[68.414101,41.1255649],[68.4125107,41.1266241],[68.412045,41.1269622],[68.4115693,41.1271454],[68.4112941,41.1272721],[68.4108788,41.12742],[68.4105435,41.1275421],[68.4094424,41.1278049],[68.4090146,41.1278943],[68.4081779,41.1280027],[68.4072403,41.1282139],[68.4068258,41.1283125],[68.4063308,41.1285239],[68.4060924,41.1286844],[68.4057793,41.1288166],[68.404546,41.1291938],[68.4046574,41.129304],[68.4045871,41.1294224],[68.4044678,41.1294324],[68.4041805,41.1296816],[68.4039924,41.1298035],[68.4038031,41.129977],[68.4037515,41.1301552],[68.4034196,41.1301013],[68.4033025,41.1302162],[68.4030118,41.1302044],[68.4028039,41.1301246],[68.4023787,41.1301127],[68.4019699,41.1301876],[68.4018041,41.1302063],[68.4014747,41.1301651],[68.4012587,41.1302219],[68.4011931,41.1303398],[68.4006046,41.1305],[68.4002867,41.1305669],[68.3997238,41.130815],[68.3992357,41.1309575],[68.398745,41.1309612],[68.3986046,41.1310573],[68.3983148,41.1310338],[68.3978708,41.1311933],[68.3975461,41.1312484],[68.3972063,41.1312478],[68.3963621,41.1313668],[68.3955878,41.1316097],[68.3951446,41.1316572],[68.394692,41.1318033],[68.3942212,41.132018],[68.3938271,41.1321957],[68.3934338,41.1322002],[68.3931527,41.1323453],[68.392792,41.1325781],[68.392492,41.1326561],[68.3921733,41.1326356],[68.3907585,41.1326522],[68.38978,41.1325942],[68.38902,41.1324526],[68.3886242,41.1324728],[68.388115,41.1325747],[68.387808,41.132673],[68.3872061,41.1330538],[68.3867963,41.1334074],[68.3866153,41.1334655],[68.3866556,41.1333117],[68.386509,41.133186],[68.385757,41.1330597],[68.3848602,41.1328141],[68.384688,41.1326294],[68.384801,41.1325247],[68.3845586,41.1324723],[68.3844187,41.1325587],[68.3842647,41.1325456],[68.384113,41.1324406],[68.3839718,41.132578],[68.3837517,41.1325834],[68.3835389,41.1325158],[68.3834663,41.1324059],[68.3832757,41.1323434],[68.3830123,41.1324036],[68.3827218,41.1323633],[68.3823991,41.1324839],[68.3821537,41.1324738],[68.3819749,41.1324969],[68.3817081,41.1324874],[68.3815347,41.1325833],[68.3812641,41.1325855],[68.3811662,41.1325303],[68.3809958,41.1325309],[68.3809199,41.1326648],[68.3807699,41.1327036],[68.3805735,41.1326457],[68.3803539,41.1325182],[68.380132,41.1325318],[68.3799183,41.132602],[68.3793444,41.13263],[68.3789548,41.1325104],[68.3785558,41.1325314],[68.378352,41.1324756],[68.378054,41.1325322],[68.3768029,41.1323635],[68.3756636,41.1321314],[68.3753275,41.132149],[68.374954,41.132237],[68.3746653,41.1322056],[68.3743435,41.1321195],[68.3739304,41.132182],[68.3735651,41.1321148],[68.3732517,41.1321304],[68.3724131,41.1319624],[68.3717043,41.1319979],[68.3711818,41.1320438],[68.3704432,41.1320091],[68.3703211,41.1319461],[68.3702823,41.1318203],[68.3702234,41.1319344],[68.3701055,41.1319656],[68.3700006,41.1318874],[68.3698654,41.131942],[68.3698005,41.1321334],[68.3698098,41.1323796],[68.3697538,41.132464],[68.3696323,41.1324077],[68.3695296,41.132253],[68.3694455,41.1320982],[68.3694455,41.1319856],[68.3692774,41.1319223],[68.3693521,41.1318449],[68.3692494,41.1317887],[68.3692307,41.1317183],[68.3692774,41.131662],[68.369184,41.1314228],[68.3690906,41.131458],[68.3690066,41.1316198],[68.3687264,41.131662],[68.3685769,41.1315635],[68.3683247,41.1313666],[68.3679792,41.1313666],[68.3676523,41.1313173],[68.3674561,41.131247],[68.3673254,41.1310852],[68.3669798,41.1309726],[68.366765,41.1308178],[68.3666435,41.1307264],[68.366326,41.1306701],[68.3659524,41.1303746],[68.3657936,41.1302621],[68.3651585,41.1300862],[68.3649997,41.1300159],[68.3646728,41.1298681],[68.3643085,41.1298189],[68.3641311,41.1297063],[68.3637201,41.1296219],[68.3635613,41.1295515],[68.3630476,41.129439],[68.3625993,41.1293757],[68.3624219,41.1293053],[68.3623565,41.1292068],[68.3622257,41.1293123],[68.362123,41.1293053],[68.3619922,41.129242],[68.3619549,41.1291224],[68.3617681,41.1290239],[68.3614972,41.1289958],[68.3614599,41.1291716],[68.3612731,41.1293334],[68.3610302,41.1293757],[68.3609088,41.1293757],[68.3608061,41.1294108],[68.360666,41.1294179],[68.3606193,41.1295234],[68.3604885,41.1296149],[68.3603577,41.1297344],[68.3598534,41.1299596],[68.3596572,41.1299947],[68.3594051,41.1298963],[68.3589567,41.1296922],[68.3586579,41.1296149],[68.3584057,41.1294742],[68.3583216,41.1292772],[68.3580881,41.1292701],[68.3578826,41.1293757],[68.3575838,41.1294319],[68.3574063,41.1294671],[68.3572662,41.1294742],[68.3570794,41.1294671],[68.3569113,41.1295164],[68.3567992,41.1296008],[68.356575,41.1295726],[68.3564256,41.1296711],[68.3562668,41.1297133],[68.3561361,41.1297204],[68.3560333,41.1297837],[68.3559026,41.1297837],[68.3558559,41.129854],[68.3557344,41.1298752],[68.355641,41.1298259],[68.3555757,41.1299174],[68.3554542,41.1299736],[68.3553422,41.1299877],[68.3549499,41.1299736],[68.3546697,41.1299736],[68.3541186,41.1300862],[68.353717,41.1301988],[68.3530539,41.1304098],[68.3525121,41.1305224],[68.3523067,41.1306209],[68.3519704,41.1307686],[68.3516062,41.130853],[68.350971,41.1309163],[68.35042,41.1310922],[68.3502986,41.1313736],[68.3498596,41.1315073],[68.3494673,41.1315987],[68.3492618,41.1316128],[68.3490003,41.1316128],[68.3488695,41.131662],[68.3488322,41.1317605],[68.3486454,41.1318379],[68.3484492,41.1318942],[68.3482998,41.1320138],[68.3478888,41.1321826],[68.3477207,41.1321685],[68.3477581,41.132267],[68.3476834,41.1323022],[68.3475806,41.1322952],[68.3474592,41.1324288],[68.3474218,41.1325344],[68.3473191,41.1326047],[68.3471883,41.1328791],[68.3470669,41.1330971],[68.3466746,41.1332167],[68.34575,41.1332871],[68.3454791,41.1331956],[68.3453203,41.1330338],[68.3452176,41.1330057],[68.3450028,41.1327876],[68.3445825,41.1327524],[68.3439941,41.1326891],[68.3435457,41.1327032],[68.3431348,41.132661],[68.3428733,41.1327384],[68.3427425,41.1327032],[68.3424436,41.132668],[68.3421541,41.1325836],[68.3416684,41.1324921],[68.3411454,41.1324781],[68.3396136,41.132471],[68.3393427,41.1325695],[68.3390625,41.1325906],[68.3386703,41.1326258],[68.3381566,41.1327032],[68.3377082,41.132668],[68.3374747,41.1327454],[68.337316,41.1327173],[68.3370825,41.132661],[68.3368957,41.1326539],[68.3366341,41.1326891],[68.3364847,41.1327524],[68.3362138,41.1329072],[68.335943,41.1332027],[68.335943,41.1333785],[68.3357468,41.1333645],[68.3356161,41.1332871],[68.3356067,41.1329987],[68.3354573,41.1329283],[68.3352985,41.1329424],[68.335093,41.1329987],[68.3348595,41.1329775],[68.3344486,41.1329916],[68.334159,41.1332449],[68.3338788,41.1333574],[68.3336827,41.1336529],[68.3335706,41.1337443],[68.3334492,41.1337584],[68.3333278,41.1337584],[68.3332344,41.1338006],[68.3330476,41.1337162],[68.3330569,41.1336318],[68.3329729,41.1335825],[68.3329355,41.133674],[68.332674,41.1336951],[68.3321976,41.1337865],[68.3318894,41.1337584],[68.3316092,41.1338217],[68.3313944,41.1338006],[68.3308807,41.133871],[68.3301428,41.1340398],[68.3298346,41.1342156],[68.3296105,41.1342156],[68.3293116,41.1343423],[68.3290407,41.1344337],[68.3288633,41.1344619],[68.3286578,41.134687],[68.3282282,41.1348417],[68.3280414,41.1349332],[68.3278172,41.1349824],[68.3274903,41.1352708],[68.3271074,41.135503],[68.3268739,41.1356226],[68.326631,41.1356999],[68.3262387,41.1359321],[68.3255009,41.1365722],[68.325146,41.1367903],[68.3249218,41.1367903],[68.324296,41.1368747],[68.3239785,41.1368747],[68.323773,41.1368325],[68.3235115,41.1369239],[68.3233807,41.1370787],[68.3230351,41.1371983],[68.3225401,41.1375078],[68.3224187,41.1374937],[68.3220824,41.1376836],[68.3217555,41.1378524],[68.3218863,41.1382534],[68.3217836,41.1382956],[68.3215314,41.1383941],[68.3214006,41.1382745],[68.3213819,41.1383519],[68.3215407,41.1385629],[68.3215314,41.1386754],[68.3213633,41.1386754],[68.3211484,41.1386754],[68.3208309,41.1385348],[68.320532,41.1385137],[68.3203732,41.1384714],[68.3201771,41.138577],[68.319542,41.1389357],[68.3192244,41.1390694],[68.3189255,41.1390764],[68.3183931,41.1393366],[68.3180289,41.1395899],[68.317702,41.1396321],[68.3175245,41.1397446],[68.3172163,41.1398923],[68.3170295,41.1400682],[68.3168614,41.1401174],[68.3166185,41.1401174],[68.3163197,41.1401878],[68.3160862,41.1402159],[68.315834,41.1403706],[68.3154604,41.1405676],[68.3151895,41.1406379],[68.3148813,41.1406942],[68.3144423,41.1409123],[68.3140407,41.1410037],[68.3138539,41.1411373],[68.3135457,41.1411444],[68.3134056,41.1412358],[68.3132468,41.141271],[68.3129853,41.141271],[68.3125276,41.1414046],[68.3122007,41.1414609],[68.3119299,41.1415945],[68.311687,41.1416297],[68.3110426,41.14189],[68.3105569,41.1419181],[68.3104915,41.1420236],[68.3101179,41.1420869],[68.3098937,41.1421924],[68.3091559,41.1423823],[68.3090531,41.14253],[68.3089037,41.1425863],[68.3087823,41.1425863],[68.3086982,41.1426707],[68.3087076,41.1428465],[68.3088103,41.1430998],[68.3087729,41.1434092],[68.3086515,41.1435218],[68.3084087,41.143775],[68.3082966,41.143986],[68.3081939,41.1441056],[68.3081939,41.1441759],[68.3082125,41.1442744],[68.3080818,41.1442533],[68.3079137,41.1443166],[68.3077549,41.1442744],[68.3073626,41.1442744],[68.3071571,41.1443377],[68.3069516,41.1442814],[68.3065967,41.1443236],[68.3064006,41.1443236],[68.3062505,41.144369],[68.3059734,41.1444654],[68.3056465,41.144585],[68.305385,41.1447186],[68.3050114,41.1448733],[68.3047966,41.1449929],[68.3045818,41.1450703],[68.3043296,41.1451898],[68.3037318,41.1455275],[68.3035544,41.1457174],[68.3031247,41.1461253],[68.3027511,41.1463715],[68.302527,41.146695],[68.3020039,41.1472576],[68.3017611,41.1477359],[68.301649,41.1478555],[68.3016677,41.1479469],[68.3015369,41.1482353],[68.3015182,41.1484181],[68.3014155,41.1486713],[68.3013688,41.1487768],[68.3009859,41.1490863],[68.3006309,41.1491355],[68.300304,41.1490792],[68.2997623,41.149023],[68.2995008,41.1490792],[68.2986602,41.1495926],[68.2976141,41.1505632],[68.2966895,41.1516462],[68.2962879,41.152251],[68.2959516,41.1525675],[68.2955126,41.1530668],[68.2953725,41.1532919],[68.2950176,41.1538334],[68.2947561,41.1540725],[68.2942144,41.1543467],[68.2935139,41.1550078],[68.293159,41.1553805],[68.2924024,41.1560486],[68.2915618,41.1569557],[68.2910575,41.1577996],[68.2903756,41.1587559],[68.2903383,41.1588825],[68.2902262,41.158981],[68.2902075,41.1591005],[68.2900954,41.1591427],[68.2900301,41.1592622],[68.289918,41.1592763],[68.2898433,41.1593747],[68.2898433,41.1595084],[68.2897592,41.1599162],[68.2897592,41.1601412],[68.2896284,41.1603451],[68.2893482,41.1605209],[68.2892081,41.1606405],[68.288956,41.160767],[68.2889186,41.1608866],[68.2887785,41.1608866],[68.2887038,41.160971],[68.2886384,41.1610343],[68.2884796,41.1610835],[68.2884516,41.1612804],[68.288134,41.1616109],[68.2878912,41.1619624],[68.2873495,41.1623773],[68.2867424,41.1630312],[68.2863688,41.1633125],[68.2861353,41.163657],[68.2852947,41.1646907],[68.2850145,41.1651196],[68.2848744,41.1655766],[68.2846502,41.1659563],[68.2844167,41.1667157],[68.2842579,41.1671305],[68.2841832,41.1678547],[68.2841645,41.1680445],[68.2840244,41.1681851],[68.283819,41.1682344],[68.2835388,41.1682625],[68.2829877,41.1687054],[68.2822377,41.1691805],[68.2820228,41.1694266],[68.2818454,41.1695953],[68.2816025,41.1697851],[68.2814344,41.1698484],[68.280818,41.1698133],[68.279968,41.1704109],[68.27895,41.1714725],[68.2787071,41.1717608],[68.2779319,41.1723443],[68.2773809,41.1726607],[68.2769606,41.1728646],[68.2765216,41.1732161],[68.276232,41.1735043],[68.2760919,41.173666],[68.2758584,41.1740738],[68.2754008,41.1747909],[68.2751579,41.1754095],[68.2751019,41.1756626],[68.2749151,41.175993],[68.2748217,41.1765203],[68.2748217,41.1769983],[68.2746349,41.1773639],[68.2739904,41.1782919],[68.2737476,41.1787839],[68.2736635,41.1791565],[68.2735608,41.1794658],[68.2735608,41.1797189],[68.2735234,41.1799579],[68.2733086,41.1804851],[68.2731872,41.1812162],[68.2731312,41.1816731],[68.2731592,41.1818208],[68.2730751,41.1820246],[68.2731779,41.182109],[68.2732059,41.1824183],[68.2732713,41.1826151],[68.2733833,41.1830439],[68.2736822,41.1838101],[68.2737289,41.1843513],[68.2737569,41.1849418],[68.273813,41.1853003],[68.2737383,41.1863195],[68.2737569,41.1867904],[68.2736822,41.1873387],[68.2735982,41.1878167],[68.2735608,41.1887655],[68.2736262,41.1892013],[68.2735701,41.1895879],[68.2734674,41.1898409],[68.2732246,41.1902345],[68.2728229,41.1909023],[68.2726455,41.1912958],[68.27244,41.191577],[68.2721972,41.1916754],[68.2719263,41.1916613],[68.2716554,41.1916332],[68.2712351,41.1917316],[68.2706,41.1920127],[68.2701424,41.1923501],[68.2697968,41.1924696],[68.2693765,41.1925539],[68.2684518,41.193074],[68.2679475,41.1934184],[68.2671816,41.1941704],[68.2669294,41.1943602],[68.2667146,41.1946483],[68.2655938,41.1956393],[68.265463,41.1957236],[68.2650894,41.1961172],[68.26494,41.1962437],[68.2646505,41.1964827],[68.2642582,41.1967919],[68.2640527,41.1970941],[68.2636884,41.1978109],[68.263483,41.1980077],[68.2631187,41.1981342],[68.2627825,41.1983029],[68.2623622,41.1987175],[68.2619325,41.1990689],[68.2616336,41.1995749],[68.2613534,41.1997787],[68.2607837,41.2006712],[68.2603821,41.2010788],[68.2598497,41.201901],[68.2595602,41.2023999],[68.2592052,41.2029129],[68.2590091,41.2032994],[68.2589131,41.2035237],[68.2579605,41.2048588],[68.2578857,41.2050556],[68.2575215,41.2055966],[68.2570825,41.2060815],[68.2570078,41.2062642],[68.2565968,41.2065874],[68.2563633,41.2067139],[68.2559804,41.2071215],[68.2557656,41.2072339],[68.2556441,41.2073955],[68.2553733,41.2076696],[68.2549623,41.2079928],[68.2544393,41.2084074],[68.254103,41.2087306],[68.2532998,41.2091522],[68.2520202,41.2097565],[68.2515906,41.2099602],[68.2512637,41.2101289],[68.2510489,41.210171],[68.2505258,41.2102202],[68.2501616,41.2103537],[68.2498907,41.2105294],[68.2493677,41.2108877],[68.2489193,41.2110915],[68.2483683,41.2112742],[68.2479667,41.2112672],[68.2473035,41.2115201],[68.2471354,41.2115412],[68.2468739,41.2114779],[68.246547,41.2113023],[68.2462294,41.2112039],[68.2459586,41.2112039],[68.2457157,41.2110634],[68.2454729,41.2101008],[68.2455196,41.2099673],[68.2454822,41.209623],[68.2455289,41.2094262],[68.2455009,41.2090187],[68.2454822,41.2089063],[68.2452674,41.2090046],[68.245174,41.2091592],[68.2451553,41.2092997],[68.245174,41.2094965],[68.2451553,41.2096722],[68.245174,41.21015],[68.2450619,41.2108175],[68.2449312,41.211232],[68.2444175,41.2118784],[68.2438104,41.2122298],[68.2430351,41.2126373],[68.242428,41.2131221],[68.2420871,41.2135155],[68.2417649,41.2137474],[68.2415968,41.2137685],[68.2414567,41.2137052],[68.2414754,41.213563],[68.2415688,41.2132802],[68.2415314,41.2132204],[68.2413353,41.2134593],[68.241438,41.2132064],[68.2415034,41.2130747],[68.2415688,41.2129218],[68.241438,41.2129956],[68.2412419,41.213375],[68.2412045,41.2132415],[68.2412605,41.2131783],[68.2412419,41.2129886],[68.2411204,41.2129675],[68.2412045,41.2128621],[68.2413259,41.2129113],[68.241382,41.2125389],[68.2412699,41.2124546],[68.2410457,41.2127919],[68.2409243,41.2129886],[68.2408122,41.213101],[68.2407749,41.2133399],[68.2408776,41.2135647],[68.2408589,41.2141128],[68.2409523,41.2143868],[68.2411298,41.2145624],[68.2413166,41.2146678],[68.2416528,41.2148224],[68.2420918,41.2149137],[68.2422506,41.214998],[68.24225,41.2151131],[68.2424483,41.2151133],[68.242656,41.2150643],[68.2432763,41.2148202],[68.2434633,41.2147758],[68.2437529,41.2148039],[68.2440144,41.2149304],[68.2443693,41.2151482],[68.2446775,41.2152676],[68.245406,41.2155065],[68.2455928,41.215633],[68.2456676,41.2157665],[68.2457143,41.2160194],[68.2457143,41.216188],[68.2456022,41.2163566],[68.2453033,41.2164831],[68.2451258,41.2166166],[68.244827,41.2169047],[68.244472,41.2170452],[68.2437809,41.2171787],[68.2432111,41.2173473],[68.2430524,41.2174667],[68.2429496,41.2176564],[68.2429496,41.2178742],[68.2430617,41.2180007],[68.2432392,41.218106],[68.2434446,41.2181482],[68.2446121,41.2182395],[68.2449204,41.2182395],[68.2454434,41.2181974],[68.2457329,41.2181903],[68.2460785,41.2182817],[68.2465735,41.2184924],[68.2466669,41.2186049],[68.246695,41.2187524],[68.2466389,41.2188859],[68.2464895,41.2190404],[68.2460318,41.2193355],[68.2457702,41.2196256],[68.2456861,41.2198785],[68.2457048,41.2200541],[68.2457889,41.2201806],[68.2460037,41.2202509],[68.2467135,41.2203703],[68.2470124,41.2204757],[68.2472926,41.2206443],[68.2475261,41.2209534],[68.2476289,41.2211852],[68.2476382,41.2213819],[68.2475635,41.221691],[68.2470404,41.2228291],[68.246919,41.223342],[68.246891,41.2236159],[68.246891,41.2239321],[68.246863,41.2241709],[68.2469003,41.2243216],[68.2470124,41.2244269],[68.2475821,41.2247079],[68.2480117,41.22501],[68.2483013,41.2253472],[68.248404,41.2256212],[68.2485348,41.2260707],[68.2485815,41.2264009],[68.2485068,41.2266468],[68.2483246,41.2268716],[68.247881,41.2272368],[68.2475914,41.2276443],[68.2475634,41.2278058],[68.2476757,41.2280006],[68.2478531,41.2281833],[68.2485163,41.2286328],[68.2488618,41.228956],[68.2489833,41.2291526],[68.2490113,41.2293704],[68.2489926,41.2296092],[68.2488712,41.229834],[68.2483108,41.2306699],[68.2478905,41.2312389],[68.2478158,41.2314496],[68.2478811,41.2315901],[68.2481427,41.231864],[68.2484322,41.2320466],[68.2487404,41.2323136],[68.2488618,41.2324962],[68.2488618,41.2326437],[68.2487498,41.2328544],[68.2485002,41.233272],[68.2483507,41.2338339],[68.2482013,41.2341851],[68.2479771,41.23474],[68.2477623,41.2353019],[68.2475008,41.2358076],[68.2473873,41.2360959],[68.2472939,41.2363769],[68.2472939,41.2366016],[68.2473687,41.2369388],[68.2474247,41.2372548],[68.2474901,41.237599],[68.2476395,41.2378659],[68.2479571,41.2382171],[68.2483587,41.238498],[68.2488537,41.2387157],[68.2494888,41.2388702],[68.2501146,41.2389334],[68.250731,41.2389686],[68.2513101,41.2389334],[68.2517958,41.2389756],[68.252104,41.2390528],[68.2523375,41.2392144],[68.2524029,41.2394532],[68.2523655,41.2396569],[68.2521881,41.240008],[68.2518425,41.2405769],[68.2518051,41.2408578],[68.2518985,41.2413003],[68.2522068,41.2419745],[68.252954,41.2426838],[68.2532061,41.2428453],[68.2538058,41.2430131],[68.2542915,41.2431465],[68.2545997,41.2433362],[68.2549173,41.24361],[68.254992,41.2437435],[68.254964,41.2439261],[68.2544316,41.2446845],[68.2543382,41.2449725],[68.2543475,41.2452464],[68.2544596,41.2454641],[68.2546464,41.2455905],[68.254964,41.2456256],[68.255487,41.2456045],[68.2558513,41.2455343],[68.2564397,41.2453798],[68.2567105,41.2453938],[68.2569814,41.2454641],[68.2571589,41.2455905],[68.257355,41.2458995],[68.2578407,41.2465174],[68.258317,41.2470582],[68.2587747,41.2475498],[68.2593071,41.2480132],[68.25969,41.2484627],[68.2605026,41.2490666],[68.2607081,41.2492913],[68.2608762,41.2493545],[68.2612498,41.2493966],[68.2620343,41.2494107],[68.2622865,41.2494739],[68.2624453,41.2495933],[68.262464,41.2497337],[68.2623239,41.251419],[68.2623986,41.2515454],[68.2626601,41.2516578],[68.262987,41.251721],[68.2634167,41.251721],[68.2638276,41.2517139],[68.2643226,41.251749],[68.2646028,41.2518193],[68.2648924,41.2519457],[68.2653781,41.2521984],[68.265761,41.2525004],[68.2665456,41.253343],[68.2669565,41.2538696],[68.2674329,41.254319],[68.2679092,41.2546069],[68.2681614,41.2548316],[68.2683388,41.2549369],[68.2684416,41.2550282],[68.2684976,41.2551687],[68.2683295,41.256264],[68.2683949,41.2564396],[68.268535,41.2566011],[68.2689273,41.2568047],[68.269553,41.2570996],[68.2698426,41.2571136],[68.2702815,41.2570223],[68.2706738,41.25691],[68.2708886,41.25691],[68.2710194,41.2569521],[68.2711035,41.2570645],[68.2711035,41.2572049],[68.270954,41.2574085],[68.2704497,41.2578158],[68.2703189,41.2580475],[68.2702629,41.2583143],[68.2702629,41.2585109],[68.270431,41.2588409],[68.2706645,41.2591498],[68.2712716,41.2597115],[68.2718507,41.2603293],[68.2720188,41.2604487],[68.272299,41.260561],[68.2725698,41.2606102],[68.2733544,41.2606804],[68.2740269,41.2607506],[68.274223,41.2608068],[68.2743538,41.2609332],[68.2744659,41.2612],[68.2744659,41.2613614],[68.2743538,41.2615089],[68.2735786,41.2622391],[68.2732797,41.2626463],[68.2732703,41.2628218],[68.2733824,41.2630464],[68.2735599,41.2631588],[68.2738214,41.26325],[68.2744659,41.2633483],[68.2748208,41.2633905],[68.2753999,41.2635239],[68.2759696,41.2637345],[68.2761938,41.2637626],[68.2775761,41.2637064],[68.277987,41.2637766],[68.2781925,41.263903],[68.2782486,41.2640434],[68.2782205,41.2641908],[68.2778563,41.2647314],[68.2777349,41.2650684],[68.2777162,41.2653001],[68.2777162,41.2655318],[68.2780991,41.2664163],[68.2784634,41.2669007],[68.2789584,41.2672869],[68.279388,41.2674904],[68.279771,41.2676379],[68.2801913,41.2677291],[68.2806489,41.2677993],[68.2810319,41.2679046],[68.2812654,41.268045],[68.2814055,41.2682908],[68.2814055,41.2684803],[68.281228,41.2688313],[68.2810319,41.2690419],[68.280789,41.2691262],[68.2803314,41.2691121],[68.2801633,41.2690981],[68.2798737,41.2690068],[68.2796589,41.2690138],[68.2794441,41.269056],[68.2792853,41.2691823],[68.2792479,41.2693648],[68.279304,41.2696105],[68.2795095,41.2699264],[68.2797616,41.2702353],[68.2802567,41.2705653],[68.2804435,41.2707618],[68.2805742,41.2709584],[68.280705,41.271183],[68.2808824,41.2720254],[68.2810319,41.2723764],[68.281256,41.2728467],[68.2814522,41.2734644],[68.2814522,41.2736821],[68.2814148,41.2738786],[68.2812934,41.274012],[68.2809478,41.2741804],[68.2800325,41.2745244],[68.2796309,41.2747841],[68.2795375,41.2749245],[68.2795375,41.2751],[68.2797056,41.2752264],[68.2799578,41.2753597],[68.2805836,41.2755633],[68.2812093,41.2757669],[68.2813121,41.2758792],[68.2815362,41.2760546],[68.2817324,41.2761248],[68.2819379,41.2761389],[68.2824889,41.2761038],[68.2826477,41.2761319],[68.2828158,41.2762933],[68.2828905,41.2764548],[68.2828905,41.2766373],[68.2827224,41.2769461],[68.2825076,41.2771918],[68.2820873,41.2775919],[68.2820406,41.2777323],[68.282106,41.2778516],[68.2823115,41.2779218],[68.2826384,41.2779779],[68.2829372,41.2779077],[68.2834509,41.2778586],[68.2842262,41.2779077],[68.284964,41.2780271],[68.2854497,41.2781745],[68.2856272,41.2782868],[68.2857392,41.2784412],[68.2857392,41.2785746],[68.2856085,41.278736],[68.2850854,41.2792414],[68.2849827,41.2792975],[68.2848146,41.2792905],[68.2841608,41.2788202],[68.2839086,41.2787009],[68.2836658,41.2786798],[68.2834042,41.2787711],[68.2824142,41.2791852],[68.282078,41.2794309],[68.2819846,41.2796204],[68.2820219,41.2798029],[68.28219,41.2799503],[68.2823582,41.2799994],[68.2825076,41.2799573],[68.283068,41.2795853],[68.2832641,41.2795502],[68.2834509,41.2795783],[68.2836471,41.2797046],[68.2838619,41.2798871],[68.2841888,41.2803644],[68.2842448,41.2805188],[68.2842448,41.2806732],[68.2840394,41.281333],[68.284058,41.2815927],[68.2841795,41.2818524],[68.2843476,41.2819577],[68.2848426,41.282084],[68.2851695,41.2821893],[68.2854217,41.2822735],[68.2855151,41.2823788],[68.2855618,41.2825402],[68.2855307,41.2827869],[68.2852505,41.2834116],[68.2851291,41.2836362],[68.2845313,41.2842538],[68.2843072,41.2846679],[68.2842978,41.2847661],[68.2845407,41.2850188],[68.2847275,41.28511],[68.2849796,41.2851451],[68.2856801,41.2850469],[68.2860817,41.2850469],[68.2863526,41.2851171],[68.286502,41.2852294],[68.2865207,41.2853627],[68.2864647,41.2855171],[68.2862779,41.2856434],[68.2856148,41.2858961],[68.2849236,41.2860435],[68.2841857,41.286261],[68.2839149,41.2863944],[68.2837094,41.2865839],[68.2836067,41.2867523],[68.2835693,41.2870611],[68.283644,41.2871243],[68.2842138,41.2872927],[68.2846341,41.287398],[68.2851664,41.2876085],[68.2854186,41.2876507],[68.2857735,41.2877349],[68.2859883,41.2878542],[68.2860724,41.2879945],[68.2861004,41.288163],[68.2861098,41.2883033],[68.285923,41.2885349],[68.2844286,41.2897631],[68.284083,41.2899876],[68.2837841,41.2902894],[68.2836347,41.2906122],[68.2834946,41.291328],[68.2835226,41.2916438],[68.2836347,41.2918263],[68.2837935,41.2919175],[68.2840363,41.2919737],[68.2841951,41.2920509],[68.2844473,41.292107],[68.2846808,41.2920649],[68.2849049,41.2919105],[68.2851384,41.2916088],[68.2853439,41.2914333],[68.2856148,41.2913702],[68.2859323,41.2914052],[68.2861751,41.2915316],[68.2866421,41.2917561],[68.2872212,41.2921842],[68.2877536,41.2923947],[68.2879684,41.2925702],[68.2880151,41.2926965],[68.2880338,41.2928228],[68.287791,41.2931386],[68.2872306,41.2938123],[68.2869504,41.2942824],[68.286885,41.2944789],[68.2868289,41.2950824],[68.286885,41.2954052],[68.2870438,41.2956087],[68.2872866,41.295721],[68.287408,41.295721],[68.2877349,41.2956017],[68.2880338,41.2954263],[68.2886409,41.2951666],[68.2888557,41.2949982],[68.2892293,41.2947316],[68.2894722,41.2946474],[68.289743,41.2945982],[68.2900699,41.2946193],[68.2913215,41.2949772],[68.291527,41.2950193],[68.2917885,41.2950123],[68.292106,41.2950614],[68.2922742,41.2951737],[68.2923489,41.295307],[68.2923489,41.2954754],[68.2922368,41.2956298],[68.2918072,41.2959315],[68.2913121,41.2964929],[68.2908451,41.2968859],[68.2902941,41.2975174],[68.2899392,41.2978612],[68.2895656,41.2982752],[68.2891733,41.2985629],[68.2884728,41.2989629],[68.2883514,41.2991103],[68.28837,41.2992506],[68.2886783,41.2994471],[68.2891453,41.2997418],[68.2898644,41.300268],[68.2908638,41.3008925],[68.2920126,41.3018538],[68.2921994,41.301938],[68.2924423,41.3020012],[68.2926197,41.3019801],[68.2927972,41.3017907],[68.293012,41.3014047],[68.2931334,41.3012784],[68.2933202,41.3012013],[68.2935164,41.3012293],[68.2939273,41.3013837],[68.2946278,41.3014889],[68.29488,41.301503],[68.2950762,41.3015802],[68.2953003,41.3017065],[68.2953097,41.3018398],[68.2952536,41.3020924],[68.2950201,41.3025555],[68.2949547,41.3029133],[68.2950108,41.3030326],[68.2951696,41.3031448],[68.2955151,41.3034536],[68.29573,41.3036991],[68.2958234,41.3040289],[68.295758,41.3041412],[68.2956646,41.3042324],[68.2953377,41.3042885],[68.2947306,41.3042675],[68.2933483,41.3039167],[68.2928999,41.3038184],[68.2926011,41.3038535],[68.292461,41.3039167],[68.2923209,41.3040149],[68.2921994,41.3042745],[68.2922181,41.3045341],[68.2923582,41.3047516],[68.2925824,41.304927],[68.2929933,41.3051866],[68.2933202,41.3054673],[68.2936191,41.3056286],[68.29389,41.3059584],[68.2941608,41.3061268],[68.2945438,41.3061759],[68.2948987,41.3061478],[68.2950855,41.3061057],[68.2953003,41.3059584],[68.295842,41.3054953],[68.2961689,41.305362],[68.2966173,41.3053339],[68.2969068,41.3053901],[68.2972524,41.3055304],[68.2975326,41.3057409],[68.2978128,41.3060426],[68.2979716,41.3063373],[68.2981303,41.3071301],[68.2980836,41.3074247],[68.2979902,41.3076493],[68.2978221,41.3077405],[68.2968227,41.3080281],[68.2966266,41.3080281],[68.2961129,41.3080071],[68.2952349,41.3080562],[68.2949174,41.3081404],[68.2947493,41.3082456],[68.2945998,41.3083929],[68.2945998,41.3085333],[68.2947399,41.3086596],[68.2950014,41.3086736],[68.2951696,41.3086104],[68.2960195,41.3084912],[68.2961876,41.3085613],[68.2963371,41.3087016],[68.2964398,41.308877],[68.2964398,41.3090103],[68.2963651,41.3093401],[68.2961783,41.3095155],[68.2960942,41.3096909],[68.2960008,41.3099294],[68.2959168,41.3100767],[68.2959168,41.3102381],[68.2960102,41.3103714],[68.296225,41.3104837],[68.2963464,41.3105398],[68.2965425,41.3107222],[68.2967013,41.3107853],[68.296776,41.3109256],[68.2967107,41.3111291],[68.2965425,41.3115149],[68.2965425,41.3116693],[68.2965892,41.3118026],[68.2969535,41.311971],[68.2973831,41.3120832],[68.2975793,41.3120832],[68.2982798,41.311999],[68.298588,41.3120201],[68.2987935,41.3121253],[68.2988962,41.3123708],[68.2988682,41.312918],[68.2987748,41.3130864],[68.2985039,41.3132899],[68.2982704,41.313332],[68.2977007,41.3132127],[68.2974018,41.3130092],[68.2971963,41.31289],[68.2969815,41.31289],[68.2968134,41.3129742],[68.2965892,41.3131496],[68.2963277,41.3135705],[68.2962437,41.3139774],[68.2962437,41.3141598],[68.2965145,41.3151349],[68.2965052,41.3153874],[68.2964772,41.3158013],[68.2965052,41.3159697],[68.2966173,41.3160258],[68.2968321,41.3160258],[68.2971403,41.3159416],[68.2973738,41.3158434],[68.2979716,41.3152752],[68.2983545,41.3148052],[68.2987655,41.3139984],[68.2989523,41.3138441],[68.2991484,41.313816],[68.3001011,41.3138651],[68.300923,41.3138721],[68.3012312,41.3137809],[68.3018477,41.3135424],[68.3020251,41.3135144],[68.3022306,41.3135775],[68.3023427,41.3137248],[68.302296,41.3139563],[68.3021746,41.3142299],[68.3014927,41.3150437],[68.3010164,41.3157101],[68.3008389,41.3160679],[68.300867,41.3162222],[68.3010444,41.3163625],[68.3019411,41.3167413],[68.3023427,41.3170219],[68.3025773,41.3172159],[68.3029124,41.3177725],[68.3029778,41.3180812],[68.3029311,41.3182285],[68.3027069,41.3183407],[68.3020718,41.3183407],[68.3015581,41.3183898],[68.3011565,41.3184179],[68.300979,41.3183197],[68.3007829,41.3181022],[68.3002879,41.3176392],[68.300017,41.317534],[68.2996434,41.3174779],[68.2992325,41.3174709],[68.2988869,41.3175691],[68.2986857,41.3177015],[68.2929686,41.3179645],[68.239699,41.3247603],[68.2307328,41.3088855],[68.2223662,41.3051364],[68.2151779,41.2853277],[68.2079997,41.274169],[68.1770545,41.2849798],[68.1785849,41.2884468],[68.1784274,41.2898579],[68.1779694,41.2909465],[68.1461716,41.3538368],[68.1277055,41.34908],[68.1095534,41.3580967],[68.1091394,41.3546229],[68.1054959,41.3610973],[68.104248,41.3639906],[68.1025314,41.3674691],[68.1011152,41.3713017],[68.1009435,41.3756815],[68.1028962,41.3801898],[68.1103613,41.3865288],[68.111844,41.3901875],[68.111093,41.3951455],[68.1079817,41.3977209],[68.1036607,41.397876],[68.1013297,41.3974446],[68.0945276,41.3976748],[68.0886314,41.4003463],[68.0872106,41.4012137],[68.0848932,41.4031773],[68.0831337,41.4086171],[68.0836486,41.4134128],[68.0843353,41.4176932],[68.0845412,41.4203842],[68.0845069,41.4245156],[68.0860519,41.4288918],[68.0875539,41.4295675],[68.0965662,41.4295353],[68.1044947,41.430099],[68.1113698,41.4326843],[68.1162578,41.439727],[68.1125843,41.4456528],[68.1118633,41.4536188],[68.109872,41.4596157],[68.10522,41.4640635],[68.1011602,41.4703761],[68.0980575,41.4777502],[68.0983794,41.4826211],[68.0928347,41.4865375],[68.0872578,41.4869233],[68.0820071,41.4911731],[68.0808806,41.4952443],[68.078179,41.4976695],[68.0742502,41.5004621],[68.0725765,41.5039333],[68.0701818,41.5085136],[68.0671477,41.5123051],[68.0699393,41.5174167],[68.0728125,41.5203867],[68.0778057,41.5244759],[68.0808592,41.5270537],[68.0846572,41.5308447],[68.0910558,41.5318557],[68.0928702,41.5337998],[68.0926333,41.5427498],[68.0915493,41.5463974],[68.0892426,41.5505631],[68.0862621,41.5542483],[68.0843116,41.5599854],[68.0799643,41.5643396],[68.0755784,41.5663047],[68.0679416,41.5681006],[68.0630493,41.5697702],[68.0588436,41.5726598],[68.0566999,41.5768323],[68.0580282,41.5849229],[68.0602276,41.5888871],[68.0644655,41.5936213],[68.0698943,41.6016125],[68.0709505,41.6084659],[68.0707496,41.6125141],[68.0691365,41.6150963],[68.0659444,41.6171906],[68.0624909,41.6183101],[68.0596064,41.6192035],[68.0528108,41.6229314],[68.0494989,41.6247155],[68.0469659,41.6291085],[68.0446937,41.6322396],[68.0432471,41.635613],[68.0430367,41.6405058],[68.0451519,41.6443225],[68.0447244,41.6536595],[68.0413224,41.6678144],[68.0408621,41.6740498],[68.042407,41.6782168],[68.0425572,41.6817266],[68.0411839,41.6850758],[68.0367422,41.6909246],[68.0351329,41.6985112],[68.0346673,41.7003994],[68.0363942,41.7053803],[68.0380464,41.7077832],[68.0384756,41.7093691],[68.0390335,41.7103302],[68.0419303,41.7143988],[68.0468012,41.7135018],[68.0489364,41.7123207],[68.0493629,41.7122241],[68.0518063,41.7122556],[68.0540353,41.7118386],[68.0551926,41.7112137],[68.057852,41.7103965],[68.0643644,41.7074791],[68.0653755,41.707201],[68.0688637,41.7066774],[68.0767292,41.7049684],[68.0779335,41.7047383],[68.0796829,41.7039198],[68.0807028,41.7036941],[68.08183,41.7037727],[68.0846895,41.7027387],[68.099737,41.6967541],[68.1101642,41.6930184],[68.1126558,41.6924945],[68.1236448,41.6920667],[68.1269974,41.6923969],[68.1304839,41.6923843],[68.1419631,41.6912214],[68.1450352,41.6906243],[68.1480839,41.6907344],[68.1505574,41.6904455],[68.1690493,41.6847397],[68.1787058,41.6881207],[68.196467,41.6897785],[68.2095991,41.6946179],[68.21077,41.6947441],[68.2291499,41.6946781],[68.2399338,41.6940352],[68.2415462,41.6943871],[68.2540591,41.6995137],[68.2564255,41.7001216],[68.2645794,41.7015155],[68.278333,41.6800038],[68.2802217,41.6779924],[68.2844277,41.6754041],[68.2945772,41.6707644],[68.2972327,41.670007],[68.3160243,41.6660441],[68.3289742,41.6632798],[68.338216,41.661292],[68.3437241,41.6588553],[68.3513256,41.6550558],[68.3522555,41.6544293],[68.3543354,41.6539579],[68.3565012,41.652637],[68.3594382,41.6513595],[68.3665352,41.6482419],[68.3695282,41.6471695],[68.3817479,41.6418299],[68.3846954,41.6403225],[68.3867127,41.6381897],[68.3957073,41.6283392],[68.4036129,41.6210283],[68.4040542,41.6203867],[68.4045844,41.6199215],[68.4104969,41.6201301],[68.4257654,41.6199215],[68.4426369,41.6194403],[68.4491419,41.6201091],[68.4552607,41.620024],[68.4678092,41.6317432],[68.4807246,41.6252365],[68.4887477,41.6235736],[68.5302258,41.6068998],[68.5312772,41.6037085],[68.5321355,41.6029118],[68.5333797,41.6011154],[68.5343053,41.6000624],[68.5343655,41.5999827],[68.5368832,41.5966509],[68.5376741,41.5946931],[68.5384325,41.590938],[68.5384212,41.5897825],[68.5382056,41.5891726],[68.5379132,41.5867332],[68.5374966,41.5845986],[68.5370583,41.5840368],[68.5370343,41.5822874],[68.536305,41.5801366],[68.5356019,41.578692],[68.5353419,41.5776326],[68.5353176,41.5760916],[68.535569,41.5750324],[68.5363145,41.5725119],[68.5371745,41.5700879],[68.5377767,41.5677762],[68.5375885,41.5657373],[68.5369316,41.5630722],[68.5364797,41.5602143],[68.536019,41.5570387],[68.535918,41.5558775],[68.5358278,41.5533034],[68.5350787,41.5501625],[68.5332793,41.5389207],[68.5327743,41.5372182],[68.5320864,41.5357887],[68.5295783,41.5331223],[68.5253943,41.5280142],[68.5230347,41.5253154],[68.5221398,41.5244961],[68.5202308,41.5219771],[68.5194004,41.5208814],[68.5166766,41.5183564],[68.5156737,41.5162544],[68.5143998,41.5144872],[68.5076308,41.5029941],[68.5070479,41.5025602],[68.5026321,41.4953319],[68.4998471,41.4906109],[68.4981824,41.4864408],[68.4985405,41.4848431],[68.49857,41.4832229],[68.4986291,41.4819437],[68.498361,41.4804461],[68.4980394,41.4777723],[68.4975679,41.4765403],[68.4973973,41.4754267],[68.4974214,41.4742531],[68.4977455,41.4733045],[68.4978266,41.4714395],[68.4976046,41.4696388],[68.497712,41.468674],[68.4982271,41.467243],[68.4989574,41.4650241],[68.499068,41.4640915],[68.4994413,41.4632232],[68.5000856,41.4620493],[68.5007344,41.4612935],[68.5023043,41.4598945],[68.503426,41.4591066],[68.5058523,41.4576432],[68.5067443,41.4572733],[68.5155809,41.45458],[68.5154253,41.4533618],[68.5169861,41.4524091],[68.5182375,41.4515481],[68.5282397,41.4394541],[68.5289688,41.438875],[68.5514445,41.4278187],[68.5526769,41.4275429],[68.5871934,41.4288783],[68.5887236,41.4285749],[68.6056979,41.4213745],[68.606614,41.4211246],[68.6186452,41.4202311],[68.6303861,41.4083268],[68.631375,41.4077398],[68.6328145,41.4073459],[68.6327884,41.4086384],[68.6463543,41.4212978],[68.637672,41.4334015],[68.6750356,41.4468497],[68.6916944,41.4517498],[68.6925701,41.4520861],[68.6930991,41.4527294],[68.6930359,41.4533406],[68.6889707,41.454788],[68.6860641,41.4553347],[68.6849716,41.4566374],[68.6837374,41.4576344],[68.6834688,41.460127],[68.6839067,41.4646355],[68.684961,41.4711215],[68.6855647,41.4721085],[68.6869408,41.4726775],[68.7537604,41.4636105],[68.7818112,41.4601194],[68.7822672,41.4556899],[68.7829968,41.4442949],[68.7994119,41.443752],[68.8126513,41.4516693],[68.814096,41.451974],[68.8163815,41.4522652],[68.8176744,41.4522179],[68.8182136,41.4522746],[68.8186333,41.452512],[68.819487,41.4533544],[68.8295955,41.4570718],[68.8470156,41.4567524],[68.847679,41.4572762],[68.8489119,41.4576667],[68.8495441,41.4581538],[68.8515683,41.459732],[68.8521494,41.4605687],[68.8527306,41.4610839],[68.8536354,41.4614388],[68.8644286,41.4393004],[68.8652494,41.4393336],[68.8676231,41.4399292],[68.869046,41.4401627],[68.8704441,41.4406012],[68.870993,41.4406435],[68.8734132,41.4411954],[68.8763483,41.4417152],[68.8781186,41.4421998],[68.8797387,41.4423465],[68.8802912,41.4425325],[68.8814043,41.4427059],[68.8846002,41.443243],[68.8864341,41.4437689],[68.8877266,41.4440962],[68.8899633,41.4443913],[68.8930854,41.4448377],[68.9021137,41.4465567],[68.9063489,41.4472393],[68.911657,41.4482918],[68.9121249,41.4484838],[68.9127452,41.448435],[68.9143524,41.4478073],[68.9176916,41.4430283],[68.9191989,41.439956],[68.9200487,41.4378889],[68.9205981,41.4359827],[68.9213844,41.4326724],[68.9216558,41.4297804],[68.9221986,41.4280827],[68.9208102,41.4269646],[68.9240894,41.4194686],[68.92415,41.4190524],[68.9260307,41.4157422],[68.9269689,41.4154165],[68.9282807,41.4153709],[68.9285679,41.4155931],[68.9287804,41.4158644],[68.9288131,41.4160427],[68.9288972,41.4161751],[68.9291159,41.4162144],[68.9295307,41.4161135],[68.9296506,41.4161079],[68.9297571,41.4160795],[68.9297703,41.4159321],[68.9299087,41.4157353],[68.9301481,41.4155098],[68.9304027,41.4150449],[68.9305197,41.4149975],[68.9310732,41.4150991],[68.9311731,41.4151306],[68.9314398,41.4152147],[68.9318743,41.4155019],[68.9320894,41.4156001],[68.9327327,41.415662],[68.9331112,41.4158178],[68.9340595,41.4160786],[68.9344699,41.4161241],[68.9347046,41.4161311],[68.9455907,41.4164879],[68.9459378,41.4163089],[68.9461877,41.4161859],[68.9467737,41.4161189],[68.9469932,41.4160268],[68.9473388,41.4159969],[68.9475817,41.415881],[68.9482029,41.4154411],[68.9485812,41.4150713],[68.9487588,41.4150031],[68.9491606,41.4149209],[68.9493852,41.4147986],[68.9495195,41.4145601],[68.9495698,41.4143147],[68.9495208,41.41409],[68.9495538,41.4138927],[68.9497807,41.4134648],[68.9499329,41.4133171],[68.9500504,41.4131198],[68.9501922,41.4129774],[68.9505958,41.4127415],[68.9508032,41.4125268],[68.9511583,41.4123494],[68.951588,41.4122678],[68.9518869,41.4121639],[68.9526902,41.412004],[68.9527932,41.4119436],[68.952834,41.4118517],[68.9527348,41.4116617],[68.9527604,41.4115198],[68.9529798,41.4112222],[68.9522695,41.4107674],[68.9530654,41.4097138],[68.9550652,41.4076668],[68.955309,41.4074413],[68.9573177,41.4086366],[68.9578299,41.4089414],[68.9582584,41.4090557],[68.9612182,41.4094303],[68.96154,41.4094389],[68.9617497,41.4093355],[68.9633166,41.4077157],[68.9650481,41.4059256],[68.9652029,41.4056603],[68.9657193,41.4050863],[68.9660115,41.4049606],[68.9664423,41.4056432],[68.9668918,41.4061366],[68.9672863,41.4068291],[68.96787,41.4076537],[68.9680847,41.4077058],[68.9703067,41.407586],[68.9706068,41.4076087],[68.9711278,41.4076482],[68.9717238,41.4075486],[68.9719445,41.4075735],[68.972862,41.4080507],[68.9732284,41.4081777],[68.9736437,41.4083896],[68.9737985,41.4083688],[68.9740654,41.40846],[68.9751688,41.4085304],[68.9754134,41.4086555],[68.9760222,41.4092569],[68.9762497,41.409423],[68.9765971,41.4094987],[68.9768418,41.4096234],[68.9772191,41.4097468],[68.9774954,41.4098045],[68.9776877,41.4097432],[68.977848,41.4097606],[68.9780567,41.4098935],[68.9782524,41.4102128],[68.9784854,41.410329],[68.9787955,41.4103995],[68.9793055,41.4106659],[68.9817395,41.4115768],[68.9838162,41.412785],[68.9840119,41.4128126],[68.9845998,41.4127421],[68.9847764,41.4126011],[68.9853375,41.4122419],[68.9854877,41.412135],[68.9856013,41.4121032],[68.9857912,41.4121237],[68.9861826,41.411894],[68.9866767,41.4115804],[68.9868562,41.411359],[68.9869237,41.4112077],[68.9869058,41.4110476],[68.9865891,41.4106704],[68.9865908,41.4105603],[68.9868256,41.4101315],[68.9871817,41.4099689],[68.987371,41.4098678],[68.9875255,41.4096515],[68.9875116,41.4094414],[68.9871895,41.4086289],[68.9875895,41.4078265],[68.9878962,41.4075495],[68.9880239,41.4073178],[68.9880116,41.4071349],[68.9876688,41.4064275],[68.9874475,41.4061826],[68.9871917,41.4056225],[68.9869878,41.4053143],[68.9869075,41.4051192],[68.9869708,41.4049249],[68.9868379,41.4038436],[68.9869385,41.4035678],[68.9869716,41.4032686],[68.9871311,41.4026422],[68.9872634,41.40237],[68.9873626,41.4020286],[68.9875818,41.4018185],[68.9876225,41.4016681],[68.987472,41.4011604],[68.9874989,41.400982],[68.9879382,41.4002622],[68.988116,41.3996615],[68.9883596,41.399413],[68.9888472,41.3984648],[68.9891268,41.3979211],[68.9893523,41.3977113],[68.9895405,41.3974735],[68.9897624,41.3969042],[68.9900871,41.3963769],[68.9901199,41.396107],[68.9900174,41.3958615],[68.9900946,41.3956653],[68.9902826,41.3954971],[68.9907508,41.3949506],[68.9910545,41.3947683],[68.9910267,41.3945859],[68.99114,41.3943187],[68.9912781,41.3941568],[68.9915469,41.3940649],[68.9919446,41.39372],[68.9923609,41.3935082],[68.9925344,41.3933525],[68.9928547,41.3929399],[68.9930968,41.3927036],[68.9931707,41.3925513],[68.9932065,41.392366],[68.9931659,41.3921284],[68.9932717,41.3918775],[68.9934294,41.3916505],[68.9934288,41.3915265],[68.9933536,41.3913185],[68.9933327,41.3910397],[68.9932351,41.3907695],[68.9933012,41.3905233],[68.993284,41.3902132],[68.9933696,41.3900503],[68.9937206,41.3897656],[68.9941202,41.3891678],[68.9945909,41.3882803],[68.9949869,41.3880094],[68.9952171,41.387694],[68.9952979,41.3875467],[69.0177227,41.3988849],[69.0183103,41.3989621],[69.0186083,41.3990322],[69.0192603,41.3989904],[69.0199852,41.3990748],[69.0200619,41.3990785],[69.0202956,41.3990896],[69.0205429,41.399007],[69.0209813,41.3988278],[69.0211763,41.3988057],[69.0216811,41.3989186],[69.0219709,41.3989261],[69.0224568,41.3989755],[69.0226328,41.3990213],[69.0230103,41.3992473],[69.0232457,41.3993533],[69.0234195,41.3995044],[69.0236077,41.3995807],[69.0237773,41.3997411],[69.024079,41.3999498],[69.0246612,41.4002968],[69.0249057,41.4003582],[69.0252061,41.4003776],[69.0254643,41.4003441],[69.0260681,41.4000234],[69.0263043,41.3999565],[69.0266646,41.3999909],[69.0266754,41.4001016],[69.0274362,41.400613],[69.0276553,41.400648],[69.0279067,41.4006339],[69.0284095,41.4004657],[69.0286489,41.4004327],[69.028795,41.4003718],[69.0291058,41.4004131],[69.0291832,41.4002583],[69.0292978,41.4001347],[69.0294578,41.4000379],[69.0296406,41.3999755],[69.0298814,41.3999233],[69.0325506,41.3999131],[69.0326207,41.4002773],[69.0325927,41.4004804],[69.0326487,41.4005785],[69.0327328,41.4006346],[69.0328636,41.4006136],[69.0330014,41.4005005],[69.0334613,41.4001231],[69.0334707,41.39999],[69.0334426,41.3998919],[69.0334426,41.3997238],[69.0334951,41.3996746],[69.0335547,41.3996187],[69.0337415,41.3995767],[69.0337976,41.3995066],[69.0337509,41.3994085],[69.0336388,41.3993665],[69.0335827,41.3992544],[69.0335734,41.3991353],[69.0336481,41.3989952],[69.0336761,41.398799],[69.0335827,41.3985117],[69.0335827,41.3983996],[69.0337042,41.3983226],[69.0341805,41.3978882],[69.0343299,41.3978531],[69.0346008,41.3978812],[69.0350118,41.3980423],[69.0351145,41.3981614],[69.0351145,41.3983226],[69.0351799,41.3984347],[69.035348,41.3985117],[69.0354414,41.3986308],[69.0355628,41.3986939],[69.0356842,41.3986799],[69.035787,41.3985538],[69.0357776,41.3983926],[69.0357776,41.3982455],[69.0357029,41.3981334],[69.0354694,41.3979652],[69.0353387,41.3978672],[69.03532,41.3977481],[69.035376,41.3976009],[69.035376,41.3974748],[69.0352639,41.3973347],[69.0352546,41.3972226],[69.035292,41.3970334],[69.0352826,41.3967812],[69.035348,41.3966691],[69.0354694,41.3966481],[69.035787,41.3967181],[69.0359458,41.3968162],[69.0363007,41.3971946],[69.0364595,41.3972086],[69.0365529,41.3971245],[69.0365435,41.3969073],[69.0367023,41.3967602],[69.0368891,41.3967672],[69.037216,41.3969283],[69.0378231,41.3974678],[69.0379445,41.3974538],[69.0380286,41.3973767],[69.0380286,41.3972926],[69.0377951,41.3968442],[69.0378044,41.3967461],[69.0380006,41.396606],[69.0381593,41.39655],[69.0385378,41.39655],[69.0386917,41.39655],[69.0388598,41.3966411],[69.0389999,41.3966831],[69.0391494,41.3966551],[69.039495,41.3964799],[69.0396911,41.3964309],[69.0398125,41.3963398],[69.0399342,41.3962461],[69.0400647,41.3961646],[69.0402674,41.3961347],[69.0403664,41.396061],[69.0389727,41.3949763],[69.037196,41.3929526],[69.0355497,41.3918904],[69.0345147,41.3912355],[69.0343016,41.3910711],[69.0340007,41.3907891],[69.0336925,41.3903616],[69.0331041,41.3893106],[69.032992,41.3890443],[69.0329733,41.3889462],[69.0328612,41.3888691],[69.0327419,41.3888481],[69.0326442,41.3883713],[69.0326327,41.3879647],[69.0326923,41.3876283],[69.0329854,41.3867593],[69.0329695,41.3866103],[69.032169,41.385298],[69.0319876,41.3849019],[69.0319238,41.3845302],[69.0318287,41.3842042],[69.0316214,41.383682],[69.0313937,41.3834084],[69.0310878,41.3831836],[69.0308122,41.3830844],[69.0303729,41.3830122],[69.0297373,41.3828537],[69.0293254,41.3826909],[69.0292498,41.3825912],[69.02924,41.3824642],[69.0295993,41.381728],[69.0297043,41.381416],[69.029722,41.3812739],[69.0297474,41.3810707],[69.0297719,41.3805993],[69.0298654,41.3803993],[69.030517,41.3802159],[69.0312255,41.3801657],[69.0315143,41.3800845],[69.0317845,41.379786],[69.0320529,41.3793275],[69.0320418,41.3790903],[69.0319522,41.3788245],[69.0317318,41.3783275],[69.0317115,41.3780752],[69.0319452,41.3774045],[69.032153,41.3771147],[69.032557,41.3767828],[69.0321088,41.3654046],[69.0340154,41.3633157],[69.0336964,41.3631345],[69.0320705,41.3613125],[69.0299686,41.3596724],[69.0287073,41.3583968],[69.0282126,41.3582455],[69.0240883,41.3575657],[69.0224058,41.3563456],[69.0213957,41.355476],[69.0216903,41.3553263],[69.0218864,41.3552772],[69.0220359,41.355186],[69.0222694,41.355165],[69.0224935,41.3550739],[69.0225869,41.3550108],[69.0226374,41.354915],[69.0225122,41.354499],[69.0224468,41.3544078],[69.0223908,41.3542185],[69.0222507,41.3539311],[69.0222507,41.3538049],[69.0223067,41.3537067],[69.0223067,41.3535315],[69.0223628,41.3534473],[69.0225496,41.3533492],[69.022699,41.353258],[69.0229325,41.3530547],[69.0231567,41.3529145],[69.0237731,41.3527112],[69.0241093,41.3525219],[69.0243148,41.3523536],[69.0246137,41.351996],[69.0246791,41.3517436],[69.0247538,41.3516314],[69.0249126,41.3515403],[69.0251087,41.3513931],[69.026491,41.3512458],[69.0266872,41.3511827],[69.030227,41.3508041],[69.0306567,41.3506919],[69.0314039,41.3505657],[69.0352239,41.3502081],[69.0353734,41.3501591],[69.0355975,41.3499627],[69.0357283,41.3499137],[69.0358964,41.3499557],[69.036242,41.3501591],[69.0365035,41.3502502],[69.0367464,41.3502783],[69.0383995,41.3503273],[69.0386984,41.3502783],[69.0392775,41.3501731],[69.0394269,41.3502152],[69.0397351,41.3503414],[69.0399126,41.3503834],[69.0401928,41.3504255],[69.0412576,41.3507761],[69.0416872,41.3508392],[69.0426119,41.3508111],[69.0439942,41.3506989],[69.0444518,41.3504956],[69.0451337,41.3503414],[69.0453672,41.3502712],[69.0455259,41.350117],[69.045582,41.3500048],[69.0456007,41.3498506],[69.045613,41.3495522],[69.0467427,41.3495234],[69.0468543,41.3481485],[69.0461447,41.3456009],[69.0454631,41.3426676],[69.0452769,41.3414992],[69.0449966,41.3406107],[69.0448283,41.3399465],[69.0443797,41.3386321],[69.0425569,41.3340338],[69.0414495,41.3321079],[69.0404729,41.3301681],[69.0402942,41.3287011],[69.0396461,41.3274296],[69.03996,41.326116],[69.0400668,41.3256522],[69.0398561,41.3230672],[69.0406704,41.3210477],[69.0407751,41.3203075],[69.0410236,41.3194675],[69.0420165,41.3170482],[69.04408,41.3159521],[69.0442758,41.312591],[69.0445792,41.3113454],[69.0454314,41.3106454],[69.0455177,41.3100647],[69.0449647,41.3099814],[69.0444304,41.3096667],[69.0436551,41.3090072],[69.0431228,41.3082916],[69.042936,41.3081302],[69.0420954,41.30759],[69.0419459,41.3074006],[69.041619,41.3065657],[69.0411894,41.3060114],[69.040685,41.3056115],[69.040246,41.3054501],[69.0394615,41.305415],[69.0386863,41.3043696],[69.0385648,41.3041591],[69.0382379,41.3030645],[69.0378083,41.3023559],[69.0376682,41.3018156],[69.0376495,41.3016472],[69.0375437,41.3016651],[69.0358282,41.3019559],[69.0313846,41.3031457],[69.0307611,41.3032198],[69.0299624,41.3032137],[69.0293363,41.3030331],[69.0266042,41.2985809],[69.026562,41.298416],[69.0266007,41.2981038],[69.0242951,41.2981214],[69.0241046,41.2982164],[69.023703,41.2982726],[69.0235255,41.2983848],[69.0233761,41.2984761],[69.0230305,41.2984901],[69.022881,41.2985462],[69.0224421,41.2988058],[69.0221899,41.2989181],[69.0216949,41.2989672],[69.0214053,41.2989322],[69.0212092,41.2988199],[69.0210504,41.2985111],[69.0208916,41.2983989],[69.0204433,41.2982866],[69.0196961,41.2983778],[69.0194906,41.2983427],[69.0193557,41.2983565],[69.0186939,41.2986477],[69.0182847,41.2982468],[69.0174926,41.2971652],[69.0167116,41.2961247],[69.0159603,41.295005],[69.0148073,41.2926713],[69.0145223,41.2919832],[69.0139011,41.2898354],[69.013858,41.2895303],[69.0138738,41.2893075],[69.0139457,41.2890005],[69.0150518,41.2873445],[69.0151491,41.287064],[69.0157136,41.2841675],[69.0156157,41.2818199],[69.0160953,41.2796825],[69.0162387,41.2779311],[69.0182323,41.2763661],[69.0172931,41.2749985],[69.0172318,41.2748243],[69.0171653,41.2738862],[69.0170696,41.273414],[69.0173297,41.273326],[69.0176985,41.2732316],[69.0178805,41.2731917],[69.0179926,41.2731215],[69.0181327,41.2730864],[69.0185063,41.2731425],[69.0186557,41.2730934],[69.0187865,41.2729249],[69.0189639,41.2728688],[69.0193842,41.2726582],[69.019599,41.2726512],[69.02001,41.2726441],[69.0202622,41.272595],[69.0205704,41.2724335],[69.0208599,41.2723774],[69.0211401,41.2722651],[69.0215698,41.2722159],[69.0217192,41.2721106],[69.021878,41.2720053],[69.0219807,41.2719632],[69.0225411,41.2719141],[69.0227093,41.2718509],[69.0230268,41.2717035],[69.023307,41.2713946],[69.0237834,41.2710717],[69.0239702,41.2710085],[69.0250256,41.2709524],[69.0251563,41.2709243],[69.0252684,41.2707979],[69.0256887,41.2702714],[69.0258568,41.2701802],[69.026053,41.2701521],[69.0268749,41.2702153],[69.027015,41.2701872],[69.0273326,41.2700327],[69.0274073,41.2699485],[69.0273699,41.2697449],[69.0273045,41.2694852],[69.0273419,41.2693658],[69.0274633,41.2692535],[69.0276408,41.269085],[69.0282292,41.2688112],[69.0283413,41.268727],[69.0286215,41.2686357],[69.0286962,41.2685726],[69.0287989,41.26839],[69.0292172,41.2681028],[69.0294881,41.2680045],[69.0298897,41.2679343],[69.0301699,41.2679343],[69.0307676,41.2679975],[69.0310665,41.2679834],[69.0314495,41.2678641],[69.0323461,41.267471],[69.0326543,41.2672182],[69.0329906,41.2668742],[69.0332334,41.2666706],[69.0335136,41.2665864],[69.0337564,41.2665513],[69.0339987,41.2665437],[69.0342048,41.2665372],[69.0348119,41.2666285],[69.0351761,41.266804],[69.035419,41.2668251],[69.0357365,41.2667549],[69.035998,41.2665653],[69.0362315,41.2663547],[69.0363623,41.2662915],[69.0366051,41.2662775],[69.0376045,41.2663547],[69.037838,41.2663688],[69.0380902,41.2663196],[69.0382863,41.2662073],[69.0384451,41.2660177],[69.0385479,41.2658773],[69.0389868,41.2656667],[69.0394071,41.2652946],[69.0398088,41.2649998],[69.0400329,41.2648383],[69.0402611,41.2646726],[69.0402984,41.2645462],[69.0403825,41.2643567],[69.0404946,41.2642163],[69.0405413,41.2640969],[69.0405039,41.2639214],[69.0403358,41.2636827],[69.0403078,41.2633878],[69.0403825,41.2630368],[69.0405226,41.2626998],[69.0406627,41.2625945],[69.0407561,41.2624049],[69.0408028,41.2618362],[69.0408215,41.2617309],[69.0408962,41.2615835],[69.041055,41.261443],[69.0411017,41.2613588],[69.0410737,41.2612113],[69.0408495,41.2610499],[69.0407654,41.2609165],[69.0404852,41.2607831],[69.0403825,41.2606567],[69.0403825,41.2602635],[69.0403265,41.2600599],[69.0402891,41.2598282],[69.0400649,41.2594561],[69.0399996,41.2592033],[69.0399248,41.2590769],[69.0398314,41.2589365],[69.0395284,41.2588115],[69.0395045,41.2587189],[69.0393925,41.2585012],[69.0393925,41.2583748],[69.0395056,41.2579865],[69.0395045,41.2575533],[69.0396758,41.2551398],[69.0391874,41.2544685],[69.0359464,41.2524322],[69.0356009,41.2523409],[69.0342652,41.2521232],[69.033901,41.2520179],[69.0336862,41.2518915],[69.0324813,41.2518424],[69.0256911,41.250459],[69.0255697,41.250122],[69.025551,41.2498411],[69.0254389,41.2497428],[69.0251961,41.2496796],[69.0249626,41.2494829],[69.0246731,41.2493144],[69.0244489,41.2491529],[69.0243835,41.2489282],[69.0244956,41.248563],[69.0244115,41.2483313],[69.0240566,41.2478538],[69.0238698,41.2475237],[69.0232907,41.2470743],[69.0226463,41.2468004],[69.0220112,41.2464142],[69.0214788,41.2461473],[69.0210305,41.2459015],[69.0222027,41.2448125],[69.0223428,41.2447282],[69.0225576,41.2446791],[69.0226884,41.244672],[69.0228659,41.244672],[69.0230433,41.2445878],[69.0236224,41.2441172],[69.0238559,41.2439347],[69.0240801,41.2438012],[69.0243744,41.2437041],[69.0246124,41.2436257],[69.0249954,41.2434079],[69.0253718,41.2432726],[69.0262656,41.2429515],[69.0264337,41.2428602],[69.0265271,41.2427337],[69.0266672,41.2425933],[69.0267046,41.2423756],[69.0268354,41.2422281],[69.0270969,41.2419331],[69.0271256,41.2418745],[69.0271623,41.2417997],[69.0271342,41.2415188],[69.0271903,41.2414134],[69.0274425,41.2413572],[69.0276199,41.241287],[69.0278254,41.2410974],[69.0279468,41.2409639],[69.0281243,41.2408937],[69.0282457,41.2407743],[69.0287687,41.240065],[69.0288621,41.239763],[69.0290396,41.2395452],[69.029204,41.2393745],[69.029262,41.2392675],[69.0289089,41.238197],[69.028164,41.2366595],[69.0281127,41.2353405],[69.0278373,41.2347097],[69.0276996,41.23457],[69.027556,41.2341349],[69.0275122,41.2336926],[69.0271634,41.2331623],[69.0271135,41.2325619],[69.0264699,41.230951],[69.0271576,41.228541],[69.028903,41.2279807],[69.030088,41.2250601],[69.0294533,41.2246626],[69.027399,41.2241948]]]}},{"type":"Feature","properties":{"osmId":"relation/3407205","name":"Мактааральский район"},"geometry":{"type":"MultiLineString","coordinates":[[[68.4972512,40.979136],[68.4972887,40.9790347],[68.497337,40.9787917],[68.4974282,40.9779412],[68.4976106,40.9768923],[68.4976964,40.9765845],[68.497911,40.9752642],[68.4979807,40.9750131],[68.498029,40.9745433],[68.4981148,40.9742192],[68.4981685,40.9739155],[68.4981832,40.9734438],[68.4982261,40.973383],[68.498328,40.9733263],[68.4985533,40.9732696],[68.4996584,40.9728525],[68.4998998,40.9727958],[68.5002002,40.9727836],[68.5012838,40.9728363],[68.5065999,40.9730266],[68.5065577,40.9727818],[68.5093386,40.9729102],[68.5095929,40.9729009],[68.5095548,40.972756],[68.5094846,40.9726516],[68.5094674,40.9725678],[68.5095449,40.9723804],[68.5096852,40.9718212],[68.509788,40.9711527],[68.5099291,40.9705527],[68.5099216,40.9703897],[68.510006,40.9699604],[68.510999,40.9643196],[68.5110155,40.9640886],[68.5110089,40.9639317],[68.5101745,40.9616272],[68.5101019,40.9614292],[68.5101056,40.9612689],[68.5134013,40.9626324],[68.5135782,40.9626444],[68.5138862,40.9626014],[68.5140221,40.9625016],[68.5143962,40.961588],[68.5145681,40.961428],[68.5149705,40.9606122],[68.5149985,40.9604217],[68.5148117,40.9595894],[68.514793,40.9591803],[68.5148771,40.9589053],[68.5150358,40.9586231],[68.5152693,40.9583974],[68.5158578,40.9575933],[68.5164368,40.9570572],[68.5168665,40.956761],[68.5169599,40.9566058],[68.5169692,40.9564577],[68.5169225,40.9560556],[68.5167792,40.9555686],[68.5165568,40.9550378],[68.5160794,40.9546148],[68.5158927,40.9543669],[68.5158042,40.9541178],[68.5157777,40.9537085],[68.5158269,40.9533382],[68.5157463,40.9530549],[68.5158323,40.9529266],[68.5158656,40.9527507],[68.5159738,40.9524847],[68.5165599,40.9520224],[68.5176408,40.9513678],[68.5182795,40.9511251],[68.518775,40.9509892],[68.5192542,40.9509024],[68.5196724,40.9508584],[68.5201719,40.9508513],[68.520271,40.9507571],[68.5200401,40.9506408],[68.51983,40.950475],[68.5195339,40.950085],[68.5188558,40.9492037],[68.5181824,40.9483991],[68.5178603,40.9480304],[68.5176372,40.9478158],[68.5176045,40.9477014],[68.5175944,40.9469161],[68.5175356,40.9466099],[68.517548,40.9455306],[68.5175728,40.9451654],[68.5175249,40.9449141],[68.517543,40.9431585],[68.5175171,40.9427996],[68.5176497,40.9425324],[68.5178141,40.9424532],[68.5223156,40.9426812],[68.5231064,40.9426928],[68.5239274,40.9428522],[68.5247703,40.9429441],[68.5249484,40.9430463],[68.5252626,40.9430781],[68.5293004,40.9438171],[68.5298608,40.9439857],[68.5301856,40.9439641],[68.5342964,40.9446929],[68.5398767,40.9456573],[68.5405534,40.9457609],[68.5410201,40.9457899],[68.5449933,40.9457683],[68.5452224,40.9458012],[68.5480946,40.9465044],[68.5483144,40.9465793],[68.548749,40.9469153],[68.5493003,40.9463541],[68.549477,40.9461945],[68.550001,40.9457313],[68.5506829,40.9452638],[68.5507212,40.9451471],[68.5507782,40.9443249],[68.550907,40.9442115],[68.552166,40.9439288],[68.5522841,40.9438513],[68.5525423,40.9435762],[68.5527678,40.9432299],[68.5529366,40.9431343],[68.5550854,40.9426508],[68.5552622,40.9425659],[68.5554066,40.9423823],[68.5561394,40.940823],[68.5562727,40.9406199],[68.5580408,40.938746],[68.5587409,40.9380039],[68.5621446,40.9360147],[68.5623345,40.9359227],[68.5656378,40.9350194],[68.5667057,40.934797],[68.5679977,40.9345606],[68.5681412,40.9344823],[68.5708482,40.9309686],[68.5732139,40.9280043],[68.573441,40.9278403],[68.5752372,40.9267024],[68.5776686,40.9255978],[68.5784016,40.9253777],[68.5789268,40.92519],[68.5810025,40.9248964],[68.5813637,40.9248901],[68.5821046,40.9249504],[68.5823413,40.9248907],[68.5826604,40.9246529],[68.5827827,40.9245057],[68.5827648,40.9243444],[68.581591,40.9230285],[68.5814446,40.9227854],[68.5807481,40.9207361],[68.580749,40.9205382],[68.5817611,40.918184],[68.5819588,40.9179385],[68.5820017,40.9177664],[68.5819858,40.9176591],[68.5818017,40.9174672],[68.5813035,40.9171167],[68.5811351,40.9169035],[68.5794783,40.913033],[68.5792037,40.9122821],[68.5788227,40.9115004],[68.5778738,40.9091747],[68.577648,40.9088571],[68.5772057,40.9075633],[68.5771154,40.907451],[68.5770716,40.9073966],[68.5767134,40.906637],[68.5766851,40.9064926],[68.576708,40.9042934],[68.5768001,40.9040501],[68.5767427,40.9038488],[68.5766869,40.9025748],[68.5767213,40.9022854],[68.576704,40.9012971],[68.5767611,40.9010357],[68.5767033,40.9006757],[68.5767019,40.8998921],[68.576768,40.8993662],[68.5767115,40.8972189],[68.576808,40.8970256],[68.5771883,40.8965032],[68.5814353,40.8917166],[68.5862104,40.8862319],[68.5862958,40.8860464],[68.5885948,40.8778005],[68.5886807,40.8775548],[68.5889302,40.8755456],[68.5894256,40.8721214],[68.589481,40.8715217],[68.5895921,40.87128],[68.58963,40.8706357],[68.5902392,40.8666256],[68.590324,40.8662404],[68.5903561,40.8657274],[68.5904531,40.8655104],[68.5904826,40.8653355],[68.5904453,40.8651426],[68.5903187,40.8648761],[68.5897036,40.8640649],[68.5886999,40.862651],[68.5884205,40.8623169],[68.5882136,40.8619709],[68.5878902,40.861592],[68.5874741,40.8608923],[68.5871322,40.8605583],[68.5869198,40.8601747],[68.5866233,40.8598095],[68.586447,40.8597116],[68.5861886,40.8596936],[68.5860165,40.8596133],[68.5857669,40.8592995],[68.5857726,40.8591309],[68.585928,40.8589777],[68.5859603,40.8588456],[68.5853585,40.8581022],[68.5852045,40.8577223],[68.585138,40.8574015],[68.5849593,40.8571935],[68.5843155,40.8569136],[68.5841047,40.8566814],[68.5835558,40.8563667],[68.5833699,40.8563275],[68.5831846,40.856118],[68.5822744,40.8555219],[68.5820233,40.8554009],[68.5813138,40.8548863],[68.5807307,40.8544784],[68.5801218,40.8541665],[68.5794804,40.8538811],[68.5745949,40.8515497],[68.5739344,40.8512073],[68.5736532,40.8510755],[68.5724449,40.85079],[68.5717878,40.8507219],[68.5704993,40.8504166],[68.5699659,40.8502494],[68.5693176,40.850093],[68.5682618,40.8499106],[68.5672224,40.849688],[68.5646501,40.8490747],[68.5642922,40.8488472],[68.5642482,40.8487894],[68.5640622,40.8485447],[68.5639623,40.848332],[68.5635468,40.8464507],[68.5628669,40.8433722],[68.5627588,40.842883],[68.5624979,40.8417017],[68.5624781,40.8415109],[68.5624728,40.8406787],[68.5624681,40.8399438],[68.5624663,40.839654],[68.5624534,40.837633],[68.5624412,40.8357322],[68.5623552,40.8352455],[68.5623339,40.8350256],[68.5623163,40.8308988],[68.5624217,40.8306158],[68.5624252,40.8302819],[68.5624315,40.830043],[68.5624413,40.8296689],[68.5624203,40.8266299],[68.5624163,40.826051],[68.5623924,40.8226082],[68.5623769,40.8173849],[68.5623675,40.8130807],[68.5623602,40.8122607],[68.562356,40.811786],[68.5623451,40.8105499],[68.56234,40.8099773],[68.5623114,40.8067459],[68.5623223,40.8058833],[68.5623864,40.8057288],[68.5641527,40.8031529],[68.5666698,40.7994819],[68.5693485,40.7956846],[68.5732237,40.791076],[68.5735141,40.790783],[68.5765567,40.7883483],[68.5850737,40.7815324],[68.5852752,40.7813474],[68.5853835,40.7812114],[68.5854155,40.7810696],[68.585525,40.7810023],[68.5856731,40.7808059],[68.5857838,40.7805955],[68.5858581,40.7802662],[68.5858748,40.7798205],[68.585762,40.7752993],[68.5856679,40.7724614],[68.585588,40.768645],[68.5853953,40.7622304],[68.5853895,40.7607487],[68.5853109,40.7580668],[68.5852727,40.7567971],[68.585141,40.7524243],[68.5850603,40.749779],[68.5849285,40.7461836],[68.5845907,40.7334101],[68.5840803,40.7139003],[68.5839024,40.7091399],[68.5839746,40.7088338],[68.5840859,40.7085619],[68.5842187,40.7084113],[68.5844159,40.7082793],[68.5847625,40.7081899],[68.5852058,40.7081464],[68.6040373,40.7078469],[68.6090885,40.7077666],[68.6092567,40.7076912],[68.6188952,40.699976],[68.6188785,40.6979289],[68.6341665,40.6976767],[68.6342486,40.7004171],[68.6343294,40.7005866],[68.6350266,40.701011],[68.6437642,40.6941313],[68.6438984,40.6939489],[68.643942,40.693719],[68.6439415,40.6936514],[68.6439389,40.6932625],[68.643974,40.6920927],[68.6438928,40.6918786],[68.6437338,40.6917202],[68.636264,40.6862907],[68.6365906,40.6862523],[68.6461358,40.6861077],[68.6462731,40.6860637],[68.6463577,40.6859738],[68.6462971,40.6823695],[68.6463652,40.6822729],[68.6465374,40.6822315],[68.6510271,40.682178],[68.6511719,40.6821173],[68.6512424,40.6820127],[68.6511946,40.6804845],[68.6512748,40.6803167],[68.651473,40.6802313],[68.6517889,40.6802182],[68.6532946,40.6802487],[68.6534958,40.6802085],[68.6536221,40.6801352],[68.6535236,40.6799947],[68.648871,40.6766069],[68.6487233,40.6764577],[68.648669,40.6762661],[68.6484402,40.6706102],[68.6483208,40.6645883],[68.647951,40.6532727],[68.6478735,40.6495779],[68.6477964,40.6494434],[68.642741,40.6458649],[68.642672,40.6457477],[68.642473,40.6383097],[68.6424133,40.6381324],[68.6422042,40.6379127],[68.6373588,40.6344113],[68.6372227,40.6343686],[68.6322457,40.634427],[68.6273528,40.6345067],[68.627177,40.6344766],[68.6224217,40.631059],[68.6223417,40.6309415],[68.6221682,40.6303279],[68.6454213,40.6175847],[68.6518866,40.6140547],[68.6534519,40.6130915],[68.6546617,40.6122391],[68.6555842,40.6115009],[68.6565347,40.6106067],[68.6574759,40.6096776],[68.6584546,40.608628],[68.6593426,40.6074107],[68.660184,40.6060657],[68.6607372,40.6049082],[68.6631848,40.5994345],[68.6628212,40.5993544],[68.6626718,40.5993203],[68.6621053,40.5992404],[68.651496,40.599399],[68.6414929,40.5995486],[68.6413988,40.59955],[68.6412276,40.599495],[68.6314393,40.5923723],[68.6209765,40.5848142],[68.6209006,40.584737],[68.6204772,40.584306],[68.6202258,40.5842417],[68.6110891,40.5775465],[68.6105125,40.577124],[68.6104252,40.5770982],[68.5974255,40.5732684],[68.5816637,40.5686902],[68.5799686,40.5696485],[68.5631389,40.579168],[68.5628814,40.5792361],[68.557464,40.5790057],[68.5543274,40.5790921],[68.5527304,40.5788753],[68.53531,40.5794628],[68.5315898,40.5833563],[68.5314074,40.5833732],[68.5311773,40.5833338],[68.5269989,40.5819557],[68.5262174,40.581763],[68.5251308,40.5815103],[68.5237291,40.5810961],[68.52327,40.5810216],[68.5223496,40.5809278],[68.5213776,40.5809396],[68.5205458,40.5808968],[68.51932,40.5808897],[68.5166358,40.5806389],[68.5153425,40.5805439],[68.5130669,40.5804406],[68.511253,40.5802603],[68.5107656,40.580216],[68.508276,40.5801152],[68.5038935,40.5798235],[68.5025847,40.5798011],[68.5021627,40.5797281],[68.501067,40.579002],[68.5001928,40.5783106],[68.4985602,40.5769843],[68.4962392,40.5750987],[68.4948325,40.5739992],[68.4927861,40.572517],[68.4926717,40.5725225],[68.4908318,40.5745586],[68.490689,40.5746095],[68.4833502,40.5712947],[68.4830567,40.5712369],[68.482184,40.5711507],[68.4818141,40.5710545],[68.4815488,40.5710088],[68.4761536,40.5783109],[68.4703684,40.5865807],[68.4695894,40.5877507],[68.4687376,40.5886428],[68.467478,40.5893105],[68.4654358,40.5899004],[68.4623558,40.59061],[68.4590554,40.5913695],[68.4514933,40.5931014],[68.4370805,40.59638],[68.4363515,40.596567],[68.4357011,40.5967659],[68.4352561,40.5969365],[68.4350413,40.5970301],[68.4348917,40.597143],[68.4342798,40.5976782],[68.4331558,40.5985705],[68.4307135,40.6004263],[68.4271951,40.6029844],[68.4193455,40.6087321],[68.418326,40.6096181],[68.411136,40.6147216],[68.41063,40.6149744],[68.4101801,40.6151564],[68.4092223,40.615419],[68.4088098,40.6155069],[68.4078795,40.6156704],[68.4070612,40.615848],[68.4064636,40.6159188],[68.4050873,40.6160061],[68.4037484,40.6160084],[68.4007903,40.6162115],[68.3968817,40.6164491],[68.3837358,40.617254],[68.380743,40.6173334],[68.3739321,40.6171782],[68.3717881,40.617189],[68.3714747,40.6172423],[68.3710533,40.6174058],[68.3677288,40.6191712],[68.3618333,40.6223018],[68.3544588,40.6262728],[68.3529124,40.6269672],[68.337457,40.6352594],[68.3151097,40.6472474],[68.3037426,40.6534739],[68.2978267,40.6565404],[68.2971167,40.6568369],[68.29686,40.6569441],[68.2654255,40.6691303],[68.2484207,40.6757216],[68.2397266,40.6790241],[68.2362288,40.6803777],[68.234361,40.6811889],[68.234629,40.6814935],[68.2348021,40.6816901],[68.2362223,40.6833039],[68.2435387,40.6895963],[68.2437357,40.6897657],[68.2459614,40.6916798],[68.2460559,40.691761],[68.2514724,40.6964196],[68.2602454,40.7039644],[68.2604103,40.7040253],[68.2605548,40.7040786],[68.2606945,40.7041142],[68.2609308,40.7042085],[68.261111,40.7043453],[68.2686089,40.7107742],[68.2687363,40.710845],[68.2688027,40.7110128],[68.2745657,40.716174],[68.2746925,40.7162019],[68.274811,40.716228],[68.2749562,40.71626],[68.2810486,40.7214823],[68.2811687,40.7215735],[68.2812563,40.7216283],[68.2813069,40.7217098],[68.2873984,40.726899],[68.2861599,40.7278356],[68.2895555,40.7303607],[68.2897886,40.730201],[68.2944799,40.734115],[68.2945364,40.7340668],[68.2945918,40.7340195],[68.2951652,40.7335208],[68.2952262,40.7335732],[68.2960949,40.7343191],[68.2961452,40.7343623],[68.2962007,40.7344094],[68.3005666,40.7381149],[68.3005917,40.7381361],[68.3040339,40.7410575],[68.3040815,40.7412803],[68.3040994,40.741364],[68.3041408,40.7415574],[68.3042683,40.7415442],[68.3087923,40.7410774],[68.3130734,40.7406356],[68.3175317,40.7397389],[68.3178391,40.7397513],[68.3185142,40.7400249],[68.3186105,40.7400619],[68.3186737,40.7400892],[68.3189302,40.7402055],[68.3338224,40.746957],[68.3352229,40.7475919],[68.34032,40.7499026],[68.3519049,40.7550168],[68.3577845,40.7576122],[68.3642757,40.7604775],[68.3647495,40.7607705],[68.3651517,40.7606332],[68.3654621,40.7609545],[68.365488,40.7609805],[68.3655865,40.7610567],[68.3664172,40.7618392],[68.3725939,40.7676565],[68.3727513,40.7678048],[68.3820582,40.7769391],[68.389066,40.783816],[68.3938748,40.7884905],[68.3948216,40.7895017],[68.3978393,40.7924744],[68.401318,40.7959011],[68.4018878,40.7962942],[68.4029993,40.7968712],[68.4030488,40.7969258],[68.4030929,40.797021],[68.4030918,40.7971023],[68.403037,40.7971836],[68.4029398,40.7973016],[68.402914,40.7974144],[68.4029364,40.7974582],[68.4030035,40.7974655],[68.4030705,40.7975378],[68.4031472,40.7976707],[68.4036602,40.7981861],[68.4054328,40.799967],[68.4125977,40.8070168],[68.4201082,40.8144063],[68.4202236,40.8145942],[68.4202776,40.8147804],[68.4203,40.8148579],[68.4203577,40.8158991],[68.4203464,40.816298],[68.4204261,40.8200867],[68.4205168,40.8214687],[68.4204781,40.8218063],[68.4195457,40.8233977],[68.4162551,40.8290136],[68.4160762,40.8292322],[68.4160503,40.8294113],[68.4161084,40.8296257],[68.4162941,40.8298409],[68.4174697,40.8312434],[68.4178893,40.8317163],[68.4179475,40.8317819],[68.4181171,40.8318538],[68.4202728,40.831794],[68.4317425,40.8316706],[68.43192,40.8316707],[68.4327249,40.8316712],[68.439845,40.8315973],[68.4433972,40.8315376],[68.4440567,40.8315527],[68.4446228,40.8316102],[68.4454374,40.8317677],[68.4510373,40.8334438],[68.4532613,40.8341242],[68.4537532,40.8342747],[68.4586359,40.8357841],[68.4625783,40.8368825],[68.4628901,40.8371054],[68.4574014,40.8431275],[68.454866,40.845909],[68.4547796,40.8460576],[68.455078,40.8529133],[68.4550436,40.853135],[68.4538901,40.8545551],[68.4536892,40.854739],[68.4496899,40.8571692],[68.4493612,40.8573318],[68.4490025,40.857592],[68.4488694,40.8577852],[68.4489009,40.8604072],[68.4491005,40.8631282],[68.4492818,40.8661161],[68.4492109,40.8664552],[68.4470543,40.8720778],[68.4469926,40.872356],[68.4436223,40.8707169],[68.4384381,40.8681231],[68.4383421,40.8680751],[68.4375757,40.8697436],[68.4354912,40.8742812],[68.4352862,40.8743219],[68.435176,40.8743438],[68.4348222,40.8743751],[68.4344124,40.8743076],[68.4256836,40.869883],[68.4222253,40.8762839],[68.4185585,40.8830702],[68.4151051,40.8894607],[68.4167511,40.8903875],[68.4257372,40.8952851],[68.4335535,40.899594],[68.4368632,40.9013745],[68.4372223,40.9015142],[68.4406213,40.9028365],[68.4415213,40.9030843],[68.441451,40.9033968],[68.4413891,40.9035762],[68.4414129,40.9036975],[68.4410204,40.9039061],[68.4409006,40.903848],[68.440717,40.9038165],[68.4382163,40.904093],[68.4381627,40.9041719],[68.4381491,40.9054734],[68.4381079,40.9094052],[68.4381139,40.9099151],[68.4381492,40.9129348],[68.4378812,40.9130275],[68.4377999,40.9131273],[68.4378803,40.9132563],[68.4378729,40.9161963],[68.4379278,40.9163228],[68.4446244,40.9162008],[68.454076,40.9161932],[68.4546299,40.9160605],[68.4560901,40.9174432],[68.4568462,40.918221],[68.4568856,40.9182616],[68.4572285,40.9184747],[68.4599694,40.9208797],[68.4600408,40.9210222],[68.4599628,40.9220656],[68.4598342,40.9246002],[68.4598034,40.9251827],[68.4597259,40.9276706],[68.4595827,40.9289824],[68.4594403,40.9322213],[68.4592679,40.9350034],[68.4590725,40.9381578],[68.4590521,40.9384866],[68.459028,40.9388758],[68.4587811,40.9428605],[68.4586834,40.9431505],[68.4569751,40.9457525],[68.4561405,40.9472862],[68.4547502,40.949358],[68.4543633,40.9500483],[68.4538269,40.950936],[68.4520925,40.9537262],[68.4519618,40.9539366],[68.4517872,40.9542235],[68.4516309,40.9544805],[68.4515962,40.9546608],[68.4516455,40.956414],[68.4515881,40.9565583],[68.4511197,40.9568568],[68.4503898,40.9572117],[68.4497989,40.9576241],[68.4494007,40.9578726],[68.4493417,40.9580392],[68.4494056,40.9583411],[68.4493668,40.9584597],[68.4389223,41.0177401],[68.5103337,41.047551],[68.5119494,41.0445905],[68.5125093,41.0434283],[68.5171629,41.0309553],[68.5176143,41.0301534],[68.5181777,41.0295347],[68.5190432,41.0287143],[68.5214902,41.0263949],[68.5228856,41.0248217],[68.5251841,41.021823],[68.5265207,41.0203252],[68.5221477,41.017327],[68.522354,41.017163],[68.5216191,41.0167623],[68.5191193,41.0150502],[68.519012,41.014949],[68.5158416,41.0113262],[68.5159435,41.0111684],[68.515509,41.0109377],[68.5152891,41.0108729],[68.5135671,41.0099823],[68.5134276,41.0098933],[68.5132989,41.0098002],[68.5127839,41.009282],[68.511829,41.0083348],[68.5112872,41.0077397],[68.5092487,41.0057237],[68.5079237,41.0044162],[68.5074409,41.0038615],[68.5072263,41.0036915],[68.506655,41.0031391],[68.5066005,41.0030611],[68.5043805,40.9998842],[68.5043483,40.9998032],[68.5043215,40.9991595],[68.5041015,40.9971675],[68.5040908,40.9969691],[68.5041981,40.994969],[68.5042356,40.9929283],[68.5042303,40.9924546],[68.5041015,40.9915921],[68.5039781,40.991005],[68.503946,40.9906851],[68.503887,40.990511],[68.5030555,40.9892963],[68.5030286,40.9892234],[68.5030662,40.989025],[68.5030662,40.9889116],[68.5024439,40.9871177],[68.5021596,40.9864577],[68.5015963,40.9853805],[68.5001587,40.9833112],[68.5000782,40.9831978],[68.4982597,40.9813026],[68.4981631,40.9811649],[68.497337,40.9794397],[68.4972673,40.9792493],[68.4972512,40.979136]]]}},{"type":"Feature","properties":{"osmId":"relation/3407634","name":"Ордабасынский район"},"geometry":{"type":"MultiLineString","coordinates":[[[68.8475039,42.9013651],[68.8473426,42.9011526],[68.8461918,42.9008433],[68.8456143,42.9011509],[68.8442492,42.9006894],[68.8434617,42.9000741],[68.8405216,42.9010548],[68.838789,42.9010548],[68.8346414,42.9006702],[68.8314388,42.8997664],[68.8308088,42.8991126],[68.8298637,42.8988818],[68.8286825,42.8981895],[68.8270549,42.8977857],[68.8261624,42.8976126],[68.8258999,42.8973049],[68.8247973,42.8969011],[68.8238523,42.8968818],[68.8223823,42.8958818],[68.8212797,42.8959972],[68.8207284,42.8954587],[68.8170008,42.8938048],[68.8146382,42.8929971],[68.814087,42.8923817],[68.813247,42.8922663],[68.8120132,42.8913816],[68.8119607,42.8909392],[68.8097293,42.8904199],[68.8094668,42.8900353],[68.8086531,42.8897275],[68.8083118,42.889516],[68.806973,42.8892275],[68.8063955,42.8884581],[68.8061592,42.8878234],[68.8043479,42.8869387],[68.8027991,42.8861886],[68.8011716,42.8859193],[68.798809,42.8842651],[68.7976014,42.8825376],[68.796658,42.8810047],[68.7944431,42.8804036],[68.7940431,42.8798942],[68.7927204,42.8782095],[68.7879625,42.877428],[68.7843848,42.8770018],[68.7834297,42.8761862],[68.771325,42.8722658],[68.7735223,42.8653898],[68.7672297,42.8418374],[68.7713391,42.7739193],[68.7722214,42.7741849],[68.7726964,42.7741351],[68.7728547,42.7737864],[68.7727643,42.7727071],[68.7726738,42.7723584],[68.7723118,42.7721592],[68.772244,42.7718105],[68.7725833,42.7715116],[68.7736917,42.7716112],[68.7745739,42.7720429],[68.7745739,42.77284],[68.7752299,42.772923],[68.7771753,42.7717938],[68.7777861,42.7717108],[68.7783064,42.7723086],[68.7790529,42.7723252],[68.7812697,42.7720097],[68.7827627,42.7721758],[68.7836675,42.7725411],[68.7841426,42.7725577],[68.7849343,42.7729396],[68.7860427,42.7743842],[68.7873321,42.7748325],[68.7878071,42.7748325],[68.789187,42.7751314],[68.789662,42.7750816],[68.7904538,42.7746001],[68.7909062,42.7744506],[68.7918563,42.7744506],[68.792173,42.7741683],[68.7922182,42.7738196],[68.791155,42.7732053],[68.7910419,42.7728566],[68.7914265,42.7726075],[68.7919015,42.7725577],[68.7927837,42.7722422],[68.793123,42.7719599],[68.7929647,42.7716278],[68.7923313,42.771113],[68.7922634,42.7707643],[68.7930778,42.7703326],[68.7938017,42.7707477],[68.7942993,42.7707311],[68.7951363,42.7702662],[68.7950006,42.7695687],[68.7943672,42.7686554],[68.7942767,42.7683067],[68.7947291,42.7672937],[68.7950458,42.7670114],[68.7959959,42.7669117],[68.7961768,42.7672107],[68.7959725,42.7681606],[68.7964231,42.7684842],[68.7967246,42.7690014],[68.7962146,42.7701644],[68.7963247,42.7704715],[68.796919,42.7709724],[68.7973373,42.7707947],[68.7975354,42.770116],[68.7978436,42.7698251],[68.7983279,42.7697928],[68.7985701,42.7704068],[68.7989003,42.7706331],[68.7993626,42.7707139],[68.7997588,42.7705038],[68.7998469,42.7694857],[68.8005073,42.7689686],[68.8009255,42.7690979],[68.8009035,42.7703745],[68.8012337,42.7706008],[68.8018941,42.7700675],[68.8023344,42.769922],[68.8031709,42.7701968],[68.8041395,42.7703099],[68.8044477,42.7705523],[68.804888,42.7706492],[68.8063409,42.77052],[68.8067811,42.7703745],[68.8062308,42.7696958],[68.8063188,42.7683222],[68.8069793,42.7678051],[68.8074415,42.7677243],[68.8078598,42.7678535],[68.8080799,42.7681283],[68.8080799,42.7693888],[68.8085862,42.7699382],[68.8089165,42.7701644],[68.809841,42.770116],[68.8106555,42.7697443],[68.8112499,42.7691948],[68.8112499,42.7688555],[68.8110298,42.7685646],[68.8102153,42.7684192],[68.8100832,42.7674172],[68.8102373,42.7667223],[68.8112282,42.7666733],[68.8122625,42.767401],[68.8127248,42.7679667],[68.813033,42.769211],[68.8137374,42.7696312],[68.8141777,42.7697604],[68.8155866,42.7696796],[68.8157847,42.7693564],[68.8155646,42.7690656],[68.814728,42.7689848],[68.8145299,42.7683222],[68.8145739,42.7679828],[68.8156526,42.7672718],[68.8156526,42.7669324],[68.8159388,42.7666415],[68.8163791,42.7667385],[68.8177659,42.7676596],[68.8190647,42.7680151],[68.819527,42.767902],[68.8198132,42.7668839],[68.8201434,42.7666253],[68.8208698,42.7663668],[68.8213762,42.765591],[68.821178,42.765284],[68.8186245,42.7654618],[68.8184483,42.7651547],[68.8191087,42.7646214],[68.8191087,42.763587],[68.8196591,42.7630052],[68.819483,42.7626981],[68.8197031,42.7623911],[68.8204956,42.7620032],[68.8213762,42.762181],[68.8218384,42.762084],[68.8223227,42.7614698],[68.8222567,42.760791],[68.8214202,42.7607102],[68.8212881,42.760387],[68.8208919,42.7602577],[68.8196151,42.7602577],[68.8192628,42.7600637],[68.8192408,42.7593849],[68.8185364,42.7589808],[68.8183163,42.7586899],[68.8182942,42.7576716],[68.8185584,42.7573807],[68.8193729,42.7570089],[68.8197471,42.7560068],[68.8208478,42.7552956],[68.8213101,42.7552956],[68.8231372,42.7563786],[68.8235995,42.7564917],[68.8240398,42.7563624],[68.8246562,42.7557967],[68.8250524,42.7551501],[68.8250524,42.7547945],[68.8253606,42.7545198],[68.8262412,42.754746],[68.8269676,42.755134],[68.8283324,42.7552633],[68.8285526,42.7555542],[68.8297413,42.7560715],[68.8298734,42.7563947],[68.8302917,42.756524],[68.8307466,42.7564236],[68.8319462,42.7558731],[68.8323961,42.7558416],[68.832846,42.7559045],[68.833103,42.7561562],[68.8335101,42.756282],[68.83396,42.7562191],[68.8346241,42.7557158],[68.8349668,42.7550866],[68.8348169,42.754772],[68.8344098,42.754772],[68.8340671,42.7545832],[68.8341099,42.7542529],[68.8348169,42.7537967],[68.8357594,42.7537652],[68.8362093,42.7538439],[68.8365092,42.7540798],[68.836445,42.7555899],[68.8365735,42.7558888],[68.8368734,42.7561247],[68.8369805,42.7571943],[68.8386087,42.758374],[68.8390371,42.7582482],[68.8389728,42.7575876],[68.8386729,42.7569584],[68.8386729,42.7566281],[68.8388657,42.7563135],[68.8392513,42.756109],[68.8401297,42.7558731],[68.8408366,42.7553854],[68.8416507,42.7550708],[68.8421005,42.7550394],[68.8429574,42.7556843],[68.8429574,42.756282],[68.8427646,42.7571786],[68.8422933,42.7576662],[68.8415436,42.7573831],[68.8411365,42.7573516],[68.8407938,42.7575246],[68.8407723,42.7581223],[68.8413293,42.7589717],[68.8413722,42.7595851],[68.8419077,42.7600884],[68.8420363,42.7606861],[68.8427004,42.761504],[68.8428289,42.7618028],[68.8428503,42.7624162],[68.8435144,42.7632341],[68.8436001,42.7638317],[68.8443713,42.7646181],[68.8452711,42.7646181],[68.8461708,42.7647282],[68.8465779,42.7645552],[68.8467707,42.7642406],[68.8460637,42.7638946],[68.8463422,42.7636115],[68.8467278,42.7634071],[68.8468135,42.7624005],[68.8470857,42.7621216],[68.8486702,42.761892],[68.8490037,42.7619991],[68.8489829,42.7625808],[68.8492539,42.7633001],[68.8500252,42.7638052],[68.8507966,42.7637593],[68.8511093,42.7639583],[68.851568,42.7639583],[68.851839,42.7641266],[68.8521725,42.7641419],[68.8521517,42.7638664],[68.8518807,42.7636215],[68.8516931,42.7633307],[68.8516305,42.7630093],[68.8527563,42.762443],[68.85334,42.7624124],[68.8537778,42.7623053],[68.8541531,42.7621216],[68.8539863,42.761494],[68.8545283,42.7614787],[68.8549661,42.7613869],[68.8553414,42.7612032],[68.8558,42.7612645],[68.8564046,42.7617236],[68.8567799,42.761892],[68.8572177,42.761892],[68.8575929,42.7617083],[68.8575095,42.7613869],[68.8575095,42.760744],[68.8578639,42.7605298],[68.8582809,42.7604073],[68.8583226,42.7600706],[68.8586144,42.7598104],[68.8590522,42.7597644],[68.8594483,42.7598869],[68.8597194,42.7601318],[68.8599904,42.7606981],[68.860866,42.7608206],[68.8613246,42.7608206],[68.8617624,42.7607287],[68.8619917,42.7604379],[68.8619917,42.7601165],[68.862638,42.7596267],[68.8624295,42.7589991],[68.8624504,42.7586471],[68.8627423,42.7583562],[68.8628882,42.7579889],[68.8633051,42.7578664],[68.8637429,42.7578358],[68.8640974,42.7575909],[68.8652648,42.7570705],[68.8657026,42.7570398],[68.8660779,42.7572082],[68.8666199,42.7576827],[68.8669535,42.757897],[68.8673704,42.7577593],[68.8677248,42.757545],[68.8682252,42.7575297],[68.8682252,42.7572082],[68.8678708,42.7570551],[68.8679958,42.7567643],[68.8683503,42.75655],[68.8685796,42.7562592],[68.8685587,42.7559377],[68.8683503,42.7553101],[68.868392,42.7549887],[68.8687464,42.7547743],[68.8691842,42.7547743],[68.8696011,42.7548815],[68.8700389,42.7548356],[68.8703516,42.7545907],[68.8707894,42.7545141],[68.8711855,42.7546366],[68.8715191,42.755203],[68.8719569,42.7552795],[68.8723947,42.7552795],[68.8728116,42.7554173],[68.8734996,42.7558],[68.8739583,42.7558],[68.8743544,42.7556316],[68.8745003,42.7543457],[68.8749589,42.753764],[68.8752716,42.7535038],[68.8754801,42.7531976],[68.8754384,42.7528762],[68.8756261,42.75257],[68.8756678,42.7522485],[68.8758554,42.7519424],[68.876731,42.7518199],[68.8777525,42.751131],[68.8781903,42.7510851],[68.8799624,42.7510851],[68.8804002,42.751131],[68.8807963,42.7509779],[68.8812132,42.7502431],[68.881651,42.7496614],[68.8821513,42.7490031],[68.8821722,42.7483448],[68.8818803,42.7481152],[68.8814634,42.7481458],[68.8810881,42.7482376],[68.880692,42.748207],[68.8799207,42.7479621],[68.8795246,42.7479621],[68.8795037,42.7488347],[68.8791076,42.7488347],[68.8783571,42.7480539],[68.8779818,42.7481458],[68.8779818,42.7484367],[68.8777734,42.7486969],[68.8773773,42.7487122],[68.8770854,42.7484826],[68.8768144,42.7478702],[68.87646,42.7477018],[68.8760639,42.7476099],[68.875772,42.747365],[68.8753759,42.7473038],[68.8749798,42.7473038],[68.8738123,42.7475181],[68.8731035,42.7471966],[68.8727282,42.7470741],[68.8722904,42.7470435],[68.8719569,42.7468598],[68.8719569,42.74588],[68.8720194,42.7455585],[68.8723321,42.7452982],[68.8727282,42.7451451],[68.8730827,42.7453288],[68.8732911,42.7455891],[68.8734162,42.74588],[68.8738332,42.7459718],[68.8739374,42.7456503],[68.8735205,42.7447317],[68.8736247,42.7444102],[68.8748547,42.7433844],[68.8759805,42.7422974],[68.8759596,42.7419758],[68.8756678,42.7417462],[68.8753967,42.7411184],[68.8746879,42.7403069],[68.8746045,42.7399854],[68.8746671,42.7396638],[68.8749589,42.7390208],[68.8751674,42.7387145],[68.875501,42.7384849],[68.8758345,42.7386839],[68.8759596,42.7389748],[68.8762306,42.7392198],[68.8779818,42.7392504],[68.8783779,42.7393729],[68.878232,42.7396485],[68.877961,42.7398629],[68.8778359,42.7401385],[68.8778359,42.7404294],[68.8780652,42.7406897],[68.8784405,42.7408734],[68.8792118,42.7407509],[68.8796496,42.7406131],[68.8803793,42.7401538],[68.880421,42.7394954],[68.8801291,42.7392657],[68.8797747,42.7391126],[68.879733,42.7387911],[68.879879,42.7384695],[68.88015,42.7381939],[68.8805878,42.7381021],[68.8813591,42.738393],[68.8817969,42.738393],[68.8822347,42.7384849],[68.8825058,42.7387298],[68.8825266,42.7399088],[68.8828602,42.7401232],[68.8832563,42.740261],[68.8836941,42.7402916],[68.8838192,42.7399701],[68.8836941,42.7396638],[68.8836315,42.7390208],[68.8839859,42.7388064],[68.8844237,42.7387298],[68.8861749,42.7387758],[68.8874883,42.7385767],[68.887947,42.738592],[68.8883222,42.7387605],[68.8884473,42.7390514],[68.8884473,42.7393423],[68.8888017,42.739526],[68.8896773,42.7393576],[68.8901151,42.7393882],[68.8903236,42.7396485],[68.890407,42.7399395],[68.8908239,42.7400619],[68.8912691,42.7400816],[68.8918016,42.7400816],[68.892106,42.7403796],[68.8925117,42.7406218],[68.8929936,42.7407708],[68.8930443,42.7411246],[68.8932218,42.7414785],[68.8935768,42.7417579],[68.8940333,42.7419441],[68.8944391,42.7422049],[68.8944391,42.7425587],[68.8945405,42.7429126],[68.8950984,42.7427822],[68.8951745,42.7423911],[68.8951238,42.742],[68.8955549,42.7417393],[68.8960875,42.741702],[68.8965947,42.7418138],[68.8965947,42.7421862],[68.8963918,42.7432478],[68.8964932,42.7436017],[68.8970258,42.74349],[68.8974315,42.7432106],[68.8975837,42.7428195],[68.8975837,42.7424284],[68.8973808,42.7420745],[68.8975837,42.741702],[68.8981416,42.7417206],[68.8985727,42.7414599],[68.8988771,42.7411246],[68.8988517,42.7407335],[68.8984459,42.74051],[68.8982431,42.7401561],[68.8982431,42.7393739],[68.8983952,42.7385916],[68.8989278,42.7386288],[68.8991814,42.7389455],[68.8995871,42.7386661],[68.8995618,42.7382749],[68.8997139,42.7378838],[68.9000183,42.7375485],[68.8998407,42.737176],[68.8993335,42.7365055],[68.8996125,42.7361516],[68.9005255,42.7356859],[68.9010834,42.7356859],[68.9016159,42.7357604],[68.9023767,42.7362819],[68.9026557,42.7365986],[68.9028078,42.7369525],[68.9028078,42.7373064],[68.9026557,42.7376417],[68.90296,42.7379397],[68.9033911,42.7381632],[68.903873,42.7388151],[68.9043041,42.7390386],[68.904507,42.7393739],[68.904507,42.7397277],[68.9047859,42.7400444],[68.9052678,42.7402306],[68.905775,42.7403796],[68.9060285,42.7400257],[68.9059778,42.7396346],[68.9055467,42.7394484],[68.9051917,42.739169],[68.9051917,42.7387778],[68.9053946,42.7384053],[68.9058764,42.7382004],[68.9056482,42.7374368],[68.90613,42.7372319],[68.9069466,42.7372629],[68.9072309,42.7376354],[68.9071008,42.7380744],[68.9075803,42.737798],[68.9075811,42.7372921],[68.9082599,42.7368134],[68.9082612,42.736024],[68.9092876,42.7346518],[68.9126621,42.7339537],[68.9167343,42.7330126],[68.9199576,42.7327989],[68.9242876,42.7313892],[68.9303667,42.7304063],[68.9340354,42.7289923],[68.9403631,42.7268714],[68.9517904,42.7223851],[68.9572862,42.7189547],[68.9594841,42.7194008],[68.9647344,42.7188886],[68.9716255,42.7155953],[68.979538,42.7179997],[68.9808441,42.7223137],[68.9817761,42.7227552],[68.9824304,42.7231621],[68.9842498,42.7228989],[68.9845973,42.7236436],[68.9869113,42.7248958],[68.9865761,42.7224646],[68.9881598,42.7213717],[68.9880589,42.7203531],[68.9874864,42.7192103],[68.9877897,42.7186887],[68.9881378,42.7183432],[68.9885537,42.7167242],[68.989197,42.7162764],[68.9898677,42.7161728],[68.9901723,42.715845],[68.9891851,42.7126395],[68.9949111,42.7080895],[68.9970077,42.7059232],[69.0072726,42.7053899],[69.008836,42.7033428],[69.021167,42.707805],[69.028709,42.7121142],[69.0348318,42.7128012],[69.0321776,42.7077733],[69.0705373,42.6961763],[69.0739893,42.6997274],[69.092407,42.7024736],[69.0900044,42.7052781],[69.0925069,42.7084698],[69.0953403,42.7066819],[69.0988041,42.709893],[69.1174896,42.7231266],[69.1301454,42.7366576],[69.1374895,42.7403477],[69.1363714,42.7433334],[69.1387194,42.7440647],[69.1400698,42.7413393],[69.1480409,42.7432233],[69.1531976,42.7464319],[69.1500782,42.7480084],[69.1498239,42.7487006],[69.1511034,42.7484474],[69.1525559,42.7491373],[69.1518773,42.7508365],[69.1502567,42.751216],[69.1500875,42.7518452],[69.1538452,42.7528466],[69.1539392,42.7563059],[69.1552202,42.7566186],[69.1553092,42.7580651],[69.1489917,42.7575704],[69.1485708,42.7600239],[69.1516443,42.7602715],[69.1508027,42.7651787],[69.1537914,42.7655521],[69.1525257,42.771592],[69.1468015,42.7698383],[69.1464639,42.7714741],[69.1522747,42.7736679],[69.151684,42.7764991],[69.1347953,42.7841938],[69.1317997,42.7809266],[69.1294925,42.7801116],[69.128215,42.7816855],[69.12266,42.7793015],[69.1230832,42.7774141],[69.1154014,42.7788059],[69.1175399,42.7808793],[69.105932,42.7835953],[69.1026844,42.7819629],[69.1039608,42.77932],[69.100714,42.7780021],[69.0984983,42.7806457],[69.0881575,42.7743644],[69.0907157,42.772161],[69.0877246,42.7700877],[69.0850807,42.7719766],[69.080979,42.7691492],[69.0738043,42.7661979],[69.0737156,42.7633675],[69.0714964,42.7635576],[69.0711574,42.7657592],[69.0671464,42.7668938],[69.05639,42.7667739],[69.0578396,42.765012],[69.053998,42.7648252],[69.0465781,42.7738229],[69.0387245,42.7757128],[69.0199461,42.7884002],[69.0304339,42.7968331],[69.0311084,42.797823],[69.030942,42.7986305],[69.0209482,42.8190492],[69.0204617,42.8195808],[69.0195762,42.8198842],[69.0039272,42.8220858],[69.002767,42.8227982],[69.0023623,42.8237877],[69.0034955,42.8364119],[68.9989357,42.8481236],[68.9983421,42.8562928],[68.9987738,42.8571631],[69.0067602,42.8645202],[69.0105512,42.8797528],[69.0108818,42.880708],[69.011413,42.8817978],[69.0273756,42.9146541],[69.0272704,42.9153987],[69.0166476,42.9264639],[69.0161568,42.9274907],[69.0121522,42.945687],[69.0117429,42.9462613],[68.9868077,42.9614847],[68.9867071,42.9620788],[68.9918014,42.9732257],[68.9922107,42.9741402],[68.9919514,42.9752025],[68.9796619,42.9919314],[68.9786767,42.9928796],[68.9669058,42.9994788],[68.9651946,42.9995925],[68.9584536,42.9972033],[68.9572091,42.9969757],[68.9559646,42.9971653],[68.9425862,43.0015645],[68.9291559,43.0107791],[68.9240223,43.0199165],[68.9234519,43.0207126],[68.9100217,43.0360267],[68.9033844,43.041598],[68.902451,43.0422423],[68.9012583,43.0424318],[68.9000138,43.0421665],[68.8933765,43.0394378],[68.8920283,43.0393999],[68.8909393,43.0398926],[68.8838872,43.0459561],[68.8827464,43.0464867],[68.874709,43.0476993],[68.8738274,43.0482677],[68.8667413,43.0557942],[68.8644807,43.0581951],[68.8637677,43.0585266],[68.8629444,43.0587372],[68.8604888,43.0552943],[68.8418433,43.0291464],[68.836196,43.0309531],[68.813882,42.9971221],[68.7576023,42.979631],[68.767887,42.9711832],[68.7724408,42.9685463],[68.786673,42.9439469],[68.845118,42.9050226],[68.8475039,42.9013651]],[[69.502888,42.5451036],[69.4971352,42.5446698],[69.4955595,42.558449],[69.4949781,42.5584937],[69.4944363,42.558748],[69.4822579,42.559049],[69.4786148,42.5584693],[69.4762179,42.5579405],[69.473382,42.5571717],[69.4708843,42.5563352],[69.4687875,42.5554867],[69.4670924,42.554864],[69.4670446,42.5546152],[69.4670918,42.554309],[69.467083,42.5540303],[69.4671961,42.5535967],[69.4671235,42.5528671],[69.4670155,42.5526326],[69.4667892,42.5519562],[69.4664343,42.5513576],[69.465986,42.550759],[69.4653135,42.5494861],[69.4649773,42.5486122],[69.465088,42.5484288],[69.4650693,42.5478233],[69.465174,42.5475474],[69.4653982,42.5473409],[69.4656503,42.5467905],[69.4657718,42.546701],[69.4659492,42.5465152],[69.466136,42.5464533],[69.4661734,42.5463638],[69.4662761,42.5463019],[69.4667058,42.5456826],[69.4667992,42.5455381],[69.4667992,42.5452973],[69.4669486,42.5447399],[69.4672662,42.5441137],[69.4673876,42.5440036],[69.4676398,42.5439141],[69.4678546,42.5437627],[69.4680507,42.5436733],[69.4682163,42.5436017],[69.4683191,42.5433609],[69.4684405,42.5433127],[69.4685899,42.54312],[69.4686086,42.5428792],[69.468702,42.5427347],[69.468702,42.5426452],[69.4688421,42.5424869],[69.4688421,42.5424044],[69.4690476,42.5423218],[69.4691784,42.5421498],[69.46958,42.5420534],[69.46958,42.5419846],[69.4695232,42.5419063],[69.4695146,42.5418332],[69.469552,42.5417437],[69.4694959,42.5415786],[69.4694959,42.5413446],[69.4694212,42.5412483],[69.4694119,42.5411588],[69.4693278,42.5410693],[69.4692904,42.5409317],[69.4690102,42.540622],[69.4689355,42.5404706],[69.4685432,42.5401472],[69.4684031,42.5400921],[69.4683564,42.5399614],[69.4683097,42.5398306],[69.4679828,42.5396861],[69.4678521,42.5395554],[69.4677307,42.5395141],[69.4676653,42.5393902],[69.4674598,42.5393076],[69.4674411,42.539225],[69.4673197,42.5391769],[69.4672941,42.5391024],[69.4658449,42.53829],[69.4654791,42.5381933],[69.465037,42.5380482],[69.4640968,42.5378074],[69.4631261,42.5374701],[69.4618091,42.536837],[69.4610471,42.5364378],[69.4598588,42.535901],[69.4588297,42.5351363],[69.4581291,42.5348611],[69.4568122,42.5338839],[69.4566253,42.53365],[69.4563684,42.5330306],[69.4559808,42.5324112],[69.4556539,42.5321772],[69.4547757,42.5314205],[69.454539,42.5312416],[69.4539267,42.531097],[69.4534245,42.5310213],[69.4530463,42.5309525],[69.4523993,42.530691],[69.4506834,42.530099],[69.450297,42.5299063],[69.4494391,42.5295553],[69.4490019,42.5292807],[69.44883,42.5290333],[69.4488281,42.528827],[69.4489196,42.5284142],[69.4501961,42.5257929],[69.4513655,42.523218],[69.4525911,42.5210286],[69.4472391,42.5196239],[69.4393092,42.5173932],[69.4369719,42.5176128],[69.4308358,42.5159838],[69.4242559,42.5111434],[69.4210492,42.5084981],[69.4194607,42.5068575],[69.4190263,42.5060972],[69.4191852,42.5056996],[69.4196015,42.5056183],[69.4199591,42.505446],[69.4201098,42.5054494],[69.4203627,42.5054992],[69.4205545,42.5054622],[69.4207625,42.5054781],[69.4209826,42.5053788],[69.4211012,42.5052683],[69.4212725,42.5051648],[69.4212741,42.5050511],[69.4215365,42.5049667],[69.4217428,42.5048686],[69.4219426,42.5048816],[69.4221554,42.5047838],[69.42225,42.5046678],[69.4223206,42.5045336],[69.4224633,42.5043908],[69.4226246,42.504303],[69.4226163,42.5041173],[69.4228052,42.5038836],[69.4228466,42.5036777],[69.4226867,42.5035415],[69.422647,42.5034344],[69.42271,42.5031207],[69.4228069,42.5029707],[69.4227335,42.5028076],[69.422631,42.502667],[69.4226189,42.5025161],[69.4227528,42.5024163],[69.4228842,42.5023003],[69.4228494,42.5021807],[69.4227424,42.5020794],[69.4227526,42.5019455],[69.4228664,42.5018016],[69.4229255,42.501667],[69.423218,42.5015668],[69.4233734,42.5014489],[69.423348,42.5013648],[69.423185,42.5013067],[69.4230833,42.5012318],[69.4231601,42.5011371],[69.4233884,42.5010717],[69.4234965,42.5009545],[69.4237296,42.5007026],[69.4238018,42.5005414],[69.4237474,42.5003612],[69.4235534,42.5002108],[69.4235249,42.5001688],[69.4235829,42.5001268],[69.423845,42.5000772],[69.4238785,42.5000179],[69.4238253,42.4999687],[69.4237385,42.499949],[69.423481,42.49997],[69.4232721,42.4998509],[69.4233299,42.4996391],[69.4237091,42.499571],[69.4239158,42.4994106],[69.4238978,42.499252],[69.4236364,42.4989979],[69.4239839,42.4985763],[69.4240017,42.4983917],[69.4241551,42.4982458],[69.4243691,42.4981752],[69.4245589,42.4982291],[69.4247782,42.4984196],[69.4248656,42.4984338],[69.4249111,42.4983431],[69.424885,42.498042],[69.4248469,42.4979195],[69.4249421,42.4978347],[69.4251528,42.4978538],[69.4252609,42.4980306],[69.4254463,42.4981982],[69.4257954,42.4981625],[69.4260055,42.4981315],[69.4260133,42.4979884],[69.4260892,42.4979317],[69.4263315,42.4979586],[69.4263646,42.4978603],[69.4261837,42.4977234],[69.4262593,42.4975584],[69.4263901,42.4974465],[69.426534,42.4972444],[69.4267713,42.4972027],[69.4269708,42.4973534],[69.4269423,42.497541],[69.4269283,42.497643],[69.4269699,42.4977393],[69.4271987,42.4976972],[69.4273017,42.497708],[69.4275077,42.4977082],[69.427725,42.4976673],[69.4278712,42.497492],[69.4279982,42.4973367],[69.4281506,42.4974819],[69.4283355,42.4975642],[69.4284919,42.497466],[69.4286214,42.4974296],[69.4287385,42.4975262],[69.4287355,42.4977334],[69.4288611,42.4977412],[69.4291259,42.4976909],[69.4293521,42.4976877],[69.4293899,42.4975893],[69.4293383,42.4974478],[69.4293281,42.4973208],[69.4294315,42.4972071],[69.4296178,42.497124],[69.4296956,42.4975245],[69.4297484,42.4976357],[69.4298944,42.4976094],[69.4303833,42.4971466],[69.4303358,42.4971087],[69.4302659,42.4971235],[69.430006,42.4970902],[69.4297556,42.4969697],[69.4297035,42.4968002],[69.4299385,42.4965046],[69.4302117,42.4965987],[69.4304786,42.4965715],[69.4306612,42.4966924],[69.4307865,42.496695],[69.4309593,42.4965486],[69.4309641,42.4963976],[69.4308304,42.4962557],[69.4308326,42.4961364],[69.4309937,42.4961239],[69.4315322,42.4960587],[69.4316694,42.4960714],[69.4318499,42.4962322],[69.431998,42.4962191],[69.4324391,42.4961504],[69.4326256,42.4961512],[69.4326646,42.4960421],[69.4326401,42.495907],[69.432585,42.4958825],[69.4324718,42.4959624],[69.4323667,42.495993],[69.4322861,42.4958845],[69.4322961,42.4958036],[69.4324473,42.4957429],[69.4326888,42.4957059],[69.4327876,42.4956159],[69.43278,42.4954955],[69.4326186,42.4953843],[69.4325701,42.4952865],[69.4326343,42.4951552],[69.4328594,42.4950569],[69.4329862,42.4950671],[69.4330915,42.4952869],[69.4331848,42.4952287],[69.4331846,42.4948523],[69.4331596,42.4946644],[69.4333076,42.494584],[69.4334565,42.4946093],[69.4335641,42.4947298],[69.4334911,42.4948589],[69.4335847,42.4949214],[69.4338109,42.4949715],[69.4339753,42.4947788],[69.4342357,42.4946617],[69.4345682,42.4946806],[69.4346963,42.4948362],[69.4348281,42.4948718],[69.4349688,42.4948447],[69.435055,42.4947301],[69.435151,42.4945523],[69.4354355,42.4945541],[69.4356182,42.4944828],[69.4359186,42.4944195],[69.4360152,42.4944986],[69.4362619,42.4944986],[69.436337,42.4943957],[69.4365513,42.4943959],[69.4366264,42.4943089],[69.436562,42.494206],[69.4367766,42.4940874],[69.4370234,42.4938817],[69.4371843,42.4938738],[69.4372272,42.4938026],[69.437195,42.4936364],[69.4372594,42.4935494],[69.4374847,42.4935811],[69.4376242,42.4935969],[69.4377207,42.493407],[69.43771,42.4932725],[69.4376242,42.4929482],[69.4376349,42.4928295],[69.4377529,42.4927662],[69.4378388,42.4926476],[69.4379568,42.492521],[69.4381284,42.4924973],[69.4381821,42.4923232],[69.4382143,42.492165],[69.4384181,42.4920542],[69.4384503,42.4919118],[69.4386706,42.491983],[69.438735,42.4921491],[69.4386921,42.4922836],[69.4387457,42.4923865],[69.4389281,42.492339],[69.4390247,42.4921729],[69.4391641,42.4921887],[69.4392285,42.4922836],[69.4394109,42.4923865],[69.4396577,42.4924102],[69.4398079,42.4922757],[69.4398079,42.4921808],[69.4397435,42.4921096],[69.4395611,42.4921017],[69.4395933,42.4919593],[69.4397006,42.4919118],[69.4399581,42.4919672],[69.4400868,42.4920305],[69.4401834,42.491983],[69.4401619,42.4918881],[69.440001,42.4917931],[69.4400117,42.4916824],[69.4401941,42.4915083],[69.4401083,42.4914213],[69.4400976,42.4913422],[69.4401727,42.491271],[69.4404087,42.4913422],[69.440634,42.4914292],[69.4407413,42.4913976],[69.440752,42.4912789],[69.4405911,42.4911444],[69.4404301,42.4910416],[69.4403443,42.4908517],[69.4404301,42.4907647],[69.4405804,42.4907568],[69.4407842,42.4908517],[69.4409129,42.4908438],[69.4411812,42.4904007],[69.4413421,42.4903375],[69.4414923,42.4903849],[69.4415781,42.4904957],[69.4416854,42.4905827],[69.4418249,42.4905194],[69.4417927,42.4904007],[69.4416318,42.4901476],[69.441621,42.4899577],[69.4416532,42.4898707],[69.4419639,42.4898643],[69.4423824,42.4899197],[69.4426935,42.4899118],[69.4428652,42.4898485],[69.4430583,42.4898801],[69.4431548,42.4897298],[69.4434016,42.4895795],[69.4436591,42.4895716],[69.4437771,42.4895162],[69.443981,42.4894767],[69.444099,42.4892789],[69.4442814,42.489271],[69.4445711,42.4894529],[69.4446891,42.4894055],[69.4446569,42.4893026],[69.4447213,42.4891681],[69.4446998,42.4890257],[69.4445711,42.4888912],[69.4443565,42.4887725],[69.4442706,42.4885589],[69.444335,42.4884402],[69.4445174,42.4884323],[69.4447213,42.4885827],[69.4448715,42.4886301],[69.4449036,42.4885431],[69.4448285,42.4883928],[69.4446247,42.4880684],[69.4446783,42.4879814],[69.4449573,42.4879814],[69.4450753,42.4877915],[69.4451933,42.4877519],[69.4453221,42.4878469],[69.4453757,42.4880368],[69.445483,42.4880921],[69.4456761,42.4879102],[69.445762,42.4876807],[69.445998,42.4875858],[69.4462126,42.4876016],[69.446395,42.4877598],[69.4465559,42.4877124],[69.4465452,42.4875937],[69.446395,42.4873959],[69.4464593,42.4870715],[69.4465881,42.4870557],[69.4467061,42.4871348],[69.4468134,42.4871269],[69.4469421,42.4869212],[69.4474678,42.4867076],[69.4475429,42.486581],[69.4476717,42.4864861],[69.4475429,42.4863911],[69.4476502,42.486312],[69.4476717,42.4862091],[69.4478863,42.4861933],[69.4479077,42.4860667],[69.4478755,42.4859876],[69.4476931,42.4859006],[69.4477039,42.4858135],[69.4477897,42.4857107],[69.4477887,42.4855386],[69.4477132,42.4853408],[69.4475952,42.485317],[69.4474664,42.4853724],[69.4472841,42.4853566],[69.4472197,42.4852458],[69.4473377,42.4851351],[69.4475952,42.485056],[69.447681,42.4849689],[69.4478634,42.4850006],[69.4481102,42.4849689],[69.4480887,42.4848344],[69.4479385,42.4847236],[69.44796,42.484605],[69.4480243,42.4845179],[69.4481745,42.4845338],[69.4483999,42.4845258],[69.4485501,42.4846604],[69.4487861,42.484692],[69.4489899,42.4847632],[69.4491723,42.4847949],[69.4492689,42.484692],[69.4492474,42.4845575],[69.449065,42.4843122],[69.449065,42.4842014],[69.4491616,42.4841065],[69.4493011,42.4840907],[69.4493333,42.4839483],[69.4494513,42.4838454],[69.4492796,42.4838296],[69.4493118,42.4836951],[69.4494406,42.4836792],[69.4496015,42.4836792],[69.4497839,42.4837979],[69.4499233,42.4838058],[69.4499877,42.4837109],[69.4498482,42.4836239],[69.4499126,42.4834973],[69.4500736,42.4834498],[69.4500736,42.4833628],[69.4499341,42.4832757],[69.4499985,42.4831966],[69.4501379,42.483165],[69.450213,42.4830384],[69.4505885,42.4829434],[69.4508138,42.4829434],[69.451007,42.4829038],[69.4511464,42.4827456],[69.451125,42.482532],[69.4515649,42.4824528],[69.4519082,42.4823262],[69.4521442,42.4820889],[69.4522408,42.4817407],[69.4523695,42.4816379],[69.452509,42.4815746],[69.4524875,42.4814559],[69.4522193,42.4813372],[69.45223,42.4812343],[69.4524661,42.4811789],[69.4525734,42.4812581],[69.4526914,42.4812897],[69.4528631,42.4812502],[69.4529167,42.4811394],[69.4531313,42.4810998],[69.4531746,42.4809494],[69.4533248,42.4808623],[69.453475,42.4809177],[69.4534965,42.4810206],[69.4534214,42.4811393],[69.453475,42.4812659],[69.4534643,42.4813608],[69.453357,42.481432],[69.4534536,42.4816298],[69.4536038,42.4815982],[69.4537647,42.4815745],[69.4539793,42.4816931],[69.4540759,42.4817723],[69.4542261,42.4817248],[69.4545801,42.4815665],[69.454741,42.4816378],[69.4548698,42.4816536],[69.4550307,42.4818989],[69.4553218,42.4820585],[69.4555578,42.4820744],[69.4556436,42.4820032],[69.4559258,42.4819997],[69.4560621,42.4819319],[69.456223,42.4816708],[69.4563303,42.4815917],[69.4565663,42.4815917],[69.4567809,42.4813148],[69.4568882,42.4812356],[69.4570813,42.4811803],[69.4571349,42.4810853],[69.4571242,42.4809112],[69.4572851,42.4808084],[69.4574246,42.4808479],[69.4573817,42.4809587],[69.457489,42.481022],[69.457607,42.4810062],[69.4576499,42.4808875],[69.4578645,42.4809666],[69.4579289,42.4809033],[69.4579396,42.4807292],[69.4580576,42.4806659],[69.4582615,42.4806739],[69.4585297,42.4805631],[69.4587228,42.4806106],[69.4588516,42.4805552],[69.4589696,42.4804206],[69.4591305,42.480294],[69.45927,42.4803257],[69.4593343,42.4804839],[69.4593451,42.4805789],[69.4595382,42.4807451],[69.4597528,42.4807451],[69.4598493,42.4807767],[69.4600854,42.4806264],[69.4603214,42.480658],[69.4604716,42.4807609],[69.4607506,42.4808084],[69.4608686,42.4807372],[69.4609222,42.4805789],[69.4608686,42.4804286],[69.4607506,42.4803969],[69.460654,42.4803099],[69.4606647,42.4801912],[69.4609437,42.4800408],[69.4609222,42.4799617],[69.4607935,42.4799617],[69.460772,42.4798905],[69.4608793,42.4798193],[69.4608578,42.4797322],[69.4607076,42.4796848],[69.4607076,42.4795819],[69.4608686,42.4794316],[69.4610188,42.4794078],[69.4611153,42.479487],[69.4612258,42.4794321],[69.4614693,42.4791665],[69.4617296,42.4789907],[69.4617657,42.4788838],[69.4618909,42.4785825],[69.4618848,42.478428],[69.4619255,42.4783355],[69.4620254,42.4783571],[69.4621544,42.4784505],[69.4622535,42.4784857],[69.4623182,42.4784129],[69.4622715,42.478344],[69.4621875,42.4783026],[69.4621688,42.4782131],[69.4622062,42.4781235],[69.4622996,42.4780822],[69.4624397,42.4780891],[69.4625984,42.4780271],[69.4626358,42.4779513],[69.4625704,42.4778687],[69.4624575,42.4777989],[69.4623735,42.477606],[69.4622521,42.4775509],[69.4622427,42.4774614],[69.4622894,42.4772409],[69.4622801,42.4771514],[69.4623174,42.4770412],[69.4622707,42.4769034],[69.4624015,42.4767656],[69.4624295,42.4766003],[69.4625416,42.4764969],[69.4627751,42.4764418],[69.4629152,42.4763798],[69.4629432,42.4762834],[69.4628685,42.4762076],[69.4628872,42.4761387],[69.4629899,42.4761043],[69.4631207,42.4760974],[69.4631674,42.4760147],[69.4631173,42.4759061],[69.4630426,42.4757959],[69.4629865,42.4756719],[69.4630612,42.4754514],[69.4630239,42.4753412],[69.4630332,42.475231],[69.4629398,42.4750863],[69.4628931,42.4749968],[69.4629398,42.474859],[69.4630519,42.4747074],[69.4632013,42.4746661],[69.4633228,42.4746385],[69.4634068,42.4745145],[69.4633881,42.4743699],[69.4634068,42.4742252],[69.4633975,42.4741219],[69.463164,42.4739083],[69.4631546,42.4738325],[69.463192,42.4737085],[69.4631733,42.4735707],[69.4630986,42.4734743],[69.4629305,42.4734261],[69.4626876,42.4734123],[69.4626223,42.4733572],[69.4625756,42.4732607],[69.4626286,42.4730845],[69.4627224,42.4729742],[69.4595666,42.4711321],[69.4502091,42.4662035],[69.4502809,42.4659613],[69.4504087,42.4658294],[69.4504027,42.4656758],[69.4504656,42.465534],[69.4505166,42.46534],[69.4506372,42.4651723],[69.4506731,42.4649749],[69.4505447,42.4648437],[69.4505986,42.4646295],[69.4505696,42.4644398],[69.4505966,42.4642844],[69.4507767,42.4640304],[69.4511189,42.4637863],[69.451237,42.4635077],[69.4518317,42.4630371],[69.4520915,42.4629375],[69.4523095,42.4629224],[69.4527601,42.4630015],[69.4529104,42.4629936],[69.4531464,42.4628986],[69.4534575,42.4629066],[69.4537043,42.4628512],[69.4538759,42.4628512],[69.4541549,42.4628195],[69.4543909,42.4628037],[69.4546162,42.4627878],[69.4548415,42.4628116],[69.4550561,42.462772],[69.4552385,42.4628512],[69.4555067,42.462867],[69.4556247,42.4628037],[69.4557642,42.4626691],[69.4559681,42.4626295],[69.4560861,42.4625741],[69.4561397,42.4624317],[69.4562899,42.4623367],[69.4565045,42.4623288],[69.4566869,42.4622417],[69.4568693,42.4620755],[69.4569873,42.4619805],[69.457041,42.4618222],[69.4571804,42.4616243],[69.4572019,42.4614898],[69.4572555,42.4613711],[69.4573521,42.4612761],[69.4573843,42.4611811],[69.4573735,42.4610861],[69.4574486,42.4609041],[69.4572984,42.4607695],[69.4573306,42.4606666],[69.4574594,42.4606112],[69.4574701,42.46035],[69.4575237,42.4601521],[69.4574916,42.4600413],[69.4575345,42.4598989],[69.4574916,42.4598118],[69.4574701,42.4597168],[69.4575667,42.4596614],[69.4576847,42.4595902],[69.4576632,42.4594714],[69.4575667,42.459329],[69.4574486,42.4590757],[69.4572341,42.458949],[69.457159,42.458767],[69.4569243,42.4585229],[69.4567634,42.4583805],[69.4567526,42.4582459],[69.4568063,42.4581113],[69.4570423,42.4579768],[69.4571067,42.4578026],[69.4572033,42.4577393],[69.4572033,42.4575968],[69.4572998,42.4574702],[69.4576431,42.4574385],[69.4577719,42.4574702],[69.4578792,42.4573673],[69.4578899,42.4572011],[69.4579435,42.4570665],[69.4579221,42.4569398],[69.4577504,42.4566786],[69.4576968,42.4565441],[69.4575895,42.4564491],[69.4575358,42.4563145],[69.4574394,42.4561287],[69.4574394,42.4559783],[69.4575145,42.4556696],[69.4574823,42.4555983],[69.4575467,42.4554559],[69.4576754,42.4553371],[69.4577184,42.4551471],[69.4577076,42.4549888],[69.4578149,42.4548463],[69.4580188,42.454688],[69.4580939,42.4545772],[69.4582333,42.4544743],[69.4584157,42.4542289],[69.4586089,42.4541339],[69.4591024,42.4541023],[69.4594994,42.4539598],[69.459789,42.4538252],[69.4600894,42.4538014],[69.4604435,42.4538014],[69.4609477,42.4537144],[69.4611409,42.4536748],[69.4613233,42.4535402],[69.4615056,42.4532948],[69.4616988,42.4531919],[69.4617236,42.4530641],[69.4616489,42.4529607],[69.4616209,42.4528436],[69.4616956,42.4526989],[69.4617703,42.452499],[69.4619291,42.4523543],[69.4620972,42.4522165],[69.4624054,42.4520786],[69.4625455,42.4519339],[69.4628164,42.4517961],[69.4631246,42.4516583],[69.4632554,42.4514653],[69.4633675,42.4514102],[69.4634889,42.4514377],[69.463601,42.4515342],[69.4637691,42.4515273],[69.4638531,42.4514653],[69.4638625,42.4513895],[69.4638158,42.4512999],[69.463685,42.4513275],[69.4635543,42.4512655],[69.4633861,42.4508864],[69.4633208,42.4505832],[69.4633301,42.4504178],[69.4632927,42.4502662],[69.4633768,42.4500319],[69.4633208,42.4497148],[69.4633394,42.4495012],[69.4633394,42.4493634],[69.4634328,42.449198],[69.4633675,42.4488051],[69.4633021,42.4486053],[69.4632741,42.4483434],[69.4632274,42.4482538],[69.4631807,42.4481435],[69.4631153,42.4479643],[69.4630032,42.4478747],[69.4629752,42.4477507],[69.4629752,42.447537],[69.4629472,42.4473854],[69.4629472,42.4472613],[69.4628351,42.4470822],[69.4627697,42.4468478],[69.4627977,42.4467307],[69.4628911,42.4466686],[69.4629005,42.4465446],[69.4629565,42.446393],[69.4629378,42.4462827],[69.4629472,42.4461724],[69.4629565,42.4459656],[69.4629939,42.4458623],[69.4631246,42.4458002],[69.4633675,42.4455314],[69.4635916,42.4451248],[69.463657,42.4450697],[69.4636944,42.4449663],[69.4637971,42.444918],[69.4639092,42.4448422],[69.4639652,42.4446975],[69.4640773,42.4446148],[69.4642081,42.4445872],[69.4643086,42.4444696],[69.4641475,42.4442763],[69.4637231,42.4440023],[69.4636389,42.4437578],[69.4628471,42.4438115],[69.4582218,42.4429357],[69.456307,42.4442086],[69.4548251,42.4435316],[69.4482996,42.4399461],[69.4348829,42.4357191],[69.4305519,42.4325363],[69.4345719,42.4289942],[69.4402064,42.4240001],[69.4405453,42.4236823],[69.4407534,42.4234334],[69.4405302,42.4233189],[69.440251,42.4231079],[69.4397485,42.4226444],[69.4393612,42.4222099],[69.439198,42.4218167],[69.4398967,42.4206217],[69.4385474,42.4201231],[69.438284,42.4197059],[69.4379649,42.4196106],[69.4376445,42.4193116],[69.4372822,42.419238],[69.4369071,42.4189399],[69.436453,42.4186192],[69.4360046,42.4186424],[69.435875,42.4187394],[69.435282,42.4187845],[69.4344881,42.419077],[69.4338366,42.4190473],[69.4335039,42.4188014],[69.4333815,42.4180947],[69.4325427,42.4181837],[69.4308907,42.4196959],[69.4302041,42.4190181],[69.4299475,42.4176854],[69.4299493,42.4173854],[69.4300552,42.4172569],[69.4304443,42.4170479],[69.4307416,42.4169365],[69.4310763,42.4168388],[69.4313317,42.4151023],[69.4311664,42.4150389],[69.4310755,42.414993],[69.430947,42.4150322],[69.4308828,42.4151276],[69.4306452,42.415196],[69.4305264,42.4151543],[69.4303082,42.4152231],[69.430034,42.415223],[69.4299251,42.4151988],[69.4297585,42.4152419],[69.4297406,42.4153186],[69.429769,42.4154259],[69.4296647,42.4154713],[69.4296086,42.4155541],[69.429702,42.4156299],[69.4298234,42.4156506],[69.4299729,42.4156644],[69.4301036,42.4157196],[69.4301223,42.4157954],[69.4301317,42.4158782],[69.4300569,42.4160092],[69.430141,42.4162091],[69.4300569,42.4162988],[69.4298982,42.4163057],[69.4297114,42.4162436],[69.4295059,42.4161609],[69.4293097,42.4161609],[69.429179,42.4162574],[69.4291883,42.4163677],[69.4292537,42.4164919],[69.4292257,42.4165815],[69.429151,42.4166849],[69.4291696,42.4167746],[69.4292911,42.416878],[69.4293191,42.4169469],[69.4291043,42.4171814],[69.4289548,42.4171883],[69.4288801,42.417078],[69.4288147,42.4169194],[69.4287026,42.4168366],[69.4285158,42.4168366],[69.4283851,42.4169332],[69.4281983,42.4169194],[69.4279554,42.4168573],[69.427806,42.4168435],[69.4276285,42.4168228],[69.4275351,42.4167608],[69.427395,42.4167608],[69.4272923,42.4168366],[69.4272363,42.4169263],[69.4272999,42.4171004],[69.4274072,42.4172746],[69.4274072,42.4174014],[69.4273321,42.4174806],[69.4272248,42.4175123],[69.4270102,42.4175519],[69.4268171,42.4175915],[69.4265596,42.4177419],[69.426345,42.4178053],[69.4260875,42.4178053],[69.425991,42.4178449],[69.4259052,42.4179241],[69.4257657,42.4179637],[69.4256262,42.4180112],[69.4254975,42.4181538],[69.4253687,42.4182251],[69.4251863,42.4182172],[69.4250361,42.4181459],[69.4249181,42.4179796],[69.4249181,42.4177895],[69.4248645,42.4177023],[69.4247679,42.4176627],[69.424446,42.4173459],[69.4242958,42.4171637],[69.4240491,42.4171083],[69.4236843,42.4170529],[69.4232444,42.4170687],[69.4230685,42.416978],[69.4229291,42.4170177],[69.4227574,42.4171206],[69.4226286,42.4170889],[69.4224141,42.4169464],[69.4222746,42.4169622],[69.4221459,42.4170889],[69.4219205,42.4171444],[69.4217167,42.4171998],[69.4216201,42.4172711],[69.4216201,42.4173899],[69.4218347,42.4177622],[69.4218454,42.4178572],[69.4217382,42.4179127],[69.4215021,42.4179602],[69.4214485,42.4180236],[69.4214163,42.4181107],[69.4212446,42.4181503],[69.4210193,42.4182295],[69.4207618,42.4182137],[69.4205365,42.4179998],[69.4204292,42.4179998],[69.4202576,42.4180948],[69.4201288,42.418277],[69.4200215,42.4183325],[69.4199786,42.4184354],[69.4200645,42.4186651],[69.4200323,42.4189186],[69.4199143,42.4191245],[69.419925,42.4192591],[69.419764,42.4194096],[69.4195495,42.4196789],[69.4194529,42.419774],[69.4192813,42.419774],[69.4190667,42.419869],[69.4188843,42.4199957],[69.4187019,42.4200116],[69.418541,42.4200749],[69.4184229,42.4202254],[69.4183371,42.4202967],[69.4182084,42.4204155],[69.4180796,42.4205105],[69.417865,42.4205343],[69.4175217,42.4203601],[69.4171355,42.4202333],[69.416996,42.4201225],[69.4169638,42.4198294],[69.4168994,42.4196868],[69.4167814,42.4196076],[69.4163737,42.4195047],[69.4162986,42.4193938],[69.4163737,42.4192433],[69.4162986,42.4190215],[69.4161162,42.4188077],[69.4158551,42.4186459],[69.4157049,42.4186301],[69.4155654,42.4187251],[69.4153723,42.4187647],[69.4152006,42.4187489],[69.4151255,42.418836],[69.4150934,42.4189707],[69.415147,42.419034],[69.415147,42.4191211],[69.4150397,42.4191924],[69.4148788,42.4191607],[69.4147393,42.4191291],[69.4145462,42.4191291],[69.4143101,42.4192479],[69.4141278,42.4192954],[69.4138754,42.4193174],[69.4137681,42.4192699],[69.4137145,42.4190877],[69.4137896,42.4189531],[69.4138218,42.4187709],[69.4137789,42.4186046],[69.413575,42.4185333],[69.4133282,42.4186204],[69.413178,42.4186996],[69.4129956,42.4187313],[69.4127489,42.4188976],[69.4125987,42.4190006],[69.4125343,42.4191828],[69.4124377,42.4192857],[69.4121437,42.4193626],[69.4120364,42.4193467],[69.4118004,42.4190854],[69.4116072,42.4189903],[69.4113927,42.4189745],[69.4111674,42.4190458],[69.4110064,42.4191566],[69.4108348,42.4193863],[69.410706,42.4194497],[69.4105344,42.419521],[69.4102769,42.4196794],[69.4100623,42.4197903],[69.4099765,42.4198774],[69.4097833,42.4199249],[69.4095044,42.4199012],[69.4092898,42.4198457],[69.409086,42.4198853],[69.4088397,42.4200463],[69.4086037,42.4200543],[69.4083998,42.4200543],[69.4082389,42.4200939],[69.4080565,42.4201968],[69.4078956,42.4202364],[69.4075308,42.4202127],[69.407166,42.4203552],[69.4071016,42.420482],[69.406887,42.4205612],[69.4066403,42.4206008],[69.4063613,42.4204899],[69.4061038,42.420482],[69.4057927,42.420577],[69.4056318,42.4206562],[69.4054279,42.4206958],[69.4052026,42.4206483],[69.4051061,42.4205453],[69.4049773,42.4204424],[69.4046125,42.4204344],[69.4043765,42.4204424],[69.4039903,42.4204424],[69.4037757,42.420474],[69.4034431,42.4205532],[69.4032542,42.4206019],[69.4030933,42.4205702],[69.402986,42.4205069],[69.4027499,42.4203326],[69.4025675,42.4201108],[69.4023101,42.4194614],[69.4021599,42.4192951],[69.4019024,42.4191683],[69.4017307,42.4190416],[69.4015805,42.4186693],[69.401441,42.4185505],[69.4010655,42.4183921],[69.4005934,42.4182179],[69.4000677,42.4179803],[69.3998961,42.4177902],[69.3996815,42.4177189],[69.3995635,42.4176397],[69.3994991,42.4174892],[69.3993919,42.4172276],[69.3992846,42.4171484],[69.39907,42.4171247],[69.3988232,42.4172197],[69.3986194,42.417291],[69.3984155,42.417291],[69.398201,42.4172356],[69.3978362,42.4170613],[69.3974392,42.4169425],[69.3972997,42.4168316],[69.3971925,42.4164197],[69.3970315,42.4162613],[69.3969028,42.4161346],[69.3967204,42.4160316],[69.3963771,42.4159445],[69.3961088,42.4159287],[69.3957119,42.4158811],[69.3954544,42.4159603],[69.3953658,42.4161203],[69.3953873,42.4162946],[69.3953873,42.4164292],[69.3951834,42.4165718],[69.3947972,42.4166589],[69.3946899,42.4166273],[69.3945182,42.4164292],[69.3943788,42.4162867],[69.3941856,42.4162312],[69.3940676,42.4161362],[69.3939711,42.4159382],[69.3940676,42.4157718],[69.3943895,42.4156689],[69.3944861,42.4156055],[69.3945182,42.4154788],[69.3944539,42.4152728],[69.3943358,42.4151065],[69.394132,42.4150431],[69.3938852,42.4150193],[69.3937779,42.4151302],[69.3937028,42.4151857],[69.3934775,42.4152015],[69.3933917,42.415051],[69.3933595,42.4149401],[69.3932415,42.4148292],[69.3927802,42.4147025],[69.3925978,42.4146708],[69.3923971,42.4147851],[69.392322,42.4148326],[69.3920001,42.4147296],[69.3919143,42.4145475],[69.3918177,42.4143811],[69.3916139,42.4142781],[69.3912813,42.414096],[69.3911847,42.4139692],[69.3912169,42.4138663],[69.3912062,42.4137633],[69.3910989,42.4136762],[69.3910882,42.4135098],[69.3910882,42.4133672],[69.3910882,42.413288],[69.3908092,42.4132484],[69.3906375,42.4132563],[69.3901977,42.4131692],[69.3900689,42.4132326],[69.3900475,42.4133989],[69.3898973,42.413486],[69.3897363,42.4135415],[69.3894466,42.4135019],[69.389157,42.4133989],[69.3889638,42.4132167],[69.3887385,42.4131375],[69.3886956,42.4130266],[69.3885025,42.412892],[69.3883201,42.4128365],[69.388245,42.4127731],[69.3881377,42.4126306],[69.3879661,42.4125038],[69.3878144,42.4123888],[69.3877715,42.4119848],[69.3877501,42.4118897],[69.3875677,42.4117551],[69.3873209,42.4116996],[69.3872136,42.4116046],[69.3870742,42.4114224],[69.3868274,42.4112402],[69.3875629,42.4109054],[69.3879582,42.4106852],[69.38811,42.4106721],[69.3889526,42.4104692],[69.3890774,42.4101811],[69.3894216,42.409886],[69.389496,42.4096294],[69.3897144,42.4094723],[69.3913654,42.4089914],[69.3908744,42.4087429],[69.3870836,42.4084431],[69.3856684,42.4060903],[69.3877619,42.4007427],[69.3889007,42.3993255],[69.3882215,42.3993193],[69.3877399,42.3993418],[69.3874078,42.3994056],[69.3867937,42.3997141],[69.386422,42.3996278],[69.3861183,42.3996476],[69.3860201,42.3992114],[69.386126,42.399022],[69.3863819,42.3988749],[69.3877138,42.3987072],[69.3891041,42.3982799],[69.3894337,42.3982288],[69.3899874,42.3982949],[69.3906208,42.3982074],[69.3901649,42.3966026],[69.3898304,42.3960049],[69.3896359,42.3957578],[69.3883126,42.3952428],[69.3880261,42.3950865],[69.3867775,42.3926727],[69.3862303,42.390894],[69.3859568,42.3903836],[69.3804888,42.3831043],[69.3789059,42.3833115],[69.3781077,42.3835436],[69.3775592,42.3838322],[69.3771385,42.3839292],[69.3760117,42.3838501],[69.3748091,42.3840389],[69.3745534,42.3844221],[69.3739534,42.3847364],[69.3729993,42.3847778],[69.3708372,42.3855624],[69.3702227,42.384876],[69.3700219,42.384354],[69.3699767,42.3839781],[69.3700678,42.3833786],[69.3706506,42.3816047],[69.3702565,42.3818418],[69.3675509,42.3827537],[69.3670572,42.3822041],[69.3678502,42.3817829],[69.3686409,42.3814269],[69.3696263,42.3807239],[69.368635,42.3795014],[69.368282,42.3794005],[69.3678349,42.3793956],[69.3662083,42.3791012],[69.3651318,42.3787859],[69.3643001,42.3776858],[69.3641581,42.3769739],[69.3585873,42.3776408],[69.3572576,42.3777609],[69.3562268,42.3778259],[69.3550619,42.3778454],[69.3534791,42.3778363],[69.3482866,42.3774543],[69.3390593,42.3767343],[69.3257108,42.375689],[69.3252035,42.3748777],[69.3249276,42.3747318],[69.3247367,42.3743818],[69.3243918,42.3741916],[69.3239433,42.3739481],[69.3232497,42.3739849],[69.3228847,42.3738814],[69.322625,42.3736903],[69.3222367,42.3736216],[69.3219196,42.373701],[69.3216716,42.3734837],[69.3211173,42.373154],[69.3207756,42.3730154],[69.3206787,42.3724664],[69.3203709,42.3720401],[69.3204737,42.3714644],[69.3203086,42.3713602],[69.3184373,42.3709905],[69.3160434,42.3695761],[69.3155721,42.3693856],[69.3151588,42.3690118],[69.3146522,42.3688127],[69.3143314,42.3681335],[69.3140011,42.3679164],[69.3126487,42.3678504],[69.3124128,42.3677028],[69.3116768,42.3662663],[69.3098636,42.3657219],[69.3092486,42.3649912],[69.3085197,42.3649845],[69.308157,42.3653429],[69.307828,42.3653787],[69.3069453,42.3651805],[69.3065203,42.3648242],[69.3062379,42.3647726],[69.3057207,42.3647827],[69.3045201,42.3644982],[69.3043195,42.3643331],[69.3042835,42.3641937],[69.3047065,42.364149],[69.3046942,42.3640357],[69.303282,42.3637256],[69.3030819,42.3636738],[69.3029638,42.3635608],[69.3032861,42.3621388],[69.3022994,42.3598572],[69.3021315,42.3591601],[69.3023041,42.358375],[69.3018526,42.3573823],[69.30185,42.3568243],[69.302329,42.3562215],[69.3047475,42.3555961],[69.3069678,42.3553111],[69.3076267,42.3554489],[69.3084862,42.355743],[69.3094383,42.355723],[69.3095785,42.3555482],[69.3095308,42.3554089],[69.3088593,42.3551055],[69.3087994,42.3548703],[69.3089511,42.3546432],[69.3093858,42.3546072],[69.309986,42.354745],[69.311648,42.3556821],[69.3128938,42.3556351],[69.3124611,42.3537095],[69.3126836,42.3535433],[69.3127258,42.3525841],[69.3133005,42.352321],[69.3150858,42.3520546],[69.3157683,42.3522096],[69.3167001,42.3528522],[69.3175838,42.3532857],[69.3199146,42.3539505],[69.3206057,42.3534865],[69.3211691,42.3533193],[69.3221764,42.352619],[69.3231118,42.3516573],[69.3191139,42.3490268],[69.3173492,42.3463551],[69.3164277,42.3454074],[69.3160835,42.3447457],[69.3137075,42.3419972],[69.3099456,42.3369507],[69.3045434,42.3254829],[69.3043396,42.3246377],[69.3032945,42.3223214],[69.3040354,42.3224763],[69.3050457,42.3224475],[69.3057866,42.3225937],[69.3069,42.3220502],[69.3076187,42.3224581],[69.3083821,42.3224124],[69.3092773,42.3228721],[69.3112995,42.3231718],[69.3111768,42.3221172],[69.3131831,42.319191],[69.310134,42.3131224],[69.3148635,42.3122115],[69.3185577,42.3110331],[69.3218403,42.3097597],[69.3232437,42.3108543],[69.3261427,42.3149525],[69.3289107,42.3163745],[69.3309454,42.3168307],[69.3328256,42.3169386],[69.3352103,42.3169316],[69.335574,42.3168347],[69.3367492,42.3169271],[69.3387915,42.3187869],[69.33921,42.3201457],[69.3400468,42.3206402],[69.3403911,42.3213192],[69.3409932,42.321858],[69.3413616,42.3226416],[69.3424821,42.3234403],[69.3430448,42.3210498],[69.3462907,42.3166447],[69.3501997,42.3096578],[69.333236,42.3071346],[69.3254309,42.3014509],[69.3167487,42.2967529],[69.3054306,42.2947504],[69.2741862,42.2404563],[69.2375548,42.216926],[69.1948,42.2071911],[69.1937849,42.2062439],[69.1875401,42.1994123],[69.1777377,42.1954926],[69.1712046,42.1933381],[69.1572706,42.1941452],[69.1496046,42.1974349],[69.1399097,42.2010546],[69.130387,42.2031647],[69.1314557,42.2080171],[69.1350877,42.2149654],[69.1401583,42.2198777],[69.1440869,42.2235887],[69.166801,42.2326865],[69.1854823,42.2489809],[69.1743538,42.25364],[69.1319008,42.269401],[69.1110616,42.2791096],[69.0768216,42.2653838],[69.0611899,42.2767403],[69.0561092,42.2807906],[69.0391238,42.2734485],[69.0379773,42.2723658],[69.0371421,42.2691943],[69.0272432,42.2602233],[69.0248434,42.2490065],[69.0199483,42.2450621],[69.0058734,42.238098],[69.0035175,42.2335031],[69.000205,42.230221],[69.0012354,42.2266106],[69.0021922,42.2249695],[69.0019713,42.2231096],[69.0027732,42.220385],[69.0001294,42.2231816],[68.9955532,42.2237863],[68.9936582,42.2181575],[68.9833044,42.2181565],[68.9778406,42.2160177],[68.9764023,42.2166809],[68.9832781,42.2313182],[68.9543865,42.2656789],[68.9264094,42.2624269],[68.9096021,42.2602398],[68.9052191,42.2668921],[68.9041202,42.2719994],[68.9095354,42.296588],[68.9097172,42.3086254],[68.9070236,42.313645],[68.907503,42.3260519],[68.9031143,42.332473],[68.8970337,42.3382279],[68.89255,42.3408823],[68.8724263,42.3488373],[68.8490864,42.367271],[68.8557763,42.3715964],[68.828528,42.3936393],[68.8290232,42.3947477],[68.8154525,42.4073983],[68.8222211,42.4100332],[68.8474179,42.4163069],[68.8513827,42.415028],[68.8565548,42.4113091],[68.878886,42.4067563],[68.8992137,42.4068497],[68.9014578,42.3736204],[68.9026556,42.3718491],[68.9090293,42.372002],[68.9090242,42.3755467],[68.9079342,42.3845883],[68.9273403,42.384126],[68.9319231,42.3833903],[68.9382336,42.4168358],[68.9367585,42.4201387],[68.9344666,42.4197682],[68.9328411,42.4215863],[68.9330106,42.4217493],[68.9328995,42.4223648],[68.9319824,42.4231341],[68.9312876,42.4239854],[68.930704,42.4243444],[68.9286891,42.4246009],[68.9273413,42.4246522],[68.926452,42.4251958],[68.9259656,42.4259138],[68.9258406,42.4268164],[68.9252987,42.4271343],[68.9244788,42.4280677],[68.9243955,42.4287036],[68.9248401,42.429278],[68.9258267,42.4292164],[68.9265076,42.4283959],[68.9267299,42.427042],[68.9266604,42.426683],[68.9270773,42.4259753],[68.9278693,42.4256676],[68.9288281,42.4258727],[68.9300092,42.4268677],[68.9306762,42.4277087],[68.9308568,42.4285497],[68.9317878,42.429278],[68.9324548,42.4293703],[68.9338721,42.4283138],[68.9344835,42.4281497],[68.9353451,42.4283446],[68.936012,42.4280574],[68.936818,42.4266318],[68.9366234,42.4259548],[68.9356786,42.4252471],[68.9356508,42.424488],[68.9360815,42.4239649],[68.9364011,42.4229802],[68.9374572,42.4227443],[68.9388745,42.423052],[68.9396526,42.4239034],[68.9397082,42.4248983],[68.9390968,42.425883],[68.9391524,42.4271651],[68.9401129,42.4279715],[68.9436736,42.4293978],[68.9453454,42.4303273],[68.9458014,42.4312087],[68.945758,42.4317856],[68.9452586,42.4321061],[68.9440862,42.4326029],[68.9434131,42.433372],[68.9433045,42.4344777],[68.9441513,42.4360481],[68.9456711,42.4367051],[68.9470789,42.4368467],[68.9475652,42.4367441],[68.9482114,42.435968],[68.9492466,42.4358007],[68.9504477,42.4359199],[68.9510339,42.4365929],[68.9510339,42.4376825],[68.9512076,42.4382113],[68.9508602,42.4390605],[68.9496878,42.4396694],[68.9479291,42.4403263],[68.9466916,42.4405025],[68.9462139,42.4412877],[68.9440862,42.4428899],[68.9442164,42.443723],[68.9457362,42.4449247],[68.9459968,42.4460141],[68.9469521,42.4466069],[68.9483416,42.4467191],[68.9491442,42.4461819],[68.9473309,42.4450333],[68.946538,42.4440812],[68.9469168,42.4431016],[68.9482781,42.4422345],[68.9502438,42.4416755],[68.9511516,42.4407521],[68.9517941,42.4407523],[68.9520583,42.4412563],[68.9519062,42.442404],[68.9528507,42.4429083],[68.9527362,42.4444758],[68.9509594,42.4449789],[68.9505808,42.4457066],[68.9505779,42.4473118],[68.9511424,42.4477124],[68.9519458,42.4477925],[68.9527608,42.4484715],[68.9529979,42.4496496],[68.9523972,42.4504778],[68.9514645,42.4512593],[68.9499944,42.4513759],[68.9487455,42.4507927],[68.9469592,42.451096],[68.9462636,42.4516908],[68.9459633,42.452484],[68.9450464,42.4537553],[68.9431978,42.4548634],[68.9432769,42.4554465],[68.9447984,42.4562192],[68.9457272,42.4556215],[68.9465966,42.4544697],[68.9474068,42.4544697],[68.9479403,42.4550383],[68.9486714,42.4561901],[68.9512007,42.4573272],[68.9515564,42.458406],[68.9516552,42.4594848],[68.9515564,42.4600387],[68.9507898,42.4606017],[68.9502127,42.4613508],[68.9500243,42.462536],[68.9502298,42.463628],[68.9429764,42.4628987],[68.9437736,42.4707201],[68.938556,42.4743971],[68.9308006,42.4808501],[68.9123822,42.5161767],[68.9059376,42.5150845],[68.9045054,42.515529],[68.9031486,42.5165846],[68.8967414,42.5200293],[68.8965152,42.5209738],[68.897872,42.522196],[68.8987766,42.5241404],[68.8995304,42.5260848],[68.900058,42.5308064],[68.9008872,42.5318618],[68.9049577,42.5345836],[68.9094804,42.5360277],[68.9104603,42.5371386],[68.9106111,42.5381939],[68.9149831,42.5440255],[68.9306619,42.5699555],[68.9393305,42.5775603],[68.9404612,42.5782819],[68.9443809,42.579059],[68.9453609,42.5795585],[68.9456624,42.5816121],[68.9472453,42.5864962],[68.9523841,42.5927409],[68.9578845,42.5997593],[68.9593513,42.5998133],[68.9661719,42.6019187],[68.9729924,42.6119587],[68.9737991,42.6132541],[68.9822331,42.6191369],[68.9829665,42.6201083],[68.9847266,42.6238859],[68.9896403,42.6245874],[68.9911071,42.6251271],[68.9919138,42.6282029],[68.9929406,42.6295519],[68.9973409,42.6326275],[68.9999811,42.6369438],[69.0088552,42.640127],[69.0117887,42.6456836],[69.0180225,42.6480031],[69.0187559,42.6494057],[69.0211028,42.6533433],[69.0244764,42.6560941],[69.0275992,42.6540934],[69.126521,42.6800704],[69.1275343,42.6690137],[69.1377819,42.6611632],[69.1599275,42.6684444],[69.1847855,42.6831621],[69.2054622,42.6991334],[69.2286203,42.7049535],[69.3015217,42.6911494],[69.3207937,42.6881987],[69.3287385,42.6878468],[69.3286832,42.6773735],[69.3311387,42.6690666],[69.3405117,42.6691709],[69.3457886,42.6710653],[69.3680464,42.6763315],[69.3766924,42.677031],[69.3803778,42.6811686],[69.3951853,42.6932387],[69.4066133,42.7066363],[69.4160365,42.713387],[69.430626,42.7176805],[69.4422466,42.718756],[69.4466209,42.7183438],[69.4513644,42.7195767],[69.4622686,42.7203237],[69.4696391,42.7262878],[69.4809769,42.7367141],[69.4920986,42.7419364],[69.5014198,42.7453212],[69.5072507,42.7479962],[69.5180629,42.7477502],[69.5228095,42.7489142],[69.5293533,42.7511896],[69.5362721,42.7554389],[69.5430217,42.7606767],[69.5535355,42.7568059],[69.5620858,42.7534048],[69.5649993,42.7494383],[69.5664755,42.7446884],[69.5657426,42.7427159],[69.5665138,42.7390892],[69.5721861,42.7307491],[69.5698313,42.723584],[69.5667627,42.7195935],[69.5636708,42.7129948],[69.5463887,42.7013411],[69.5292757,42.6939691],[69.5276459,42.695374],[69.5194212,42.6934553],[69.5173605,42.6886206],[69.4887848,42.6726316],[69.4994432,42.6527915],[69.4792769,42.6479404],[69.464315,42.6231984],[69.4607113,42.6134822],[69.4599944,42.6103178],[69.4600906,42.6062651],[69.4621009,42.6061937],[69.4662628,42.6022904],[69.4706026,42.6043147],[69.4761078,42.6012618],[69.478365,42.6049412],[69.4834549,42.605875],[69.4869204,42.6043123],[69.4891758,42.6076622],[69.4926021,42.6067911],[69.4963566,42.6079606],[69.4976291,42.6109852],[69.5029849,42.6116205],[69.5047856,42.6082202],[69.5092711,42.606702],[69.5116896,42.6062683],[69.5116519,42.6058432],[69.5124152,42.6054902],[69.5124119,42.6050907],[69.5100668,42.6021381],[69.5090637,42.600711],[69.5073199,42.5996201],[69.5070221,42.5990221],[69.5054877,42.5987459],[69.5050345,42.5984317],[69.5044857,42.5974353],[69.5032411,42.5967583],[69.5029443,42.5962768],[69.5028511,42.5958944],[69.5023046,42.595181],[69.5022779,42.5946651],[69.5030879,42.5945283],[69.5025575,42.5932926],[69.5025963,42.58942],[69.5003547,42.5887705],[69.4995571,42.5886327],[69.4985219,42.5886608],[69.4976133,42.5885823],[69.4976415,42.5881231],[69.4974805,42.587912],[69.4967622,42.587715],[69.4966963,42.5874445],[69.497012,42.5870783],[69.497314,42.5869946],[69.4977876,42.5864628],[69.4985829,42.5863181],[69.4984673,42.5858007],[69.4970817,42.5838292],[69.4967551,42.5824109],[69.4970111,42.5812507],[69.4981747,42.5793877],[69.4989611,42.5789495],[69.4999624,42.5785182],[69.5009109,42.5780605],[69.5016898,42.5761222],[69.50198,42.5743432],[69.5031825,42.5743266],[69.5040526,42.5746153],[69.5050141,42.5745716],[69.505389,42.5742157],[69.5053856,42.5737994],[69.5066283,42.573338],[69.5068285,42.5733879],[69.5068503,42.5723189],[69.507287,42.5717319],[69.5081522,42.5714243],[69.5088216,42.5694973],[69.5094088,42.5685037],[69.5101023,42.5680866],[69.5107811,42.5678562],[69.5112308,42.5670047],[69.5113616,42.5661591],[69.5099325,42.564981],[69.5091355,42.5616407],[69.5098824,42.5608083],[69.5097085,42.5599378],[69.5082065,42.5589323],[69.509629,42.5587478],[69.5098423,42.5586921],[69.5103731,42.5584713],[69.5108556,42.558071],[69.5108395,42.5574187],[69.5076037,42.5545111],[69.5056145,42.5520319],[69.5035425,42.547281],[69.502888,42.5451036]]]}},{"type":"Feature","properties":{"osmId":"relation/3407147","name":"Отрарский район"},"geometry":{"type":"MultiLineString","coordinates":[[[68.9071008,42.7380744],[68.9072309,42.7376354],[68.9069466,42.7372629],[68.90613,42.7372319],[68.9056482,42.7374368],[68.9058764,42.7382004],[68.9053946,42.7384053],[68.9051917,42.7387778],[68.9051917,42.739169],[68.9055467,42.7394484],[68.9059778,42.7396346],[68.9060285,42.7400257],[68.905775,42.7403796],[68.9052678,42.7402306],[68.9047859,42.7400444],[68.904507,42.7397277],[68.904507,42.7393739],[68.9043041,42.7390386],[68.903873,42.7388151],[68.9033911,42.7381632],[68.90296,42.7379397],[68.9026557,42.7376417],[68.9028078,42.7373064],[68.9028078,42.7369525],[68.9026557,42.7365986],[68.9023767,42.7362819],[68.9016159,42.7357604],[68.9010834,42.7356859],[68.9005255,42.7356859],[68.8996125,42.7361516],[68.8993335,42.7365055],[68.8998407,42.737176],[68.9000183,42.7375485],[68.8997139,42.7378838],[68.8995618,42.7382749],[68.8995871,42.7386661],[68.8991814,42.7389455],[68.8989278,42.7386288],[68.8983952,42.7385916],[68.8982431,42.7393739],[68.8982431,42.7401561],[68.8984459,42.74051],[68.8988517,42.7407335],[68.8988771,42.7411246],[68.8985727,42.7414599],[68.8981416,42.7417206],[68.8975837,42.741702],[68.8973808,42.7420745],[68.8975837,42.7424284],[68.8975837,42.7428195],[68.8974315,42.7432106],[68.8970258,42.74349],[68.8964932,42.7436017],[68.8963918,42.7432478],[68.8965947,42.7421862],[68.8965947,42.7418138],[68.8960875,42.741702],[68.8955549,42.7417393],[68.8951238,42.742],[68.8951745,42.7423911],[68.8950984,42.7427822],[68.8945405,42.7429126],[68.8944391,42.7425587],[68.8944391,42.7422049],[68.8940333,42.7419441],[68.8935768,42.7417579],[68.8932218,42.7414785],[68.8930443,42.7411246],[68.8929936,42.7407708],[68.8925117,42.7406218],[68.892106,42.7403796],[68.8918016,42.7400816],[68.8912691,42.7400816],[68.8908239,42.7400619],[68.890407,42.7399395],[68.8903236,42.7396485],[68.8901151,42.7393882],[68.8896773,42.7393576],[68.8888017,42.739526],[68.8884473,42.7393423],[68.8884473,42.7390514],[68.8883222,42.7387605],[68.887947,42.738592],[68.8874883,42.7385767],[68.8861749,42.7387758],[68.8844237,42.7387298],[68.8839859,42.7388064],[68.8836315,42.7390208],[68.8836941,42.7396638],[68.8838192,42.7399701],[68.8836941,42.7402916],[68.8832563,42.740261],[68.8828602,42.7401232],[68.8825266,42.7399088],[68.8825058,42.7387298],[68.8822347,42.7384849],[68.8817969,42.738393],[68.8813591,42.738393],[68.8805878,42.7381021],[68.88015,42.7381939],[68.879879,42.7384695],[68.879733,42.7387911],[68.8797747,42.7391126],[68.8801291,42.7392657],[68.880421,42.7394954],[68.8803793,42.7401538],[68.8796496,42.7406131],[68.8792118,42.7407509],[68.8784405,42.7408734],[68.8780652,42.7406897],[68.8778359,42.7404294],[68.8778359,42.7401385],[68.877961,42.7398629],[68.878232,42.7396485],[68.8783779,42.7393729],[68.8779818,42.7392504],[68.8762306,42.7392198],[68.8759596,42.7389748],[68.8758345,42.7386839],[68.875501,42.7384849],[68.8751674,42.7387145],[68.8749589,42.7390208],[68.8746671,42.7396638],[68.8746045,42.7399854],[68.8746879,42.7403069],[68.8753967,42.7411184],[68.8756678,42.7417462],[68.8759596,42.7419758],[68.8759805,42.7422974],[68.8748547,42.7433844],[68.8736247,42.7444102],[68.8735205,42.7447317],[68.8739374,42.7456503],[68.8738332,42.7459718],[68.8734162,42.74588],[68.8732911,42.7455891],[68.8730827,42.7453288],[68.8727282,42.7451451],[68.8723321,42.7452982],[68.8720194,42.7455585],[68.8719569,42.74588],[68.8719569,42.7468598],[68.8722904,42.7470435],[68.8727282,42.7470741],[68.8731035,42.7471966],[68.8738123,42.7475181],[68.8749798,42.7473038],[68.8753759,42.7473038],[68.875772,42.747365],[68.8760639,42.7476099],[68.87646,42.7477018],[68.8768144,42.7478702],[68.8770854,42.7484826],[68.8773773,42.7487122],[68.8777734,42.7486969],[68.8779818,42.7484367],[68.8779818,42.7481458],[68.8783571,42.7480539],[68.8791076,42.7488347],[68.8795037,42.7488347],[68.8795246,42.7479621],[68.8799207,42.7479621],[68.880692,42.748207],[68.8810881,42.7482376],[68.8814634,42.7481458],[68.8818803,42.7481152],[68.8821722,42.7483448],[68.8821513,42.7490031],[68.881651,42.7496614],[68.8812132,42.7502431],[68.8807963,42.7509779],[68.8804002,42.751131],[68.8799624,42.7510851],[68.8781903,42.7510851],[68.8777525,42.751131],[68.876731,42.7518199],[68.8758554,42.7519424],[68.8756678,42.7522485],[68.8756261,42.75257],[68.8754384,42.7528762],[68.8754801,42.7531976],[68.8752716,42.7535038],[68.8749589,42.753764],[68.8745003,42.7543457],[68.8743544,42.7556316],[68.8739583,42.7558],[68.8734996,42.7558],[68.8728116,42.7554173],[68.8723947,42.7552795],[68.8719569,42.7552795],[68.8715191,42.755203],[68.8711855,42.7546366],[68.8707894,42.7545141],[68.8703516,42.7545907],[68.8700389,42.7548356],[68.8696011,42.7548815],[68.8691842,42.7547743],[68.8687464,42.7547743],[68.868392,42.7549887],[68.8683503,42.7553101],[68.8685587,42.7559377],[68.8685796,42.7562592],[68.8683503,42.75655],[68.8679958,42.7567643],[68.8678708,42.7570551],[68.8682252,42.7572082],[68.8682252,42.7575297],[68.8677248,42.757545],[68.8673704,42.7577593],[68.8669535,42.757897],[68.8666199,42.7576827],[68.8660779,42.7572082],[68.8657026,42.7570398],[68.8652648,42.7570705],[68.8640974,42.7575909],[68.8637429,42.7578358],[68.8633051,42.7578664],[68.8628882,42.7579889],[68.8627423,42.7583562],[68.8624504,42.7586471],[68.8624295,42.7589991],[68.862638,42.7596267],[68.8619917,42.7601165],[68.8619917,42.7604379],[68.8617624,42.7607287],[68.8613246,42.7608206],[68.860866,42.7608206],[68.8599904,42.7606981],[68.8597194,42.7601318],[68.8594483,42.7598869],[68.8590522,42.7597644],[68.8586144,42.7598104],[68.8583226,42.7600706],[68.8582809,42.7604073],[68.8578639,42.7605298],[68.8575095,42.760744],[68.8575095,42.7613869],[68.8575929,42.7617083],[68.8572177,42.761892],[68.8567799,42.761892],[68.8564046,42.7617236],[68.8558,42.7612645],[68.8553414,42.7612032],[68.8549661,42.7613869],[68.8545283,42.7614787],[68.8539863,42.761494],[68.8541531,42.7621216],[68.8537778,42.7623053],[68.85334,42.7624124],[68.8527563,42.762443],[68.8516305,42.7630093],[68.8516931,42.7633307],[68.8518807,42.7636215],[68.8521517,42.7638664],[68.8521725,42.7641419],[68.851839,42.7641266],[68.851568,42.7639583],[68.8511093,42.7639583],[68.8507966,42.7637593],[68.8500252,42.7638052],[68.8492539,42.7633001],[68.8489829,42.7625808],[68.8490037,42.7619991],[68.8486702,42.761892],[68.8470857,42.7621216],[68.8468135,42.7624005],[68.8467278,42.7634071],[68.8463422,42.7636115],[68.8460637,42.7638946],[68.8467707,42.7642406],[68.8465779,42.7645552],[68.8461708,42.7647282],[68.8452711,42.7646181],[68.8443713,42.7646181],[68.8436001,42.7638317],[68.8435144,42.7632341],[68.8428503,42.7624162],[68.8428289,42.7618028],[68.8427004,42.761504],[68.8420363,42.7606861],[68.8419077,42.7600884],[68.8413722,42.7595851],[68.8413293,42.7589717],[68.8407723,42.7581223],[68.8407938,42.7575246],[68.8411365,42.7573516],[68.8415436,42.7573831],[68.8422933,42.7576662],[68.8427646,42.7571786],[68.8429574,42.756282],[68.8429574,42.7556843],[68.8421005,42.7550394],[68.8416507,42.7550708],[68.8408366,42.7553854],[68.8401297,42.7558731],[68.8392513,42.756109],[68.8388657,42.7563135],[68.8386729,42.7566281],[68.8386729,42.7569584],[68.8389728,42.7575876],[68.8390371,42.7582482],[68.8386087,42.758374],[68.8369805,42.7571943],[68.8368734,42.7561247],[68.8365735,42.7558888],[68.836445,42.7555899],[68.8365092,42.7540798],[68.8362093,42.7538439],[68.8357594,42.7537652],[68.8348169,42.7537967],[68.8341099,42.7542529],[68.8340671,42.7545832],[68.8344098,42.754772],[68.8348169,42.754772],[68.8349668,42.7550866],[68.8346241,42.7557158],[68.83396,42.7562191],[68.8335101,42.756282],[68.833103,42.7561562],[68.832846,42.7559045],[68.8323961,42.7558416],[68.8319462,42.7558731],[68.8307466,42.7564236],[68.8302917,42.756524],[68.8298734,42.7563947],[68.8297413,42.7560715],[68.8285526,42.7555542],[68.8283324,42.7552633],[68.8269676,42.755134],[68.8262412,42.754746],[68.8253606,42.7545198],[68.8250524,42.7547945],[68.8250524,42.7551501],[68.8246562,42.7557967],[68.8240398,42.7563624],[68.8235995,42.7564917],[68.8231372,42.7563786],[68.8213101,42.7552956],[68.8208478,42.7552956],[68.8197471,42.7560068],[68.8193729,42.7570089],[68.8185584,42.7573807],[68.8182942,42.7576716],[68.8183163,42.7586899],[68.8185364,42.7589808],[68.8192408,42.7593849],[68.8192628,42.7600637],[68.8196151,42.7602577],[68.8208919,42.7602577],[68.8212881,42.760387],[68.8214202,42.7607102],[68.8222567,42.760791],[68.8223227,42.7614698],[68.8218384,42.762084],[68.8213762,42.762181],[68.8204956,42.7620032],[68.8197031,42.7623911],[68.819483,42.7626981],[68.8196591,42.7630052],[68.8191087,42.763587],[68.8191087,42.7646214],[68.8184483,42.7651547],[68.8186245,42.7654618],[68.821178,42.765284],[68.8213762,42.765591],[68.8208698,42.7663668],[68.8201434,42.7666253],[68.8198132,42.7668839],[68.819527,42.767902],[68.8190647,42.7680151],[68.8177659,42.7676596],[68.8163791,42.7667385],[68.8159388,42.7666415],[68.8156526,42.7669324],[68.8156526,42.7672718],[68.8145739,42.7679828],[68.8145299,42.7683222],[68.814728,42.7689848],[68.8155646,42.7690656],[68.8157847,42.7693564],[68.8155866,42.7696796],[68.8141777,42.7697604],[68.8137374,42.7696312],[68.813033,42.769211],[68.8127248,42.7679667],[68.8122625,42.767401],[68.8112282,42.7666733],[68.8102373,42.7667223],[68.8100832,42.7674172],[68.8102153,42.7684192],[68.8110298,42.7685646],[68.8112499,42.7688555],[68.8112499,42.7691948],[68.8106555,42.7697443],[68.809841,42.770116],[68.8089165,42.7701644],[68.8085862,42.7699382],[68.8080799,42.7693888],[68.8080799,42.7681283],[68.8078598,42.7678535],[68.8074415,42.7677243],[68.8069793,42.7678051],[68.8063188,42.7683222],[68.8062308,42.7696958],[68.8067811,42.7703745],[68.8063409,42.77052],[68.804888,42.7706492],[68.8044477,42.7705523],[68.8041395,42.7703099],[68.8031709,42.7701968],[68.8023344,42.769922],[68.8018941,42.7700675],[68.8012337,42.7706008],[68.8009035,42.7703745],[68.8009255,42.7690979],[68.8005073,42.7689686],[68.7998469,42.7694857],[68.7997588,42.7705038],[68.7993626,42.7707139],[68.7989003,42.7706331],[68.7985701,42.7704068],[68.7983279,42.7697928],[68.7978436,42.7698251],[68.7975354,42.770116],[68.7973373,42.7707947],[68.796919,42.7709724],[68.7963247,42.7704715],[68.7962146,42.7701644],[68.7967246,42.7690014],[68.7964231,42.7684842],[68.7959725,42.7681606],[68.7961768,42.7672107],[68.7959959,42.7669117],[68.7950458,42.7670114],[68.7947291,42.7672937],[68.7942767,42.7683067],[68.7943672,42.7686554],[68.7950006,42.7695687],[68.7951363,42.7702662],[68.7942993,42.7707311],[68.7938017,42.7707477],[68.7930778,42.7703326],[68.7922634,42.7707643],[68.7923313,42.771113],[68.7929647,42.7716278],[68.793123,42.7719599],[68.7927837,42.7722422],[68.7919015,42.7725577],[68.7914265,42.7726075],[68.7910419,42.7728566],[68.791155,42.7732053],[68.7922182,42.7738196],[68.792173,42.7741683],[68.7918563,42.7744506],[68.7909062,42.7744506],[68.7904538,42.7746001],[68.789662,42.7750816],[68.789187,42.7751314],[68.7878071,42.7748325],[68.7873321,42.7748325],[68.7860427,42.7743842],[68.7849343,42.7729396],[68.7841426,42.7725577],[68.7836675,42.7725411],[68.7827627,42.7721758],[68.7812697,42.7720097],[68.7790529,42.7723252],[68.7783064,42.7723086],[68.7777861,42.7717108],[68.7771753,42.7717938],[68.7752299,42.772923],[68.7745739,42.77284],[68.7745739,42.7720429],[68.7736917,42.7716112],[68.7725833,42.7715116],[68.772244,42.7718105],[68.7723118,42.7721592],[68.7726738,42.7723584],[68.7727643,42.7727071],[68.7728547,42.7737864],[68.7726964,42.7741351],[68.7722214,42.7741849],[68.7713391,42.7739193],[68.7672297,42.8418374],[68.7735223,42.8653898],[68.771325,42.8722658],[68.7834297,42.8761862],[68.7843848,42.8770018],[68.7879625,42.877428],[68.7927204,42.8782095],[68.7940431,42.8798942],[68.7944431,42.8804036],[68.796658,42.8810047],[68.7976014,42.8825376],[68.798809,42.8842651],[68.8011716,42.8859193],[68.8027991,42.8861886],[68.8043479,42.8869387],[68.8061592,42.8878234],[68.8063955,42.8884581],[68.806973,42.8892275],[68.8083118,42.889516],[68.8086531,42.8897275],[68.8094668,42.8900353],[68.8097293,42.8904199],[68.8119607,42.8909392],[68.8120132,42.8913816],[68.813247,42.8922663],[68.814087,42.8923817],[68.8146382,42.8929971],[68.8170008,42.8938048],[68.8207284,42.8954587],[68.8212797,42.8959972],[68.8223823,42.8958818],[68.8238523,42.8968818],[68.8247973,42.8969011],[68.8258999,42.8973049],[68.8261624,42.8976126],[68.8270549,42.8977857],[68.8286825,42.8981895],[68.8298637,42.8988818],[68.8308088,42.8991126],[68.8314388,42.8997664],[68.8346414,42.9006702],[68.838789,42.9010548],[68.8405216,42.9010548],[68.8434617,42.9000741],[68.8442492,42.9006894],[68.8456143,42.9011509],[68.8461918,42.9008433],[68.8473426,42.9011526],[68.8475039,42.9013651],[68.845118,42.9050226],[68.786673,42.9439469],[68.7724408,42.9685463],[68.767887,42.9711832],[68.7534286,42.9702792],[68.6942185,43.0052227],[68.5968153,42.9990736],[68.5721496,43.0037564],[68.5089309,42.9958403],[68.5089761,43.0131819],[68.5099945,43.0233356],[68.4805584,43.0377242],[68.4545412,43.0370655],[68.444732,43.0477726],[68.4411473,43.0691292],[68.4394427,43.0751029],[68.4234974,43.0840303],[68.3110538,43.0459113],[68.3050385,43.0438576],[68.2745572,43.1302999],[68.1261676,43.1238863],[68.1289539,43.108583],[68.110384,43.098627],[68.0961997,43.0901815],[68.0819752,43.0846912],[68.0665675,43.0848355],[68.0496802,43.0857719],[68.0661643,43.0751535],[68.0928837,43.05386],[68.1126465,43.0435296],[68.1394434,43.0407768],[68.2126158,42.9939846],[68.2168302,42.9793608],[68.1660687,42.9457545],[68.1614542,42.9492767],[68.1629133,42.9505724],[68.1633317,42.9517111],[68.1629133,42.9529439],[68.1612182,42.9547735],[68.1593513,42.9563047],[68.1565618,42.9580557],[68.1478929,42.9609452],[68.1397753,42.9636193],[68.1345033,42.9665981],[68.1303481,42.9702074],[68.1273579,42.9716224],[68.1235385,42.9728156],[68.1194401,42.9734122],[68.1161785,42.9734122],[68.1132173,42.9727685],[68.110857,42.9715753],[68.1088722,42.9697226],[68.1065655,42.9662919],[68.1044626,42.9635833],[68.1019735,42.9610473],[68.0995381,42.9586996],[68.0968455,42.9569241],[68.0938323,42.9558215],[68.0917449,42.9554628],[68.0899842,42.9556621],[68.0875519,42.9568179],[68.0836876,42.959756],[68.0815244,42.9607568],[68.0794,42.9618874],[68.0780911,42.9629395],[68.0773186,42.963913],[68.0764174,42.965389],[68.0751729,42.9686392],[68.073349,42.9732238],[68.0726838,42.9760183],[68.0725765,42.978122],[68.0727696,42.9798802],[68.0731129,42.9811832],[68.073585,42.9824704],[68.0743789,42.9838518],[68.0747866,42.9847622],[68.0749798,42.9856412],[68.074733,42.9866144],[68.0742073,42.9875876],[68.0734777,42.9885765],[68.0724692,42.9897537],[68.0712247,42.9907111],[68.0691433,42.9918569],[68.0680489,42.9928143],[68.0664825,42.9947761],[68.0643153,42.9967065],[68.0623626,42.9983073],[68.0604744,42.9992018],[68.0566335,43.0001748],[68.0531037,43.0003945],[68.050915,43.0002454],[68.0492949,42.9997903],[68.0479324,42.9991233],[68.0454325,42.9977109],[68.0436623,42.9969733],[68.041774,42.9962828],[68.0377292,42.9950115],[68.036077,42.9942817],[68.0351758,42.9939914],[68.0341566,42.9938423],[68.0330837,42.9937403],[68.0294037,42.9933636],[68.026936,42.9930654],[68.02567,42.9927358],[68.0245328,42.9920923],[68.0232453,42.9907739],[68.0227303,42.9899734],[68.0224299,42.9893613],[68.0218935,42.9859238],[68.0212283,42.983632],[68.02037,42.9817954],[68.019855,42.9810576],[68.0192542,42.9803512],[68.0180526,42.9796448],[68.016572,42.9791189],[68.0157888,42.9790325],[68.0149948,42.9790639],[68.0142009,42.9792366],[68.0136001,42.9795427],[68.0130529,42.9801],[68.0119908,42.9810654],[68.0094588,42.9831768],[68.0083108,42.984566],[68.0076778,42.9855157],[68.0069858,42.9866458],[68.0068463,42.9869244],[68.006739,42.9873835],[68.0067712,42.9879408],[68.006857,42.9883567],[68.0070716,42.9886549],[68.0073345,42.9889453],[68.0078494,42.9894162],[68.0087399,42.9908053],[68.0089331,42.991284],[68.0092764,42.9919824],[68.0098665,42.9930261],[68.0127847,42.9955373],[68.0149519,42.997397],[68.0171084,42.999398],[68.0186319,43.0009594],[68.0202198,43.0025993],[68.0209601,43.0034859],[68.0214965,43.0043098],[68.0218506,43.0051336],[68.0220222,43.005824],[68.0220115,43.0066243],[68.0218398,43.0075815],[68.0214965,43.0083268],[68.0209923,43.0094408],[68.0201769,43.0105],[68.0192649,43.0113708],[68.0185246,43.0119121],[68.0180097,43.01232],[68.0172801,43.0127123],[68.0164111,43.013081],[68.0155206,43.0133085],[68.0145657,43.0134262],[68.0130315,43.0134968],[68.0110037,43.0135281],[68.0092013,43.0134968],[68.0081577,43.0134083],[68.0074847,43.0133556],[68.0057251,43.0129398],[68.004663,43.012524],[68.0036974,43.0120847],[68.0027747,43.0115826],[68.0016804,43.0106726],[68.000865,43.009888],[67.9994488,43.0087583],[67.9976892,43.0076913],[67.9948783,43.0060751],[67.9935586,43.0054553],[67.9908442,43.0048119],[67.989074,43.0044981],[67.9861343,43.0042784],[67.9842031,43.0043961],[67.9823539,43.0047167],[67.9809522,43.0052121],[67.9801583,43.0056514],[67.9790425,43.0064438],[67.9778516,43.0074795],[67.9772615,43.0081385],[67.9767895,43.0088603],[67.9764461,43.0095115],[67.9761243,43.0106412],[67.9760599,43.0113237],[67.9761135,43.011967],[67.9763389,43.0127672],[67.9769611,43.0141165],[67.977401,43.0153952],[67.9777872,43.0169327],[67.9778087,43.0177642],[67.9775405,43.0188075],[67.9773366,43.0193723],[67.9768646,43.0201096],[67.9764891,43.0204155],[67.9756737,43.0207058],[67.9748797,43.0207607],[67.9739571,43.0207842],[67.9726374,43.0206979],[67.9715109,43.0205646],[67.9705238,43.0203998],[67.9696333,43.0201253],[67.9684169,43.0195891],[67.9669297,43.0187134],[67.9660821,43.0182898],[67.9653096,43.0181407],[67.9642689,43.0181015],[67.9631531,43.0181956],[67.961576,43.0185016],[67.9601276,43.0189801],[67.9589689,43.019639],[67.9579818,43.0206744],[67.9574346,43.0215372],[67.9569626,43.0227451],[67.9556858,43.0251766],[67.9553532,43.02691],[67.9551816,43.028557],[67.9549241,43.0301883],[67.9544306,43.0321019],[67.9535079,43.0339684],[67.9528641,43.0348624],[67.9516196,43.0360701],[67.9490018,43.0383599],[67.9462176,43.0412847],[67.9458155,43.0417519],[67.9445815,43.0431902],[67.9430365,43.045072],[67.9416632,43.0467656],[67.9410195,43.0475183],[67.9402041,43.0481455],[67.9390025,43.0488198],[67.9384017,43.0490707],[67.9377687,43.0491726],[67.9368997,43.0492589],[67.9363632,43.0492824],[67.9353011,43.0491177],[67.9350328,43.0490315],[67.9346368,43.0488712],[67.9342496,43.0485924],[67.9338527,43.0482631],[67.9331767,43.0476045],[67.9324257,43.0466402],[67.9318571,43.0458874],[67.9310632,43.0448525],[67.929604,43.0432843],[67.9284239,43.0420924],[67.9266214,43.0403517],[67.9246259,43.0386893],[67.9224801,43.0376542],[67.9213858,43.0372464],[67.9199266,43.0369484],[67.9186714,43.0368072],[67.9173524,43.0366757],[67.9164505,43.0366347],[67.915281,43.0364857],[67.9135752,43.0360701],[67.9118693,43.0354976],[67.9104745,43.0348859],[67.9093265,43.0343135],[67.9083073,43.0336782],[67.9072344,43.0328783],[67.9063225,43.0322588],[67.9050783,43.0312833],[67.9040801,43.0305883],[67.9030931,43.0300001],[67.9016554,43.0292786],[67.9008937,43.0290825],[67.9000354,43.0290041],[67.8985441,43.0290276],[67.8972995,43.0291923],[67.8958082,43.0294668],[67.8954005,43.0295884],[67.8949177,43.0298197],[67.8944886,43.0302119],[67.894274,43.0305099],[67.8940272,43.0312157],[67.8940165,43.0318353],[67.8940916,43.0323843],[67.8943384,43.0329568],[67.8946066,43.0333175],[67.8949284,43.0337253],[67.8952396,43.0342429],[67.8953683,43.0347918],[67.8954112,43.0353016],[67.8953147,43.0359446],[67.8951001,43.0364308],[67.8948212,43.0367837],[67.8943491,43.0371366],[67.8936195,43.0376698],[67.8930724,43.0380149],[67.8923321,43.0383756],[67.8911519,43.0387363],[67.8900576,43.0390264],[67.8890812,43.0392931],[67.8875685,43.0396773],[67.8860021,43.0401635],[67.8851545,43.040485],[67.8848086,43.0406506],[67.8838777,43.0410966],[67.8813886,43.0423747],[67.8795647,43.0436763],[67.8773331,43.0456993],[67.8762603,43.0472831],[67.8757882,43.0492677],[67.8756165,43.0521127],[67.8755736,43.0534611],[67.8756165,43.054982],[67.8752947,43.0563931],[67.8749084,43.0584627],[67.8745007,43.0600932],[67.8742432,43.0621156],[67.8740072,43.0649531],[67.8740501,43.0672889],[67.8742111,43.0693345],[67.8742111,43.0705886],[67.8741698,43.0714098],[67.8739858,43.0719679],[67.8737068,43.0725793],[67.8731704,43.0734805],[67.8729558,43.0736843],[67.8725696,43.0739586],[67.8722262,43.0741154],[67.8716898,43.0742721],[67.8705311,43.0744288],[67.8698766,43.0744132],[67.8690076,43.0743034],[67.8678274,43.0740135],[67.8672373,43.0736686],[67.8665829,43.0731044],[67.8661644,43.0725949],[67.8658104,43.071772],[67.8655314,43.0710353],[67.8653598,43.0701888],[67.865296,43.0694894],[67.8653825,43.0678397],[67.8660682,43.066108],[67.8666768,43.0638464],[67.8677748,43.0610532],[67.8685605,43.0577453],[67.8682238,43.0548199],[67.8670825,43.0519764],[67.8653427,43.0494883],[67.8629293,43.0472188],[67.8593302,43.0451661],[67.8569054,43.0451191],[67.8487489,43.0471498],[67.8445577,43.0480528],[67.8405541,43.048832],[67.8378226,43.0502812],[67.8362137,43.0516483],[67.835765,43.05216],[67.8334477,43.0548026],[67.8323808,43.0566103],[67.8316221,43.0578958],[67.8286059,43.0612207],[67.8267539,43.0647002],[67.8266745,43.0672709],[67.8269656,43.0705374],[67.8257485,43.0755044],[67.8258273,43.0792599],[67.8282032,43.0822115],[67.8310056,43.0844865],[67.8320626,43.0859826],[67.8328034,43.0880695],[67.8340073,43.091586],[67.8355788,43.0941271],[67.8370941,43.0981434],[67.8394327,43.1015858],[67.8430574,43.1054493],[67.8453857,43.1091],[67.8473171,43.1135231],[67.8496189,43.1168257],[67.8540109,43.1189694],[67.8556544,43.1203566],[67.8567957,43.1217494],[67.8578807,43.1238933],[67.8603502,43.1254772],[67.8611273,43.1263108],[67.8610347,43.128319],[67.8607249,43.1302346],[67.8610253,43.1321921],[67.8614713,43.1334069],[67.8623342,43.1353239],[67.8627848,43.1370854],[67.8626668,43.1402091],[67.8624737,43.1425655],[67.8607678,43.1458064],[67.8578603,43.1488827],[67.8552854,43.1501037],[67.8510582,43.1515596],[67.8461114,43.1532762],[67.8419581,43.1549412],[67.8413223,43.1556729],[67.8411636,43.1566572],[67.8416266,43.157796],[67.8423949,43.1586304],[67.8435548,43.15919],[67.8448364,43.1593332],[67.846579,43.1593589],[67.8477269,43.1594098],[67.8503282,43.1598012],[67.8529251,43.1606698],[67.8563368,43.1620472],[67.8580534,43.1630176],[67.860412,43.1649868],[67.8639666,43.1681116],[67.865613,43.1701446],[67.8663052,43.1719184],[67.8659684,43.1762025],[67.8642473,43.1810865],[67.8608423,43.1840331],[67.8551761,43.1863342],[67.8505208,43.1870386],[67.8471533,43.187175],[67.8445342,43.186643],[67.8418027,43.1849788],[67.8397822,43.1831918],[67.8384165,43.1806408],[67.8371818,43.1770801],[67.8354419,43.1739797],[67.8332162,43.1719774],[67.8299546,43.1712262],[67.8264355,43.1715861],[67.8241181,43.173151],[67.8237533,43.1748724],[67.824912,43.177955],[67.2242762,42.9512452],[67.1242717,42.8985275],[67.0600384,42.8607863],[66.9848918,42.8163293],[66.5774814,42.577751],[66.1485332,42.3227065],[66.0706756,42.3379411],[66.001937,42.360736],[65.99871,41.937179],[66.5331066,41.8769466],[66.8159903,41.8458939],[66.7950324,41.9316091],[66.7659063,42.0333462],[66.7495882,42.136148],[66.9331715,42.1602801],[67.2729351,42.2158875],[67.6647154,42.2990741],[67.6943585,42.3004401],[68.2457358,42.3082949],[68.2479235,42.308317],[68.2512975,42.3102121],[68.2543015,42.3117989],[68.2555139,42.3126717],[68.2567584,42.3141156],[68.2572627,42.3151469],[68.2577777,42.3174873],[68.257767,42.3190422],[68.2569408,42.3212554],[68.2549238,42.3251423],[68.2538509,42.3267288],[68.2490444,42.3317733],[68.2473492,42.333423],[68.2456326,42.3354216],[68.2444954,42.3377216],[68.2439589,42.33972],[68.2436914,42.3409304],[68.2438516,42.3436375],[68.244667,42.3469363],[68.2456111,42.349886],[68.2470703,42.3529624],[68.2490444,42.3568949],[68.2518983,42.3614931],[68.2533574,42.363253],[68.2552242,42.3651397],[68.2570538,42.366289],[68.2589732,42.3669553],[68.2613379,42.3671835],[68.2632967,42.3667842],[68.2658702,42.3654151],[68.2681442,42.3647031],[68.2705029,42.3643847],[68.2730503,42.3644834],[68.2741085,42.3651248],[68.2756049,42.3670301],[68.2757378,42.3690397],[68.274622,42.3719329],[68.2734203,42.37332],[68.2620345,42.3812492],[68.2559538,42.3850337],[68.2548594,42.3858737],[68.253808,42.3874428],[68.2527995,42.3893287],[68.2515764,42.3919753],[68.2509327,42.3939959],[68.2508254,42.3948754],[68.2508361,42.3969116],[68.2512975,42.3982586],[68.2523811,42.3999065],[68.2531214,42.400675],[68.2539689,42.4012217],[68.2565868,42.402109],[68.2612002,42.4032182],[68.263185,42.403543],[68.2648158,42.4036935],[68.2679593,42.4040183],[68.2701909,42.4045174],[68.2716501,42.4052304],[68.2721114,42.4056107],[68.2723474,42.4059909],[68.2724225,42.4065375],[68.2722509,42.4070921],[68.2714355,42.4079318],[68.2710385,42.408217],[68.270427,42.4085022],[68.2695258,42.4088032],[68.2682276,42.409025],[68.2647471,42.4093299],[68.26352,42.4094413],[68.2601226,42.4096839],[68.255353,42.4097221],[68.2521558,42.4098964],[68.2494736,42.4101657],[68.2464909,42.4108311],[68.2452035,42.4114806],[68.2433595,42.4128045],[68.2410621,42.4153461],[68.2371597,42.419746],[68.2351631,42.4216357],[68.2344324,42.4234486],[68.2340006,42.4259314],[68.2342463,42.4282264],[68.2355199,42.4325028],[68.2373078,42.4357359],[68.2401246,42.4372687],[68.2409678,42.4377276],[68.2449755,42.4385952],[68.2518339,42.4382331],[68.2551263,42.4384318],[68.2578064,42.4391116],[68.2583633,42.4392529],[68.2618067,42.4402293],[68.264966,42.4426433],[68.2651591,42.44296],[68.2651913,42.4433479],[68.2650196,42.4437042],[68.2646549,42.4441396],[68.2640862,42.4444642],[68.2618332,42.445731],[68.2585823,42.4474331],[68.2556748,42.4487314],[68.254559,42.4490085],[68.2527673,42.4493094],[68.2507718,42.4495468],[68.24898,42.4499823],[68.2464051,42.4506472],[68.2402468,42.4522147],[68.2347107,42.453877],[68.2306123,42.455571],[68.2286167,42.4565842],[68.2266855,42.4579774],[68.2258272,42.4589114],[68.224926,42.4603045],[68.2237243,42.4627739],[68.2220936,42.4666363],[68.2208919,42.4699919],[68.2197225,42.4725717],[68.2225292,42.4728817],[68.6006345,42.5060223],[68.6804212,42.5328678],[68.6810881,42.5332316],[68.6817036,42.5335578],[68.6823418,42.5340526],[68.6824759,42.5343689],[68.6825271,42.5346043],[68.682493,42.5348756],[68.6823467,42.535129],[68.6821174,42.5354363],[68.6816102,42.5358119],[68.6808517,42.5362324],[68.680325,42.5365558],[68.6801128,42.5367607],[68.6797281,42.5380198],[68.6795729,42.5387415],[68.6795556,42.5393031],[68.6795004,42.5397809],[68.6794866,42.5404949],[68.6797039,42.5411022],[68.6800971,42.5417223],[68.6804489,42.5422737],[68.6809179,42.5428048],[68.6813525,42.5431554],[68.6816905,42.5433409],[68.6819767,42.5434299],[68.6824768,42.5434832],[68.6830907,42.5434375],[68.6837115,42.5432799],[68.684709,42.5429601],[68.6853259,42.5427014],[68.6861454,42.5422576],[68.6868258,42.5419449],[68.6875403,42.5416538],[68.6882036,42.5412729],[68.6886889,42.540901],[68.688967,42.5405272],[68.6893133,42.5398983],[68.6895937,42.5394114],[68.6900498,42.538928],[68.6903009,42.5386549],[68.6904619,42.5383979],[68.690657,42.5380206],[68.6910301,42.5375516],[68.6917032,42.5369208],[68.6921251,42.5362524],[68.6921397,42.5359451],[68.6922373,42.5357798],[68.6925568,42.5356037],[68.6929153,42.535512],[68.693381,42.5354923],[68.6939322,42.5356162],[68.6944029,42.5358804],[68.694776,42.5360906],[68.6950662,42.5364285],[68.6953979,42.5371347],[68.6956832,42.5375857],[68.6959466,42.5378355],[68.6964124,42.5380367],[68.6967806,42.5381284],[68.6970903,42.5381122],[68.697422,42.5381068],[68.6981463,42.5382075],[68.6992852,42.5384213],[68.7002095,42.5385758],[68.701046,42.5386369],[68.7016483,42.5387879],[68.7019507,42.5390448],[68.702058,42.5394096],[68.7021068,42.5399756],[68.7020507,42.5404014],[68.7018507,42.5409028],[68.7015288,42.5413628],[68.7011094,42.5417455],[68.7007411,42.5422019],[68.7006094,42.5426205],[68.7005363,42.5433842],[68.7005387,42.5439807],[68.7005924,42.54434],[68.700685,42.5445431],[68.7009118,42.5447245],[68.7012532,42.5448629],[68.7018824,42.5449904],[68.7023214,42.5449994],[68.7031091,42.5448862],[68.7038066,42.544676],[68.7042943,42.5447084],[68.7047967,42.5448755],[68.7052674,42.5451162],[68.7058551,42.5456714],[68.7067453,42.5464943],[68.7073818,42.5469991],[68.7079402,42.5472633],[68.7086694,42.547504],[68.7093474,42.5476513],[68.7098717,42.5476621],[68.7103789,42.5475795],[68.7109008,42.5473207],[68.7113203,42.5469219],[68.7115886,42.5464116],[68.7116544,42.545896],[68.7115764,42.545348],[68.7113618,42.5446239],[68.7111057,42.5440364],[68.7107301,42.5433536],[68.7104472,42.5428361],[68.7101668,42.5424642],[68.7097693,42.5422234],[68.7092279,42.542024],[68.7087426,42.5417832],[68.7082378,42.5413735],[68.7078988,42.5409567],[68.707611,42.5401571],[68.70765,42.5398354],[68.7077695,42.5396288],[68.7083182,42.5392748],[68.7086523,42.5389011],[68.7091133,42.5386657],[68.7095839,42.5385237],[68.7099692,42.5384932],[68.7102595,42.5385345],[68.710596,42.538698],[68.7108447,42.5389927],[68.7109569,42.5393611],[68.7109569,42.5396557],[68.7108033,42.5402254],[68.710835,42.5406925],[68.7109228,42.5412531],[68.7110618,42.541812],[68.7112349,42.5421803],[68.7115642,42.5425486],[68.7119983,42.5428793],[68.7126518,42.5432602],[68.7131793,42.5434467],[68.7136438,42.5434984],[68.7140438,42.5434527],[68.7145878,42.5432971],[68.7156315,42.5427886],[68.7167875,42.542228],[68.7172679,42.5419747],[68.717941,42.541768],[68.7186141,42.5416441],[68.7194603,42.5416297],[68.7200261,42.5417231],[68.7208309,42.5418363],[68.7212894,42.5419998],[68.7215888,42.5422109],[68.7219156,42.5425577],[68.7223326,42.5431147],[68.7224399,42.543395],[68.7225985,42.5436268],[68.7227701,42.5440318],[68.7228598,42.5446391],[68.7228702,42.5451956],[68.7228977,42.5455272],[68.7230512,42.5459439],[68.7230581,42.5461878],[68.7231047,42.5463796],[68.7232013,42.5465728],[68.7234082,42.5467811],[68.7237427,42.5470276],[68.7240824,42.5472092],[68.7242756,42.5473846],[68.724598,42.54757],[68.7249222,42.5476501],[68.7251844,42.5476361],[68.7255292,42.5475637],[68.7258931,42.5473782],[68.7261707,42.5471025],[68.7263639,42.5468027],[68.7264984,42.5464508],[68.726526,42.546151],[68.7264639,42.5459197],[68.726257,42.545719],[68.7259431,42.5455754],[68.7252775,42.545423],[68.724786,42.5452959],[68.7243635,42.5450927],[68.7240238,42.5448449],[68.7237001,42.5444654],[68.7236123,42.5442282],[68.723544,42.5438688],[68.7236538,42.5431951],[68.7236367,42.5427027],[68.7237367,42.5423649],[68.7239074,42.5421026],[68.7242049,42.5418996],[68.7247292,42.541754],[68.7255243,42.5416947],[68.7261925,42.5417648],[68.7269338,42.5418277],[68.7273753,42.5418403],[68.7281386,42.5417792],[68.728919,42.5416678],[68.7296164,42.541533],[68.7304237,42.5413659],[68.7308407,42.541197],[68.7313601,42.5408718],[68.7317016,42.5405681],[68.7318796,42.5401261],[68.7318991,42.5396625],[68.7318381,42.5391091],[68.7317479,42.5385628],[68.7315308,42.538207],[68.7311748,42.5378746],[68.7307139,42.5375439],[68.7301871,42.5372906],[68.7296433,42.5371774],[68.7288141,42.5371109],[68.7282239,42.5370534],[68.7276411,42.5368773],[68.7272143,42.5366742],[68.7267948,42.5364191],[68.7262339,42.5359321],[68.7257755,42.535287],[68.7254535,42.5345933],[68.7251877,42.5338799],[68.7250024,42.5335492],[68.7249682,42.5332096],[68.7250243,42.5329149],[68.7252024,42.5327046],[68.7255877,42.5324297],[68.7260462,42.5322661],[68.7264315,42.5321727],[68.7267607,42.5321655],[68.7273679,42.5322356],[68.7280142,42.532365],[68.7284337,42.5326022],[68.72868,42.5329077],[68.7288726,42.5333102],[68.7289726,42.53379],[68.7291019,42.5341459],[68.7294409,42.5346257],[68.7297701,42.5349743],[68.7300627,42.5352133],[68.7305505,42.5353534],[68.7312382,42.5354936],[68.7315942,42.5355242],[68.7320649,42.5354864],[68.7323893,42.5353858],[68.7326453,42.5351684],[68.7328429,42.534658],[68.7330111,42.5341027],[68.7331453,42.533675],[68.733116,42.5333911],[68.7331648,42.5332276],[68.7333014,42.5330119],[68.7338062,42.5326525],[68.7345158,42.5324404],[68.735128,42.5323793],[68.7355328,42.5324009],[68.7358596,42.5324997],[68.7361327,42.5327567],[68.7363254,42.5331467],[68.7364058,42.5336804],[68.7363424,42.5346131],[68.7363034,42.5350605],[68.7363302,42.5355727],[68.7364278,42.535968],[68.7366351,42.536358],[68.7368448,42.5365574],[68.7373179,42.5368324],[68.7378057,42.5370372],[68.738269,42.5372241],[68.7386665,42.5373804],[68.739108,42.5373732],[68.7393908,42.5372834],[68.7396762,42.5370264],[68.7399225,42.5366275],[68.7401176,42.5361333],[68.7402298,42.5358027],[68.740481,42.5355529],[68.7408711,42.5351755],[68.741376,42.534924],[68.7416637,42.5347497],[68.7420686,42.534685],[68.7425587,42.5346993],[68.7433855,42.5348143],[68.7440122,42.5349527],[68.7446731,42.5351755],[68.7455437,42.5355655],[68.7462754,42.5358476],[68.7469167,42.5362843],[68.7474557,42.5364424],[68.7479142,42.5364244],[68.748682,42.5363014],[68.7497546,42.5361032],[68.7504582,42.5358109],[68.7509272,42.5352162],[68.7509589,42.534882],[68.7509248,42.5346017],[68.7507492,42.5341129],[68.7505834,42.533678],[68.75042,42.5334677],[68.7501981,42.5332197],[68.7498444,42.5329232],[68.7493811,42.5326213],[68.7488812,42.532429],[68.7485666,42.5321936],[68.7484154,42.5319258],[68.7483812,42.5315377],[68.74823,42.5312789],[68.7482495,42.5311495],[68.7483812,42.5309195],[68.7485958,42.530684],[68.7488373,42.5305097],[68.7492201,42.5303264],[68.7494933,42.5301682],[68.7496737,42.5299562],[68.7500103,42.5298214],[68.7502712,42.5297855],[68.7506078,42.5297855],[68.7511662,42.529834],[68.7516393,42.5299131],[68.7521173,42.5300424],[68.752488,42.5301934],[68.7530733,42.5306589],[68.7536025,42.5311153],[68.7538595,42.5313777],[68.7541033,42.5315053],[68.7544204,42.5315161],[68.7550861,42.5313292],[68.755369,42.5312663],[68.7557568,42.5312501],[68.7560787,42.531295],[68.7564104,42.5312609],[68.7565494,42.5311638],[68.7566494,42.5309607],[68.7566542,42.5308224],[68.7567131,42.5305055],[68.7566591,42.5302566],[68.7567469,42.5300591],[68.7569743,42.5298666],[68.7571635,42.5298085],[68.7573842,42.5298135],[68.7575013,42.5299197],[68.7575216,42.5300989],[68.757463,42.5304159],[68.7575238,42.5306233],[68.7577265,42.5308025],[68.7580372,42.5308822],[68.758339,42.5308955],[68.7585597,42.5308424],[68.7591632,42.5304043],[68.7594649,42.5301188],[68.7597712,42.5298766],[68.7599795,42.5297452],[68.7601055,42.5296141],[68.7603762,42.5293955],[68.7634562,42.5319849],[68.8173521,42.572753],[68.8195717,42.5773776],[68.8557436,42.6273523],[68.8558289,42.6601903],[68.8089299,42.6920963],[68.7845531,42.7018826],[68.7920973,42.7109609],[68.8018088,42.7199854],[68.8139253,42.73388],[68.915888,42.7049835],[68.9393306,42.7073438],[68.955263,42.6952084],[68.9889574,42.7029699],[68.9970077,42.7059232],[68.9949111,42.7080895],[68.9891851,42.7126395],[68.9901723,42.715845],[68.9898677,42.7161728],[68.989197,42.7162764],[68.9885537,42.7167242],[68.9881378,42.7183432],[68.9877897,42.7186887],[68.9874864,42.7192103],[68.9880589,42.7203531],[68.9881598,42.7213717],[68.9865761,42.7224646],[68.9869113,42.7248958],[68.9845973,42.7236436],[68.9842498,42.7228989],[68.9824304,42.7231621],[68.9817761,42.7227552],[68.9808441,42.7223137],[68.979538,42.7179997],[68.9716255,42.7155953],[68.9647344,42.7188886],[68.9594841,42.7194008],[68.9572862,42.7189547],[68.9517904,42.7223851],[68.9403631,42.7268714],[68.9340354,42.7289923],[68.9303667,42.7304063],[68.9242876,42.7313892],[68.9199576,42.7327989],[68.9167343,42.7330126],[68.9126621,42.7339537],[68.9092876,42.7346518],[68.9082612,42.736024],[68.9082599,42.7368134],[68.9075811,42.7372921],[68.9075803,42.737798],[68.9071008,42.7380744]],[[68.2053519,42.0590274],[68.1981507,42.0582413],[68.1940284,42.0591994],[68.1900931,42.0603373],[68.1833318,42.0628111],[68.1751803,42.0636895],[68.1706236,42.0646736],[68.1669961,42.0648911],[68.1616029,42.0633359],[68.1601246,42.0601078],[68.1611304,42.0580627],[68.1653526,42.0549819],[68.1674292,42.0537775],[68.1697123,42.0516946],[68.171751,42.0498512],[68.17402,42.048172],[68.1762136,42.0462401],[68.1786301,42.0433891],[68.179679,42.0373787],[68.1811738,42.0324789],[68.1824455,42.0282263],[68.183204,42.0220855],[68.1852936,42.0182041],[68.1861709,42.0111383],[68.1794802,42.0044479],[68.1718664,41.9962114],[68.1684474,41.9877274],[68.1675536,41.9757917],[68.1671619,41.9743916],[68.1648185,41.9677848],[68.1639559,41.9658095],[68.1629989,41.9638614],[68.1614678,41.9606456],[68.1609884,41.9593188],[68.1595082,41.9544194],[68.1588793,41.9528998],[68.1583643,41.9518945],[68.1578493,41.9512561],[68.1571412,41.9506337],[68.1535148,41.9485431],[68.151927,41.9481282],[68.1500985,41.9479146],[68.1484571,41.9479784],[68.1473176,41.9481563],[68.145817,41.9486005],[68.1430333,41.9496893],[68.140962,41.950678],[68.1380653,41.9523413],[68.137081,41.9527481],[68.1358228,41.95305],[68.1259651,41.9540458],[68.1197778,41.9545596],[68.1133491,41.9499621],[68.1104577,41.9456331],[68.1079021,41.9426957],[68.1068131,41.9391994],[68.1076424,41.9320739],[68.1120784,41.9293233],[68.1156633,41.9288149],[68.117069,41.9287987],[68.1185281,41.9289025],[68.1203627,41.9290861],[68.1215858,41.9289265],[68.1224441,41.9285194],[68.1228197,41.9281761],[68.123281,41.9274817],[68.123635,41.9262045],[68.1236887,41.9252227],[68.1235707,41.9244324],[68.1233883,41.9236581],[68.1229913,41.9229237],[68.121959,41.9217233],[68.1212425,41.9210957],[68.120513,41.9203532],[68.1200838,41.9197066],[68.1198156,41.9192276],[68.1194615,41.9186848],[68.1189358,41.9181658],[68.1176913,41.9173356],[68.1166828,41.9167927],[68.115567,41.916146],[68.1148803,41.9154994],[68.113904,41.9143497],[68.1099129,41.9100383],[68.1087756,41.9084893],[68.1077027,41.9064293],[68.1075096,41.9053274],[68.1075954,41.9033311],[68.1083248,41.8979171],[68.1084323,41.8966551],[68.108561,41.8943551],[68.10884,41.8936523],[68.109355,41.8929336],[68.1101918,41.8921988],[68.1116509,41.8909209],[68.1121123,41.8904178],[68.1125092,41.8898507],[68.1125734,41.8892119],[68.1122303,41.8884769],[68.1116295,41.887854],[68.1104493,41.8870872],[68.1089258,41.88656],[68.1070161,41.8859849],[68.1039905,41.8852501],[68.1015873,41.8848188],[68.0997419,41.8842517],[68.0975766,41.8834012],[68.0951734,41.8820433],[68.0939269,41.8813042],[68.0926609,41.8801859],[68.0909443,41.8781089],[68.0894208,41.8755846],[68.0880904,41.8727086],[68.08779,41.8716381],[68.0877042,41.8702959],[68.0878164,41.8689995],[68.0878891,41.8614385],[68.0859109,41.8571221],[68.0851424,41.8523111],[68.0868636,41.8485443],[68.0912697,41.8442842],[68.0979273,41.8389627],[68.1007377,41.8367162],[68.1056304,41.8384326],[68.3222583,41.8565803],[68.3289342,41.8527459],[68.3375864,41.846817],[68.3524386,41.8424397],[68.3709245,41.8391546],[68.3834407,41.8359999],[68.3957092,41.8355693],[68.4110937,41.8326745],[68.4330995,41.8304715],[68.4382255,41.8254563],[68.4427337,41.8151495],[68.4595672,41.8098589],[68.4683417,41.8010793],[68.5073118,41.8200717],[68.5672365,41.8284933],[68.6068119,41.824504],[68.6768625,41.822078],[68.689643,41.8290541],[68.6943224,41.8440227],[68.7040151,41.8509063],[68.755844,41.8808572],[68.7840922,41.8978527],[68.8019269,41.9095816],[68.8218598,41.9397819],[68.8306277,41.9525982],[68.8358219,41.9558282],[68.8505138,41.9690687],[68.856129,41.9831226],[68.8881062,41.9991879],[68.9027003,42.0175445],[68.9078943,42.0271335],[68.8160817,42.0454492],[68.8152697,42.0579245],[68.816419,42.0823838],[68.8016892,42.105542],[68.7817762,42.1009889],[68.5959865,42.0535115],[68.4548085,42.0247669],[68.3949809,42.0091619],[68.3145591,42.0089416],[68.2362318,41.9057932],[68.1213502,41.8996371],[68.118649,41.9027065],[68.1310271,41.930507],[68.1677626,41.9531074],[68.1939171,42.0172156],[68.1908922,42.0384898],[68.2112722,42.0507729],[68.2053519,42.0590274]]]}},{"type":"Feature","properties":{"osmId":"relation/3407558","name":"район Байдибека"},"geometry":{"type":"MultiLineString","coordinates":[[[69.0484232,43.548128],[69.090788,43.5218201],[69.0855465,43.5160017],[69.0850781,43.5130957],[69.0834031,43.5107314],[69.084792,43.507824],[69.0843247,43.5056615],[69.0864542,43.5013343],[69.0889583,43.4993723],[69.0914575,43.4943012],[69.0941455,43.4915278],[69.0978577,43.4907812],[69.0989701,43.4897664],[69.100914,43.4864529],[69.1062967,43.4857045],[69.1104646,43.4806314],[69.1157484,43.4770439],[69.1173236,43.4756905],[69.119551,43.4756206],[69.1214091,43.4765649],[69.1259697,43.4827106],[69.1321166,43.4857553],[69.1580908,43.4791661],[69.1845987,43.4668252],[69.223513,43.450399],[69.2422279,43.4208919],[69.2610273,43.4152405],[69.2860885,43.4013246],[69.3052851,43.4029647],[69.3129662,43.4004431],[69.3424063,43.3773781],[69.3528654,43.3753861],[69.3619007,43.3751655],[69.3673761,43.3846678],[69.3737134,43.39046],[69.3792987,43.3943618],[69.3912324,43.4052035],[69.4052943,43.4147523],[69.4151804,43.423233],[69.4180652,43.4247095],[69.4240108,43.4262421],[69.4284754,43.428118],[69.4339444,43.4313126],[69.457552,43.4259981],[69.4830408,43.4212583],[69.4867267,43.4230052],[69.5084005,43.4229761],[69.5424254,43.4119832],[69.5375925,43.4021487],[69.5384415,43.3969223],[69.5382474,43.3952259],[69.5366067,43.3919043],[69.5371316,43.390531],[69.5357827,43.3898192],[69.5299499,43.3779001],[69.5269248,43.3696234],[69.5280886,43.359369],[69.5322841,43.3480559],[69.535351,43.3306116],[69.5320479,43.3187639],[69.5317648,43.3177486],[69.5294436,43.3094227],[69.5398953,43.2984718],[69.5612888,43.2922323],[69.5619571,43.296864],[69.5908718,43.3000067],[69.620786,43.3059846],[69.6266579,43.3032761],[69.6316023,43.2973735],[69.6373597,43.2838283],[69.6312511,43.263429],[69.6333366,43.2578032],[69.6345091,43.2502893],[69.6480755,43.2494951],[69.6565372,43.2557139],[69.6729386,43.2608411],[69.6912576,43.2615152],[69.7138445,43.2604625],[69.7224827,43.2582539],[69.7310709,43.2593744],[69.7590938,43.2430672],[69.7638951,43.2414031],[69.7689018,43.2418918],[69.7730239,43.2430391],[69.7765029,43.2427544],[69.7816943,43.2436983],[69.7892713,43.242667],[69.8050796,43.2360939],[69.8063775,43.2329512],[69.8092942,43.230711],[69.8075627,43.2280467],[69.8212039,43.2267092],[69.8213852,43.2335625],[69.8361531,43.2492537],[69.8418614,43.2616806],[69.8483792,43.2678994],[69.8695761,43.2633663],[69.8859404,43.2584099],[69.9047167,43.2295389],[69.9134283,43.2329948],[69.9156535,43.2265794],[69.9090869,43.2232371],[69.916942,43.2112931],[69.942334,43.207093],[69.9530857,43.2078768],[69.9618451,43.2120431],[69.9739675,43.2131875],[69.9796227,43.2150096],[69.9896419,43.2125541],[69.9963851,43.2078818],[70.0002584,43.20498],[69.9953178,43.2051478],[69.994553,43.2000419],[70.0025032,43.1973731],[70.0089985,43.1819738],[70.0034573,43.1747042],[70.0043516,43.170464],[70.0478329,43.1489121],[70.0561454,43.1491002],[70.0623882,43.1479843],[70.0667626,43.1502361],[70.0732537,43.1495581],[70.0726706,43.129989],[70.0638968,43.1169329],[70.0741397,43.1107531],[70.1025152,43.0891449],[70.1244905,43.0737649],[70.1499799,43.0925572],[70.1727433,43.0686071],[70.1669215,43.0660214],[70.1772763,43.0540998],[70.1445716,43.0282436],[70.1742042,43.0191257],[70.1862296,43.0008375],[70.1859385,42.9981952],[70.1982335,43.006532],[70.1988685,43.0021165],[70.1954233,42.9979201],[70.2038215,42.9912189],[70.1988087,42.9866864],[70.1957827,42.9854836],[70.1922919,42.9850791],[70.1905972,42.9843913],[70.1920108,42.9829658],[70.1947099,42.9735028],[70.2063978,42.9694122],[70.207183,42.9665823],[70.1987667,42.9536206],[70.2145451,42.9441075],[70.2246022,42.942854],[70.2280706,42.9362036],[70.2290578,42.9309059],[70.2287906,42.9236437],[70.2239359,42.9172429],[70.2249219,42.9112307],[70.2212799,42.9040046],[70.2248346,42.9006273],[70.2273291,42.8935616],[70.2359747,42.8842644],[70.2512943,42.8779716],[70.2312931,42.8757635],[70.2208931,42.8719821],[70.2089733,42.8613874],[70.201937,42.85642],[70.2023905,42.8529692],[70.2012199,42.8507479],[70.2095461,42.8418535],[70.2103022,42.8361658],[70.2159469,42.8277459],[70.1938663,42.8111945],[70.2079444,42.8041545],[70.2244817,42.7989372],[70.2344307,42.793725],[70.2277258,42.7789276],[70.214762,42.7627925],[70.2065763,42.747031],[70.1792494,42.7534264],[70.1325863,42.7784862],[70.120887,42.7859634],[70.10843,42.7984761],[70.0937027,42.8008512],[70.0740017,42.8086553],[70.0720135,42.8155603],[70.0675489,42.8194192],[70.0647878,42.8236988],[70.0626685,42.8279482],[70.0618876,42.832468],[70.021841,42.827427],[70.0524254,42.8139452],[70.0609339,42.8054756],[70.0468143,42.7939163],[70.0207606,42.7793695],[70.0082154,42.7870304],[70.0005726,42.7871809],[69.9952561,42.7858403],[69.9936676,42.785656],[69.9934271,42.783957],[69.9939475,42.7823775],[69.9932305,42.7813588],[69.9930135,42.7803062],[69.9924012,42.7795742],[69.9923638,42.7791099],[69.9920296,42.7788695],[69.9922035,42.7784772],[69.9917935,42.7778761],[69.9917344,42.7773089],[69.991294,42.7766785],[69.9910564,42.7749626],[69.9903575,42.7744451],[69.990219,42.7739154],[69.9894793,42.7733466],[69.9892539,42.77239],[69.9894479,42.7713781],[69.989283,42.7710772],[69.9894574,42.7707144],[69.9886329,42.7692173],[69.9883428,42.7679663],[69.9878813,42.7678966],[69.98723,42.7665823],[69.986255,42.7663179],[69.9858901,42.765392],[69.9855623,42.7636546],[69.9851502,42.7632231],[69.9856227,42.7627324],[69.9850101,42.7622147],[69.9845338,42.7612086],[69.9837568,42.760795],[69.9828436,42.7599991],[69.9812224,42.7580885],[69.9807194,42.7572891],[69.9810023,42.7568221],[69.9807544,42.7563302],[69.9809287,42.7559674],[69.9802756,42.7556616],[69.9799009,42.7552268],[69.9799697,42.7548821],[69.979395,42.7545559],[69.9792672,42.7540721],[69.9788351,42.7536982],[69.9786641,42.7530065],[69.9772719,42.7522737],[69.9768819,42.7516502],[69.9762149,42.7512282],[69.9760794,42.7508828],[69.9756933,42.7505101],[69.9756196,42.7496939],[69.9753329,42.7484185],[69.9755702,42.7479188],[69.9752881,42.747158],[69.9756681,42.7465096],[69.9754398,42.7459861],[69.9758333,42.745557],[69.9758495,42.7453172],[69.9753059,42.7451006],[69.9752642,42.744677],[69.9749815,42.7438756],[69.9746834,42.743362],[69.9743128,42.7433357],[69.9741107,42.7428876],[69.9737336,42.7427581],[69.9733191,42.740885],[69.9726562,42.7397551],[69.9726845,42.7393235],[69.9722877,42.7392163],[69.9722747,42.7387039],[69.9728733,42.7382859],[69.9729661,42.7378243],[69.9724464,42.7372093],[69.9727531,42.7366721],[69.9725617,42.7362719],[69.9715606,42.7358969],[69.9705051,42.7352422],[69.9697847,42.7345847],[69.9698395,42.7342524],[69.9690471,42.7341117],[69.968648,42.7335325],[69.9658112,42.7324947],[69.9650867,42.7322132],[69.9648192,42.7317362],[69.9639225,42.7313161],[69.9634241,42.7307746],[69.9622314,42.730615],[69.9605773,42.729722],[69.9594071,42.7297244],[69.9593692,42.7292159],[69.9585388,42.7291934],[69.956996,42.7277316],[69.9551596,42.727334],[69.9546305,42.7267411],[69.9536601,42.7267271],[69.9529258,42.7257967],[69.9521143,42.7250514],[69.9526922,42.7242576],[69.9527039,42.7237118],[69.9517833,42.7236826],[69.9518835,42.7230403],[69.9522706,42.7228453],[69.9511811,42.7222276],[69.9509645,42.7204892],[69.9500859,42.7199287],[69.9493295,42.7181948],[69.9477092,42.7168589],[69.9471964,42.7147026],[69.9475352,42.7139698],[69.9461032,42.7131705],[69.9462764,42.7120704],[69.9460466,42.7114235],[69.9453853,42.7113331],[69.9449617,42.7110932],[69.945072,42.7107592],[69.9448849,42.7106441],[69.9444896,42.7109496],[69.9430137,42.7098852],[69.9431984,42.7095372],[69.9427811,42.7090539],[69.9422904,42.7096626],[69.9419094,42.709592],[69.9414418,42.7084234],[69.9409137,42.7085457],[69.9409868,42.708088],[69.9403422,42.7077762],[69.9403816,42.7070754],[69.9404082,42.7068466],[69.9394278,42.7068104],[69.9394075,42.7061248],[69.9385579,42.7061465],[69.9385114,42.7057118],[69.9377514,42.7057033],[69.9378838,42.7052008],[69.9360244,42.7032178],[69.9351115,42.703004],[69.934748,42.7021],[69.9330759,42.7012657],[69.933111,42.7002699],[69.9322079,42.7000487],[69.9322495,42.6994879],[69.931403,42.6990303],[69.9314661,42.6979016],[69.9305091,42.6974153],[69.92947,42.6974533],[69.9291831,42.6963127],[69.9276949,42.6963201],[69.9273539,42.6957285],[69.9260315,42.6942636],[69.9256158,42.6938759],[69.9251099,42.6936037],[69.9246997,42.6935861],[69.9240062,42.6935344],[69.9237772,42.6933433],[69.9238437,42.6930612],[69.9235767,42.6926879],[69.924106,42.6926315],[69.924121,42.6922195],[69.9233594,42.6918555],[69.9234257,42.6915629],[69.923134,42.6914297],[69.923271,42.6911366],[69.9228469,42.6911401],[69.9229775,42.6908887],[69.9226667,42.6909017],[69.9223531,42.6907269],[69.9225103,42.6903607],[69.9221131,42.6902648],[69.9219042,42.6900006],[69.9221698,42.6898003],[69.9220315,42.6895303],[69.9218141,42.6882129],[69.9213639,42.6878776],[69.9206511,42.6879459],[69.9196803,42.6877764],[69.9194855,42.6875016],[69.9194494,42.6869701],[69.9189092,42.6867659],[69.9183832,42.6856021],[69.9172171,42.6851214],[69.9164445,42.6835269],[69.9156842,42.6837259],[69.9153628,42.683499],[69.9154698,42.683081],[69.9150346,42.682318],[69.9145346,42.6814774],[69.9145726,42.6811799],[69.9150107,42.6806915],[69.9146171,42.6803557],[69.914746,42.6799897],[69.9142542,42.6797068],[69.9142339,42.6792847],[69.9136674,42.6792058],[69.9135881,42.678612],[69.9138559,42.6780832],[69.9135315,42.6776479],[69.9131417,42.6775675],[69.9135132,42.6768763],[69.9123329,42.67638],[69.9121267,42.6758081],[69.9123341,42.6754988],[69.9117062,42.6750815],[69.9117357,42.674685],[69.9113122,42.6737446],[69.9119838,42.6723158],[69.9117046,42.6715881],[69.9103072,42.6712133],[69.9087847,42.6714705],[69.9076928,42.6716929],[69.9072501,42.6713732],[69.9071402,42.6706232],[69.9065612,42.6701585],[69.9061226,42.6696354],[69.9064474,42.6691375],[69.9078313,42.6681046],[69.9083434,42.6678502],[69.9086602,42.6672898],[69.90832,42.6662445],[69.9084818,42.6649873],[69.8971964,42.667647],[69.8931933,42.6662413],[69.8827235,42.6644282],[69.8777404,42.6562363],[69.8724203,42.6554931],[69.8695733,42.6544043],[69.8641333,42.6513755],[69.8640682,42.646673],[69.8650728,42.6425503],[69.8692635,42.6448701],[69.8736012,42.645033],[69.8726126,42.6439301],[69.8897623,42.6428837],[69.888239,42.6353184],[69.8903591,42.635106],[69.8973011,42.6318512],[69.8962181,42.6303573],[69.8981461,42.6291011],[69.8983795,42.6268784],[69.8978207,42.6249232],[69.898675,42.6228263],[69.9001672,42.6220307],[69.9007712,42.6209809],[69.9024439,42.6204452],[69.9042135,42.6204965],[69.904092,42.6182113],[69.9026374,42.6154793],[69.8916101,42.6173947],[69.8864942,42.6183489],[69.8803251,42.6198988],[69.8631445,42.618266],[69.8458295,42.6197015],[69.8386996,42.6222361],[69.8342425,42.6262532],[69.8389039,42.6308568],[69.8390575,42.6422866],[69.8383683,42.6502606],[69.8363286,42.6507117],[69.8355234,42.6514529],[69.8341615,42.6511955],[69.8335142,42.6501974],[69.8305035,42.6485479],[69.8282414,42.648698],[69.825902,42.6498514],[69.8229972,42.6493375],[69.8191956,42.6494984],[69.8171884,42.6508631],[69.8155286,42.6525079],[69.8115714,42.6612235],[69.8037619,42.6722842],[69.7996898,42.6801843],[69.7947002,42.6831794],[69.7916972,42.678215],[69.7921173,42.6709487],[69.7890103,42.6616774],[69.7886057,42.6583374],[69.788825,42.6541909],[69.7861848,42.6459191],[69.782032,42.6397301],[69.7760495,42.6319488],[69.773543,42.6269516],[69.7701334,42.6220942],[69.7604998,42.6128437],[69.7599456,42.6128292],[69.7593462,42.6127282],[69.7585608,42.6126609],[69.7578584,42.6126937],[69.7575165,42.6126606],[69.7571962,42.612536],[69.7567498,42.6125172],[69.7557366,42.6126615],[69.7551016,42.6128613],[69.7526571,42.6138588],[69.7484399,42.6150526],[69.7479421,42.6152442],[69.746314,42.6164608],[69.7458637,42.6165326],[69.7453511,42.6167242],[69.7450078,42.6167192],[69.7445747,42.6165844],[69.7442804,42.6165718],[69.7436498,42.6163296],[69.7418052,42.614994],[69.7399737,42.6136459],[69.7383542,42.612771],[69.7378846,42.6124673],[69.7371648,42.6121352],[69.7365365,42.6115639],[69.7363373,42.6108843],[69.7372158,42.6096084],[69.7314097,42.6084422],[69.7165433,42.6063968],[69.7090274,42.6139983],[69.7049228,42.6192383],[69.7037688,42.621251],[69.7009849,42.6208168],[69.6991448,42.6173964],[69.685257,42.6134183],[69.6798207,42.6105093],[69.6743014,42.6094229],[69.6673633,42.612466],[69.6592739,42.6186059],[69.6532758,42.6253636],[69.6396174,42.6251605],[69.630409,42.6242311],[69.630324,42.6252121],[69.6253057,42.62601],[69.6234077,42.6258802],[69.6173219,42.6242324],[69.6142163,42.6237388],[69.6189298,42.6316878],[69.62211,42.6342331],[69.6214578,42.6345413],[69.6197545,42.6337264],[69.618622,42.6337325],[69.6167025,42.6339963],[69.615174,42.6321291],[69.6136935,42.6316556],[69.6064403,42.6340004],[69.6038694,42.6343434],[69.6022897,42.6342504],[69.601291,42.6339008],[69.6002945,42.6337794],[69.5991974,42.6339118],[69.5979553,42.6332341],[69.5908818,42.632186],[69.5896727,42.6313559],[69.58467,42.6322179],[69.5822934,42.6313176],[69.578901,42.6318924],[69.5744294,42.6308252],[69.5731186,42.6300968],[69.5718544,42.6307113],[69.5706511,42.6304893],[69.5692972,42.628798],[69.5673862,42.6299986],[69.5636615,42.6279896],[69.5634835,42.6272809],[69.5572685,42.6269058],[69.5526706,42.624582],[69.5511977,42.6226717],[69.547742,42.6215234],[69.5470775,42.6204159],[69.5468775,42.620619],[69.5453827,42.6209755],[69.544547,42.6209678],[69.5439653,42.6211569],[69.5434608,42.6211593],[69.5423588,42.6213625],[69.540859,42.6211367],[69.5391994,42.6206671],[69.538565,42.6202392],[69.5377226,42.6194513],[69.5367572,42.619025],[69.5355108,42.618926],[69.534773,42.6193138],[69.5335573,42.6191098],[69.5333008,42.618622],[69.5326304,42.6176586],[69.531507,42.6171864],[69.5299769,42.6170887],[69.5289067,42.6173149],[69.5285914,42.6173163],[69.5285269,42.6171536],[69.5281328,42.6171554],[69.5277868,42.6172618],[69.5262267,42.6173505],[69.52487,42.6172519],[69.5233072,42.6170146],[69.5224727,42.6171465],[69.5205186,42.6172602],[69.5184216,42.6172464],[69.5172592,42.617764],[69.5161672,42.6172566],[69.5156914,42.616921],[69.5144928,42.6168682],[69.5141918,42.6166949],[69.5116022,42.6162174],[69.5109394,42.6161388],[69.5105887,42.615663],[69.5092741,42.6149236],[69.5085441,42.614333],[69.5093074,42.6132],[69.5102946,42.613431],[69.5099508,42.6128444],[69.509556,42.6127589],[69.5093657,42.6126258],[69.5092719,42.6127252],[69.5090197,42.6127263],[69.5084731,42.6123969],[69.5106061,42.6106394],[69.5109925,42.6093638],[69.508623,42.6087572],[69.5084765,42.6081989],[69.5092599,42.6076132],[69.5092711,42.606702],[69.5047856,42.6082202],[69.5029849,42.6116205],[69.4976291,42.6109852],[69.4963566,42.6079606],[69.4926021,42.6067911],[69.4891758,42.6076622],[69.4869204,42.6043123],[69.4834549,42.605875],[69.478365,42.6049412],[69.4761078,42.6012618],[69.4706026,42.6043147],[69.4662628,42.6022904],[69.4621009,42.6061937],[69.4600906,42.6062651],[69.4599944,42.6103178],[69.4607113,42.6134822],[69.464315,42.6231984],[69.4792769,42.6479404],[69.4994432,42.6527915],[69.4887848,42.6726316],[69.5173605,42.6886206],[69.5194212,42.6934553],[69.5276459,42.695374],[69.5292757,42.6939691],[69.5463887,42.7013411],[69.5636708,42.7129948],[69.5667627,42.7195935],[69.5698313,42.723584],[69.5721861,42.7307491],[69.5665138,42.7390892],[69.5657426,42.7427159],[69.5664755,42.7446884],[69.5649993,42.7494383],[69.5620858,42.7534048],[69.5535355,42.7568059],[69.5430217,42.7606767],[69.5362721,42.7554389],[69.5293533,42.7511896],[69.5228095,42.7489142],[69.5180629,42.7477502],[69.5072507,42.7479962],[69.5014198,42.7453212],[69.4920986,42.7419364],[69.4809769,42.7367141],[69.4696391,42.7262878],[69.4622686,42.7203237],[69.4513644,42.7195767],[69.4466209,42.7183438],[69.4422466,42.718756],[69.430626,42.7176805],[69.4160365,42.713387],[69.4066133,42.7066363],[69.3951853,42.6932387],[69.3803778,42.6811686],[69.3766924,42.677031],[69.3680464,42.6763315],[69.3457886,42.6710653],[69.3405117,42.6691709],[69.3311387,42.6690666],[69.3286832,42.6773735],[69.3287385,42.6878468],[69.3207937,42.6881987],[69.3015217,42.6911494],[69.2286203,42.7049535],[69.2054622,42.6991334],[69.1847855,42.6831621],[69.1599275,42.6684444],[69.1377819,42.6611632],[69.1275343,42.6690137],[69.126521,42.6800704],[69.1248157,42.6916784],[69.1223683,42.7131588],[69.1204381,42.7192142],[69.1284734,42.7287951],[69.1512219,42.7380882],[69.1609914,42.7424037],[69.1531976,42.7464319],[69.1500782,42.7480084],[69.1498239,42.7487006],[69.1511034,42.7484474],[69.1525559,42.7491373],[69.1518773,42.7508365],[69.1502567,42.751216],[69.1500875,42.7518452],[69.1538452,42.7528466],[69.1539392,42.7563059],[69.1552202,42.7566186],[69.1553092,42.7580651],[69.1489917,42.7575704],[69.1485708,42.7600239],[69.1516443,42.7602715],[69.1508027,42.7651787],[69.1537914,42.7655521],[69.1525257,42.771592],[69.1468015,42.7698383],[69.1464639,42.7714741],[69.1522747,42.7736679],[69.151684,42.7764991],[69.1347953,42.7841938],[69.1317997,42.7809266],[69.1294925,42.7801116],[69.128215,42.7816855],[69.12266,42.7793015],[69.1230832,42.7774141],[69.1154014,42.7788059],[69.1175399,42.7808793],[69.105932,42.7835953],[69.1026844,42.7819629],[69.1039608,42.77932],[69.100714,42.7780021],[69.0984983,42.7806457],[69.0881575,42.7743644],[69.0907157,42.772161],[69.0877246,42.7700877],[69.0850807,42.7719766],[69.080979,42.7691492],[69.0738043,42.7661979],[69.0737156,42.7633675],[69.0714964,42.7635576],[69.0711574,42.7657592],[69.0671464,42.7668938],[69.05639,42.7667739],[69.0578396,42.765012],[69.053998,42.7648252],[69.0465781,42.7738229],[69.0387245,42.7757128],[69.0199461,42.7884002],[69.0304339,42.7968331],[69.0311084,42.797823],[69.030942,42.7986305],[69.0209482,42.8190492],[69.0204617,42.8195808],[69.0195762,42.8198842],[69.0039272,42.8220858],[69.002767,42.8227982],[69.0023623,42.8237877],[69.0034955,42.8364119],[68.9989357,42.8481236],[68.9983421,42.8562928],[68.9987738,42.8571631],[69.0067602,42.8645202],[69.0105512,42.8797528],[69.0108818,42.880708],[69.011413,42.8817978],[69.0273756,42.9146541],[69.0272704,42.9153987],[69.0166476,42.9264639],[69.0161568,42.9274907],[69.0121522,42.945687],[69.0117429,42.9462613],[68.9868077,42.9614847],[68.9867071,42.9620788],[68.9918014,42.9732257],[68.9922107,42.9741402],[68.9919514,42.9752025],[68.9796619,42.9919314],[68.9786767,42.9928796],[68.9669058,42.9994788],[68.9651946,42.9995925],[68.9584536,42.9972033],[68.9572091,42.9969757],[68.9559646,42.9971653],[68.9425862,43.0015645],[68.9291559,43.0107791],[68.9240223,43.0199165],[68.9234519,43.0207126],[68.9100217,43.0360267],[68.9033844,43.041598],[68.902451,43.0422423],[68.9012583,43.0424318],[68.9000138,43.0421665],[68.8933765,43.0394378],[68.8920283,43.0393999],[68.8909393,43.0398926],[68.8838872,43.0459561],[68.8827464,43.0464867],[68.874709,43.0476993],[68.8738274,43.0482677],[68.8667413,43.0557942],[68.8644807,43.0581951],[68.8637677,43.0585266],[68.8629444,43.0587372],[68.8469151,43.0628362],[68.8347293,43.0637833],[68.8171637,43.0714544],[68.8090615,43.0702233],[68.7845488,43.0788373],[68.7639876,43.0914482],[68.7530801,43.0981345],[68.7524495,43.0990094],[68.7523864,43.0999764],[68.7538999,43.1043046],[68.7538884,43.1043365],[68.7535846,43.1051794],[68.7533419,43.1054974],[68.7530357,43.1058987],[68.752104,43.1062309],[68.7565905,43.108441],[68.7573417,43.1122117],[68.7691343,43.1199346],[68.7648345,43.127865],[68.766679,43.1322794],[68.7641394,43.1378075],[68.7742835,43.148654],[68.7844548,43.1527635],[68.7874944,43.160628],[68.7957974,43.1673793],[68.8101155,43.1783102],[68.8242778,43.207202],[68.8435277,43.2247118],[68.8476652,43.2365857],[68.8559881,43.2420495],[68.8628581,43.2601618],[68.8566828,43.2733056],[68.8830434,43.3196057],[68.9212361,43.3414501],[68.9333121,43.3503589],[68.9384718,43.3552534],[68.965165,43.3749111],[68.9794533,43.3825325],[68.9849406,43.4236706],[68.964338,43.4738643],[68.9898802,43.4927938],[69.01401,43.5283165],[69.0484232,43.548128]]]}},{"type":"Feature","properties":{"osmId":"relation/5496738","name":"Сайрамский район"},"geometry":{"type":"MultiLineString","coordinates":[[[69.8329884,42.3355189],[69.8331963,42.3355272],[69.8373923,42.3344722],[69.837696,42.3344345],[69.8379193,42.3344813],[69.8380535,42.3345903],[69.8381503,42.3348098],[69.8383068,42.334848],[69.8385753,42.3348448],[69.8389109,42.3347891],[69.8398069,42.3344502],[69.8404645,42.3341208],[69.8447454,42.3369966],[69.8454171,42.3371383],[69.8460876,42.3371744],[69.8470196,42.3371346],[69.8474459,42.3370816],[69.8514773,42.3371599],[69.8519983,42.33713],[69.853061,42.3369896],[69.8535361,42.3368844],[69.8547516,42.3364463],[69.8551429,42.3364259],[69.8558144,42.3365159],[69.8560483,42.3364893],[69.8563886,42.336346],[69.8569444,42.3361873],[69.857678,42.3362936],[69.8582288,42.3361299],[69.8585399,42.3358939],[69.8590474,42.3357438],[69.8593931,42.3357247],[69.8618407,42.3349574],[69.8627505,42.334769],[69.8636589,42.334414],[69.8660499,42.3335854],[69.8663636,42.3335231],[69.8671817,42.3334745],[69.8680536,42.3333172],[69.8691352,42.3331388],[69.8697524,42.332957],[69.8706892,42.3325399],[69.8713076,42.3322938],[69.8716739,42.332027],[69.8719151,42.331775],[69.8723081,42.3312823],[69.8724956,42.3309207],[69.872671,42.3303395],[69.8728838,42.330301],[69.8734016,42.3290234],[69.875061,42.3257944],[69.8759797,42.3249981],[69.8767948,42.3245034],[69.8774074,42.3244353],[69.8777552,42.3243001],[69.8784175,42.32379],[69.8792664,42.3233254],[69.8810052,42.3226746],[69.8827933,42.3220895],[69.88427,42.3218491],[69.8854452,42.3215834],[69.8868451,42.3214346],[69.889632,42.3207506],[69.8902573,42.3205222],[69.8902064,42.3203432],[69.8886612,42.3186249],[69.8851232,42.3195767],[69.8822874,42.3194192],[69.8815363,42.3194277],[69.8813154,42.3174562],[69.8823477,42.3173489],[69.8843328,42.3173033],[69.8857254,42.3169062],[69.8862238,42.3166484],[69.886528,42.3163314],[69.8866931,42.3159107],[69.887873,42.3160186],[69.8879252,42.3154613],[69.8878222,42.315053],[69.887445,42.3146316],[69.8846299,42.3124491],[69.8847171,42.3120806],[69.8852478,42.3117398],[69.8855074,42.3116936],[69.8856957,42.3113334],[69.8860954,42.3111979],[69.8864858,42.3109354],[69.886945,42.3108049],[69.8879136,42.3114653],[69.8882725,42.3116005],[69.8883749,42.3114783],[69.8884105,42.3108377],[69.8896262,42.3110933],[69.8904749,42.3111584],[69.8912517,42.3114008],[69.8929898,42.3117846],[69.8937753,42.3115853],[69.8944238,42.3106475],[69.8943143,42.3097376],[69.894667,42.3094423],[69.8960908,42.3086364],[69.8968725,42.307129],[69.8979791,42.3065076],[69.9004134,42.3056606],[69.9012993,42.3052121],[69.9013985,42.3048691],[69.9013202,42.3045938],[69.9008472,42.3042718],[69.9003901,42.3040215],[69.9001561,42.3037805],[69.9000718,42.303599],[69.9002177,42.3034047],[69.9018246,42.302945],[69.9047944,42.3019747],[69.9068369,42.3014239],[69.9079022,42.3009159],[69.9078341,42.3005691],[69.907948,42.3004433],[69.9083862,42.3002056],[69.9092404,42.3000154],[69.9105544,42.2998865],[69.9111026,42.2999976],[69.9114505,42.3000184],[69.9119325,42.2999518],[69.9123344,42.299689],[69.9126205,42.2994172],[69.9129587,42.2990398],[69.9135157,42.2986367],[69.914192,42.2983204],[69.914668,42.2982576],[69.9155423,42.2984132],[69.9163212,42.2986526],[69.9165644,42.2986857],[69.9167074,42.298624],[69.9170265,42.2984094],[69.9173446,42.2982714],[69.9201309,42.2973472],[69.9213358,42.2969946],[69.9219996,42.2966902],[69.9218455,42.296583],[69.921955,42.2964338],[69.9224532,42.2964218],[69.9230062,42.2963424],[69.9235031,42.2962124],[69.9229585,42.2946866],[69.9242678,42.294135],[69.924656,42.2940226],[69.9248696,42.2937239],[69.9251634,42.2936652],[69.9262423,42.2937016],[69.9263982,42.293565],[69.9263192,42.2931462],[69.9264965,42.2930185],[69.9263323,42.292801],[69.9262493,42.2923352],[69.9262963,42.2921738],[69.9267182,42.2921927],[69.9269415,42.291756],[69.927214,42.2913721],[69.9275467,42.2910674],[69.9279397,42.290853],[69.9276798,42.2904581],[69.927857,42.2902673],[69.9282821,42.2900946],[69.9286301,42.2900487],[69.9289309,42.2900385],[69.9290903,42.2901379],[69.9292462,42.2901012],[69.9294774,42.289815],[69.9294748,42.2896403],[69.9293718,42.2893247],[69.9294976,42.2889619],[69.9295081,42.2888634],[69.9294575,42.288668],[69.9295347,42.2885175],[69.9296517,42.288167],[69.9299729,42.2878355],[69.9312404,42.2875154],[69.9350535,42.2857436],[69.9357152,42.2852463],[69.9401922,42.290742],[69.9416086,42.2914304],[69.9476468,42.2897863],[69.9481002,42.2903305],[69.9514235,42.2888511],[69.9529712,42.2887277],[69.9534581,42.2886086],[69.954205,42.2883457],[69.9558284,42.2881065],[69.957045,42.2877164],[69.9572667,42.2876019],[69.9575432,42.2874963],[69.9579552,42.2874334],[69.958259,42.2874559],[69.9588991,42.2874318],[69.9591715,42.2873294],[69.959422,42.2871771],[69.96043,42.2872281],[69.9612793,42.2871021],[69.9621761,42.2870476],[69.9627127,42.2868679],[69.9633394,42.2867876],[69.9634668,42.2865768],[69.9637928,42.2863989],[69.9640864,42.2863088],[69.9645223,42.2861518],[69.9649521,42.2861513],[69.965338,42.2860354],[69.9659659,42.2860364],[69.9662097,42.2859968],[69.9668452,42.2856726],[69.9674567,42.2857016],[69.9677741,42.2857896],[69.9679724,42.2858005],[69.9686516,42.2855788],[69.9690896,42.2852841],[69.9694554,42.2852341],[69.9701062,42.2853538],[69.9707112,42.2855114],[69.9713028,42.2853405],[69.9719634,42.2853961],[69.9728962,42.2855312],[69.9734091,42.2854486],[69.9757583,42.2853066],[69.9769312,42.285133],[69.9776907,42.2849263],[69.9781658,42.2843089],[69.9785844,42.283861],[69.9786505,42.2835801],[69.9800534,42.2832896],[69.9807912,42.2830424],[69.9815297,42.2826698],[69.9817666,42.2827673],[69.9828012,42.2824244],[69.983341,42.2824616],[69.9838385,42.2822626],[69.9841518,42.2819059],[69.9848744,42.2816253],[69.9861886,42.2814503],[69.9864699,42.2813373],[69.9871633,42.2808999],[69.9885419,42.2802685],[69.9888033,42.2802198],[69.9891632,42.279991],[69.989203,42.2798689],[69.9895265,42.2796007],[69.9895422,42.2794589],[69.9896624,42.2793318],[69.9899365,42.2793316],[69.9911296,42.2789205],[69.9919724,42.278382],[69.992678,42.2781591],[69.99366,42.2777081],[69.9942435,42.2773004],[69.9951347,42.2766456],[69.9961287,42.2761989],[69.9971388,42.2757137],[69.9991655,42.2751522],[70.0014069,42.2735427],[70.0057585,42.2792661],[70.0079662,42.2813855],[70.009113,42.283493],[70.0115901,42.2863942],[70.0120241,42.2865072],[70.013531,42.2863978],[70.0140986,42.2868142],[70.0154913,42.2870436],[70.0168605,42.2868993],[70.0186374,42.2872788],[70.020058,42.2879213],[70.0205344,42.2873574],[70.0222597,42.2876742],[70.0266263,42.2891585],[70.0312719,42.2910713],[70.0333612,42.2917473],[70.035393,42.2925138],[70.0383688,42.2931692],[70.0397665,42.2926743],[70.0403765,42.2926173],[70.0414375,42.2929003],[70.0420475,42.2924493],[70.0428795,42.2921713],[70.0437185,42.2925073],[70.0441765,42.2923923],[70.0446265,42.2926173],[70.0453895,42.2926173],[70.0463735,42.2919463],[70.0466785,42.2921143],[70.0471365,42.2919993],[70.0494175,42.2923923],[70.0496385,42.2919993],[70.0500205,42.2919993],[70.0501725,42.2917783],[70.0517675,42.2918313],[70.0522255,42.2913283],[70.0522255,42.2908783],[70.0526825,42.2905423],[70.0526675,42.2905653],[70.0580385,42.2894553],[70.0620675,42.2907403],[70.0630135,42.2909163],[70.0653855,42.2898333],[70.0670795,42.2898333],[70.0684605,42.2902103],[70.0685365,42.2902643],[70.0697575,42.2905463],[70.0704365,42.2904353],[70.0709705,42.2907143],[70.0718785,42.2904893],[70.0721835,42.2906603],[70.0724885,42.2905463],[70.0732515,42.2907713],[70.0737015,42.2906033],[70.0752965,42.2909393],[70.0811186,42.2935335],[70.0906492,42.2991892],[70.091224,42.2999177],[70.089975,42.3019401],[70.0909678,42.3127674],[70.0898535,42.3131173],[70.0876865,42.3141553],[70.0863205,42.3163563],[70.0853065,42.3171423],[70.0848132,42.3173106],[70.0830935,42.3178973],[70.0824145,42.3189043],[70.0824145,42.3206673],[70.0819415,42.3210413],[70.0813465,42.3210413],[70.0793475,42.3231503],[70.0790955,42.3245013],[70.0784545,42.3248483],[70.0768835,42.3250043],[70.0749685,42.3258203],[70.0730155,42.3261983],[70.0699635,42.3288263],[70.0667285,42.3290133],[70.0645165,42.3286053],[70.0628985,42.3291393],[70.0618385,42.3305243],[70.0599685,42.3312793],[70.0569855,42.3311843],[70.0537125,42.3300853],[70.0529495,42.3300513],[70.0525225,42.3303683],[70.0514165,42.3305543],[70.0498688,42.3316176],[70.0498353,42.3317743],[70.0492195,42.3328893],[70.0475635,42.3333623],[70.0458395,42.3338813],[70.0454735,42.3344453],[70.0435885,42.3350293],[70.0427115,42.3350753],[70.0414675,42.3355443],[70.0398885,42.3366243],[70.0397355,42.3371613],[70.0388505,42.3374323],[70.0379125,42.3372303],[70.0364245,42.3367803],[70.0351735,42.3370933],[70.0344485,42.3379703],[70.0336855,42.3398133],[70.0325335,42.3408243],[70.0327004,42.3416389],[70.0324717,42.3426235],[70.0320686,42.3431909],[70.0313719,42.3435648],[70.0307842,42.3442671],[70.0300497,42.344592],[70.0289665,42.3448541],[70.0283277,42.344896],[70.0247687,42.3382727],[70.0139392,42.3413185],[69.9982533,42.3461452],[69.9977287,42.3463066],[69.992764,42.3475503],[69.9862328,42.3504794],[69.9833732,42.3516437],[69.9815371,42.3523118],[69.9794664,42.3530095],[69.9791231,42.3530729],[69.9775567,42.3535645],[69.974971,42.3543891],[69.9744506,42.3545395],[69.9744324,42.3549278],[69.9744024,42.3550075],[69.9744561,42.3558637],[69.9745097,42.3561095],[69.9745419,42.3566169],[69.9746599,42.357164],[69.9749496,42.3582343],[69.9749818,42.3584959],[69.9754217,42.3599705],[69.975647,42.3605254],[69.9757757,42.3607395],[69.9758986,42.3611542],[69.9763229,42.3625866],[69.9764409,42.3628641],[69.9789622,42.3683576],[69.9792416,42.3689606],[69.9800431,42.3689318],[69.9801885,42.3688353],[69.9806765,42.3687473],[69.9808755,42.3684003],[69.9817675,42.3684273],[69.9826605,42.3687553],[69.9835525,42.3688353],[69.9856735,42.3679353],[69.9866045,42.3670463],[69.9868945,42.3670003],[69.9871005,42.3671533],[69.9875885,42.3678813],[69.9884665,42.3682893],[69.9890385,42.3682783],[69.9899155,42.3684653],[69.9910755,42.3685533],[69.9922965,42.3682063],[69.9923265,42.3679463],[69.9931159,42.3667454],[69.9931507,42.3664802],[69.9931083,42.3662836],[69.9928958,42.3657759],[69.9928794,42.3655374],[69.9929314,42.365309],[69.9928858,42.3650991],[69.9926694,42.3646949],[69.9925814,42.3644589],[69.992564,42.3639657],[69.9926305,42.3637831],[69.9928476,42.3635569],[69.9930604,42.3633244],[69.9931345,42.363159],[69.9931339,42.3629936],[69.9929249,42.3626899],[69.9928951,42.3625519],[69.9929401,42.3624139],[69.993196,42.3621558],[69.9938286,42.3616461],[69.9939862,42.3614671],[69.994149,42.3611775],[69.9943238,42.3610189],[69.9945266,42.3609638],[69.9953919,42.3609798],[69.9960991,42.3621462],[69.9965641,42.3624766],[69.9959785,42.365126],[69.997677,42.3653501],[69.9984804,42.365552],[69.998703,42.3655381],[69.9988049,42.3655282],[69.9989497,42.3655163],[69.9991536,42.365544],[69.9992984,42.3655876],[69.999446,42.3656629],[69.9996176,42.36576],[69.9998402,42.3658869],[69.9999663,42.3659364],[70.0001046,42.3659661],[70.0002131,42.3660117],[70.0002828,42.3660632],[70.0003139,42.3661052],[70.0004491,42.3661326],[70.0005269,42.3661286],[70.0006664,42.3661068],[70.0007897,42.3660791],[70.0009051,42.3660672],[70.0012055,42.3660831],[70.0014886,42.366093],[70.0018058,42.3661303],[70.0019818,42.3661464],[70.0021511,42.3661544],[70.0023561,42.3662158],[70.0024822,42.3662277],[70.0025868,42.3662456],[70.0028845,42.3663565],[70.0030695,42.3664239],[70.003401,42.3664517],[70.0035308,42.3664834],[70.0037776,42.3665468],[70.0040273,42.3666127],[70.0097999,42.3691767],[70.0149537,42.3714016],[70.0180478,42.3732458],[70.0219838,42.375687],[70.0229578,42.3764003],[70.0251005,42.3777635],[70.0257655,42.3782866],[70.0277563,42.3793803],[70.031786,42.3818708],[70.032921,42.3828942],[70.0340127,42.3835532],[70.0350614,42.3840537],[70.0374592,42.3854984],[70.0388905,42.3861029],[70.0390053,42.386516],[70.0435259,42.389401],[70.0444558,42.3900987],[70.0451712,42.3904001],[70.0458566,42.3904998],[70.0547741,42.3878918],[70.0581386,42.3918767],[70.0606877,42.394071],[70.064263,42.3971115],[70.0714645,42.4032579],[70.0725101,42.4016545],[70.0726392,42.4010093],[70.0732725,42.3989728],[70.0749658,42.3952403],[70.0757365,42.3938691],[70.0760555,42.3928477],[70.0783743,42.3872498],[70.0805995,42.3816513],[70.0802342,42.3807515],[70.0811888,42.3804979],[70.0818463,42.3790238],[70.0819938,42.3778825],[70.0823961,42.377296],[70.0841768,42.3731873],[70.0854639,42.369887],[70.085623,42.369555],[70.0858886,42.3694941],[70.0870728,42.3700978],[70.0908308,42.3717903],[70.094072,42.373682],[70.0985423,42.3751143],[70.1038804,42.3774962],[70.1072326,42.3785355],[70.1125112,42.3804205],[70.1136485,42.380771],[70.114614,42.3816127],[70.1162663,42.3818712],[70.1176396,42.3822016],[70.1194802,42.3828946],[70.1204076,42.3827971],[70.1262656,42.3851117],[70.1287284,42.3860614],[70.1299813,42.3864095],[70.1347276,42.3883903],[70.1353842,42.3889845],[70.1371087,42.3894754],[70.1363339,42.3895648],[70.1357425,42.3895654],[70.1353296,42.3894924],[70.1350525,42.3894914],[70.134763,42.3896474],[70.1338766,42.3896674],[70.1333978,42.3899373],[70.1318741,42.390662],[70.1317071,42.3909027],[70.1312136,42.3911989],[70.1306813,42.3915776],[70.1302891,42.3921866],[70.1299014,42.3924817],[70.1296411,42.3925739],[70.12927,42.3926747],[70.1289011,42.3931751],[70.1288954,42.3934216],[70.1273498,42.3946208],[70.1270953,42.3947578],[70.1266229,42.3948259],[70.1257528,42.3954806],[70.1253306,42.3955408],[70.1246547,42.3960666],[70.1242044,42.3968105],[70.1236169,42.3973522],[70.1236288,42.3974529],[70.1236883,42.3975364],[70.1235115,42.3977996],[70.1230244,42.398176],[70.1224589,42.3985363],[70.1212788,42.3994723],[70.1205128,42.4000381],[70.1202611,42.4000537],[70.1201264,42.400126],[70.1199729,42.4002825],[70.1197912,42.4008314],[70.1185195,42.4024312],[70.1181903,42.402623],[70.1177722,42.4027783],[70.1172685,42.4029345],[70.1169107,42.4030725],[70.1164544,42.4034877],[70.1160377,42.4042873],[70.1157172,42.4048302],[70.115699,42.4050825],[70.1151699,42.4066507],[70.1149705,42.4070579],[70.1148526,42.4072345],[70.1146515,42.4074027],[70.1143987,42.4075004],[70.1141451,42.4075477],[70.1135129,42.4075688],[70.1132744,42.4076159],[70.1130177,42.4076371],[70.1127754,42.4077571],[70.1123889,42.4078449],[70.1118173,42.4081548],[70.1116795,42.4083448],[70.1112383,42.4086179],[70.1107138,42.4088863],[70.11016,42.4092054],[70.1097094,42.4095179],[70.1093802,42.4098517],[70.1092254,42.410081],[70.10913,42.4103863],[70.108696,42.4107846],[70.1084785,42.4110257],[70.10835,42.4113145],[70.1082041,42.4114709],[70.1079954,42.4116392],[70.1076419,42.4120329],[70.1071803,42.412295],[70.1068443,42.4125336],[70.1065852,42.4128461],[70.1059357,42.4133155],[70.1055195,42.4135809],[70.105229,42.4136902],[70.1048954,42.4137812],[70.1045442,42.4137285],[70.1042907,42.4136413],[70.1040257,42.4136215],[70.1037388,42.4136467],[70.1034283,42.4137561],[70.1022735,42.4142994],[70.1021304,42.4144801],[70.1018589,42.4145163],[70.1016862,42.4145833],[70.101585,42.4147057],[70.1013466,42.4147659],[70.1010818,42.4147572],[70.1006902,42.4148413],[70.1004862,42.4149945],[70.1001182,42.4149943],[70.0997533,42.4150258],[70.0995563,42.4149978],[70.0993276,42.4148936],[70.099143,42.4147123],[70.0989252,42.4143633],[70.098494,42.4140575],[70.0983101,42.4139687],[70.0981995,42.413937],[70.0980011,42.4139726],[70.0977265,42.4141227],[70.0969759,42.4144362],[70.0967239,42.4145702],[70.0963744,42.4149219],[70.0960429,42.4151683],[70.0960248,42.4153958],[70.0960807,42.4157014],[70.0964654,42.4156925],[70.0966037,42.4162616],[70.0962066,42.4167936],[70.0948804,42.4180053],[70.0944489,42.4181996],[70.0941841,42.4185454],[70.0934794,42.419017],[70.0930181,42.4191376],[70.0924054,42.4191593],[70.0915778,42.4191196],[70.0908167,42.4192166],[70.0894997,42.419731],[70.0877129,42.420704],[70.087402,42.4212774],[70.0868747,42.4217049],[70.0862089,42.4219542],[70.0859578,42.4226908],[70.0854989,42.4233659],[70.0847568,42.4241494],[70.08429,42.4243704],[70.083635,42.4244189],[70.0835606,42.424652],[70.0835176,42.4250538],[70.083321,42.42523],[70.0829831,42.4258934],[70.0827591,42.4261385],[70.0823559,42.4263219],[70.0819999,42.4263517],[70.0815705,42.4262554],[70.0812119,42.426132],[70.0795203,42.4268504],[70.0777629,42.4274797],[70.0768104,42.4276471],[70.0763096,42.4275461],[70.0758384,42.4275083],[70.0751512,42.427351],[70.0746279,42.4271816],[70.073622,42.4267315],[70.0732712,42.426645],[70.0725293,42.4266203],[70.0721095,42.4266717],[70.07106,42.4270037],[70.0703237,42.4273064],[70.06952,42.4274248],[70.0668422,42.4280202],[70.0656262,42.4286284],[70.0644555,42.4293841],[70.0643596,42.4296173],[70.0641697,42.4297723],[70.0634586,42.4298845],[70.0612988,42.4299204],[70.0608816,42.4297024],[70.0607767,42.4294023],[70.0603144,42.4290474],[70.0597956,42.4283022],[70.0597035,42.4279122],[70.0593604,42.4274378],[70.0580664,42.4268053],[70.057381,42.4267482],[70.0567689,42.4268067],[70.0560958,42.4266333],[70.0549705,42.4267071],[70.0548957,42.4264965],[70.0551768,42.4262509],[70.0548692,42.4257678],[70.0548313,42.4252083],[70.0543696,42.424885],[70.0540897,42.4243488],[70.0514412,42.4245633],[70.0499224,42.424123],[70.0485985,42.4242513],[70.0483088,42.4239793],[70.0469428,42.4241502],[70.0469486,42.4244988],[70.0459936,42.4245181],[70.0456742,42.4241724],[70.0440053,42.4241348],[70.0433232,42.424216],[70.043328,42.4237416],[70.0500419,42.4213488],[70.0494409,42.4188691],[70.0504793,42.4094467],[70.0503709,42.4086895],[70.0460858,42.4098342],[70.0429677,42.4117637],[70.0419308,42.4130617],[70.0273811,42.4129403],[70.0233683,42.4150715],[70.0173697,42.4131612],[70.0120068,42.4102615],[70.0068838,42.4113824],[70.0029517,42.413706],[69.9982903,42.4172504],[69.9991736,42.4183328],[70.0069131,42.4222913],[70.0144585,42.427098],[70.0127219,42.4281697],[70.0087008,42.4299588],[70.0045317,42.4314216],[70.0035859,42.4320214],[70.0025023,42.4329289],[70.0023355,42.433205],[70.0024199,42.4351753],[70.0023199,42.4355422],[70.0021416,42.4357455],[70.0015357,42.4360122],[69.9995167,42.4361904],[69.9992454,42.4362563],[69.9990257,42.4363889],[69.9986844,42.436489],[69.9971404,42.4364203],[69.9964317,42.4365646],[69.9958099,42.4367792],[69.9950172,42.4367114],[69.9942902,42.4369717],[69.9940407,42.4371382],[69.993723,42.4374546],[69.9936059,42.4376984],[69.9935319,42.4384423],[69.9930608,42.4405417],[69.9928858,42.4409541],[69.9918279,42.4416616],[69.9917503,42.4421777],[69.9922591,42.4434208],[69.9920857,42.443934],[69.9918195,42.4443247],[69.9916899,42.444423],[69.98982,42.4448051],[69.9892052,42.4448329],[69.988405,42.4446119],[69.9879808,42.4445745],[69.9875293,42.4447241],[69.9862043,42.44577],[69.986027,42.4460405],[69.9858592,42.4469196],[69.9856616,42.4471828],[69.9850591,42.4476735],[69.984879,42.4480859],[69.9843755,42.4487812],[69.9832485,42.4499188],[69.9830919,42.4502301],[69.9829531,42.4516693],[69.9829394,42.452084],[69.9826615,42.4526951],[69.9822057,42.4532219],[69.9818668,42.4534825],[69.9808856,42.4539503],[69.979898,42.454336],[69.9790498,42.4549259],[69.9786421,42.4553066],[69.9772782,42.456796],[69.9768885,42.4575258],[69.9768731,42.4575657],[69.9765099,42.458508],[69.9761653,42.4587239],[69.975658,42.4591913],[69.9752308,42.4597908],[69.9749096,42.4600214],[69.9815659,42.4583113],[69.9817518,42.4585658],[69.9817525,42.4589554],[69.9814868,42.4594132],[69.9805087,42.4606153],[69.9805892,42.4612009],[69.9799893,42.4616128],[69.9789442,42.4627573],[69.9783517,42.4631783],[69.9782992,42.4633692],[69.9785514,42.4636957],[69.9785591,42.46386],[69.9784292,42.4639433],[69.9781818,42.4639267],[69.9775672,42.4636556],[69.9772233,42.4632775],[69.9768804,42.4632842],[69.9759744,42.4636381],[69.9752136,42.4641824],[69.9752215,42.4646903],[69.9756922,42.4656354],[69.9761441,42.4662815],[69.9768904,42.466792],[69.9769042,42.466879],[69.9768947,42.4669525],[69.9766511,42.4671824],[69.9766008,42.467519],[69.9766804,42.4677723],[69.9766337,42.4680117],[69.9760413,42.4691671],[69.9756268,42.4700931],[69.9756765,42.4703654],[69.9758526,42.4706627],[69.9764278,42.4713151],[69.9768253,42.4715732],[69.9770827,42.4715784],[69.9773791,42.4715012],[69.9775765,42.4715369],[69.9783525,42.4721278],[69.9784545,42.4725191],[69.9783525,42.4730989],[69.9782536,42.4732305],[69.9773963,42.4739026],[69.9772984,42.4740939],[69.9772814,42.4742958],[69.97747,42.4745465],[69.977852,42.4747785],[69.9780019,42.4750088],[69.978119,42.475075],[69.9780383,42.4752363],[69.9778708,42.4753367],[69.977712,42.4753418],[69.9773526,42.475104],[69.9769453,42.4750327],[69.9766942,42.4751059],[69.9762331,42.4754646],[69.9760855,42.475873],[69.9759655,42.4759375],[69.9755819,42.4759333],[69.9751447,42.476204],[69.9746743,42.4762939],[69.9743246,42.4765173],[69.9734328,42.4769245],[69.9732881,42.4770284],[69.9731451,42.4772388],[69.9731581,42.4775879],[69.973087,42.4777248],[69.9723499,42.4783455],[69.9722991,42.478486],[69.9722838,42.4786392],[69.9723145,42.4788294],[69.972503,42.4794366],[69.9724707,42.479633],[69.972398,42.4798222],[69.9720611,42.4802266],[69.9720343,42.480449],[69.9721342,42.4807078],[69.9721959,42.4809444],[69.9721357,42.4811317],[69.9720489,42.4812295],[69.9706008,42.4817217],[69.9703505,42.4818508],[69.9697968,42.4822645],[69.9696991,42.4827957],[69.9697424,42.482827],[69.9691872,42.4833079],[69.9685437,42.4836252],[69.9685223,42.4838719],[69.9694496,42.4852611],[69.9696396,42.4857772],[69.9700695,42.486579],[69.9704535,42.4871858],[69.9707326,42.4872389],[69.9710036,42.487683],[69.9710206,42.487839],[69.9705471,42.488952],[69.9706347,42.4890793],[69.9706321,42.4891414],[69.970092,42.4899805],[69.9701346,42.4906132],[69.9702855,42.4910143],[69.9693782,42.4937426],[69.9681302,42.4945489],[69.9663243,42.4953235],[69.9618735,42.4973053],[69.9580469,42.4983053],[69.9438042,42.5011998],[69.9370927,42.5020471],[69.929481,42.5021012],[69.9284546,42.500573],[69.9252519,42.496854],[69.9225269,42.4940449],[69.9212873,42.492259],[69.9081647,42.4964561],[69.8959815,42.502165],[69.8943673,42.5057272],[69.8848075,42.5216581],[69.8824595,42.525096],[69.8812007,42.5264204],[69.8750327,42.5258701],[69.8695109,42.5344064],[69.8677773,42.5354211],[69.8639084,42.5369222],[69.8563332,42.5386217],[69.8539172,42.533164],[69.8527598,42.5299529],[69.8524898,42.529972],[69.8514271,42.5305141],[69.8507018,42.5308555],[69.8502495,42.5309289],[69.8497081,42.5311243],[69.8490662,42.5312692],[69.8481541,42.5317381],[69.8475188,42.5318764],[69.8465241,42.5318912],[69.8458994,42.5320022],[69.8455033,42.532022],[69.8438448,42.5322377],[69.843504,42.5322421],[69.8419864,42.5324609],[69.8408199,42.5325461],[69.8399689,42.5326651],[69.8395155,42.5326997],[69.8390157,42.5328561],[69.8381507,42.5330578],[69.8374865,42.5333242],[69.8366628,42.533395],[69.8351263,42.533733],[69.8344,42.5337719],[69.832975,42.5337532],[69.8322171,42.5337799],[69.8318234,42.5337692],[69.8302125,42.5337723],[69.8296534,42.5338036],[69.8292617,42.533865],[69.8289385,42.5338801],[69.8280191,42.5340267],[69.8275972,42.5341208],[69.8273468,42.5341574],[69.8271251,42.5342035],[69.8259544,42.5344817],[69.8257061,42.5345325],[69.8253561,42.53462],[69.8247844,42.5347053],[69.8244719,42.5347806],[69.824308,42.5348509],[69.8239622,42.5349734],[69.8236508,42.5351417],[69.8232348,42.5355291],[69.8229862,42.5357093],[69.8224122,42.5359859],[69.8221222,42.5361699],[69.8216973,42.5363116],[69.8207604,42.5365584],[69.8201869,42.5366774],[69.8197271,42.5367441],[69.8189747,42.5369327],[69.8184226,42.5370436],[69.8179688,42.5371878],[69.8175005,42.5373948],[69.8170908,42.5376612],[69.8169246,42.5377862],[69.8167959,42.5378647],[69.8161039,42.5383365],[69.8157018,42.5385228],[69.8153582,42.5386627],[69.8142979,42.538966],[69.8140066,42.5390365],[69.8137322,42.5390995],[69.8134687,42.5391733],[69.8131973,42.539245],[69.8104326,42.5397164],[69.80955,42.5398727],[69.8085201,42.5402679],[69.8072755,42.5405999],[69.8066532,42.5408213],[69.8059237,42.5413746],[69.8042285,42.5424655],[69.8037135,42.5430504],[69.8031127,42.5435563],[69.8021901,42.5440464],[69.7994184,42.5454106],[69.7986947,42.5458014],[69.797257,42.5462914],[69.7967206,42.546497],[69.7956048,42.5473506],[69.7953258,42.5477142],[69.7950855,42.5482622],[69.7950723,42.548563],[69.7950275,42.5491971],[69.7951643,42.549627],[69.7957657,42.5507299],[69.795984,42.5510452],[69.7964187,42.551411],[69.7967286,42.5519947],[69.7969568,42.5524261],[69.7982149,42.553395],[69.801512,42.5542356],[69.8025597,42.5543233],[69.8035586,42.5545012],[69.8043043,42.5544352],[69.8047246,42.5543398],[69.8048679,42.5540932],[69.8050513,42.5540231],[69.8055023,42.5541357],[69.8058126,42.5542978],[69.8063728,42.5542603],[69.8067452,42.5541494],[69.8072654,42.5541382],[69.809214,42.5539216],[69.8100248,42.5539132],[69.8117312,42.5537813],[69.8128142,42.5535544],[69.8139843,42.5534378],[69.8146691,42.5536337],[69.8152343,42.553973],[69.8155196,42.5544797],[69.8152238,42.5548411],[69.8151542,42.5556511],[69.8147366,42.5567226],[69.8140998,42.5577351],[69.8133273,42.5584194],[69.8122903,42.560006],[69.8114795,42.5606468],[69.8109123,42.5608339],[69.8097883,42.5618207],[69.8083999,42.5627818],[69.8070776,42.5632431],[69.8067087,42.5637686],[69.806706,42.5638245],[69.8066843,42.5642683],[69.8069782,42.5648171],[69.8073144,42.5651274],[69.8077557,42.5655348],[69.8091897,42.5664109],[69.8105756,42.5668686],[69.8113728,42.5674195],[69.8127507,42.5680682],[69.814542,42.5686554],[69.8157182,42.5689127],[69.8180477,42.5691663],[69.8194634,42.569171],[69.8222532,42.5690827],[69.8233624,42.5687121],[69.8243945,42.5687333],[69.8244621,42.5694592],[69.8243069,42.5698884],[69.8241635,42.5703419],[69.8242779,42.5713172],[69.8237169,42.5715636],[69.8234856,42.572158],[69.8229148,42.5724515],[69.8203262,42.5739772],[69.8200506,42.5749158],[69.8198833,42.5752239],[69.8194601,42.575434],[69.8171555,42.5762477],[69.8170294,42.5763915],[69.8170338,42.5765092],[69.8171662,42.5766302],[69.8174412,42.5767838],[69.8183608,42.5771833],[69.819985,42.5773408],[69.8212699,42.5778139],[69.8222087,42.5786818],[69.8229735,42.5804146],[69.8229716,42.5808323],[69.822778,42.5811808],[69.8220149,42.5817504],[69.8218053,42.5825546],[69.8214972,42.5831263],[69.8209779,42.5834587],[69.8206786,42.5831523],[69.8202293,42.5828696],[69.81989,42.5828137],[69.8197126,42.5828714],[69.8193413,42.5832936],[69.8192401,42.5837217],[69.8190059,42.5837114],[69.8187857,42.5835281],[69.8177512,42.583296],[69.8175405,42.5832962],[69.8172941,42.5834483],[69.8170678,42.5834885],[69.8168847,42.583531],[69.8167674,42.5836423],[69.816741,42.5838261],[69.8166361,42.5840676],[69.8163244,42.5843266],[69.8159836,42.5844208],[69.8155623,42.5844118],[69.815031,42.5842613],[69.8147563,42.5840384],[69.814559,42.583815],[69.8140105,42.583449],[69.813761,42.583089],[69.8135193,42.5830521],[69.8132755,42.583131],[69.8128979,42.5832986],[69.8126729,42.5834413],[69.8124868,42.5836647],[69.812324,42.5837457],[69.8114086,42.5838187],[69.810075,42.5837084],[69.8095063,42.5837204],[69.8091416,42.5837789],[69.8086654,42.5839818],[69.8083306,42.5840018],[69.808048,42.5841474],[69.8079452,42.5842706],[69.8077111,42.5848063],[69.8076005,42.5848175],[69.807525,42.5847841],[69.8075223,42.584676],[69.8076296,42.5842068],[69.807599,42.5841101],[69.807377,42.5840656],[69.807319,42.5840142],[69.807306,42.5838939],[69.806977,42.583865],[69.8067842,42.5839191],[69.806498,42.5838345],[69.8062459,42.5838288],[69.8060389,42.5839676],[69.805796,42.5838884],[69.8052177,42.5840561],[69.8048536,42.5840549],[69.8046276,42.5842936],[69.8043886,42.5843216],[69.8041844,42.5844792],[69.8038916,42.5844756],[69.8037269,42.5845388],[69.8034421,42.5845596],[69.8030852,42.5847221],[69.8023284,42.5848741],[69.8017099,42.5846847],[69.8013575,42.5848],[69.8008284,42.5848376],[69.7988153,42.584496],[69.7966543,42.5851338],[69.7958051,42.5852206],[69.7949564,42.5853507],[69.7944142,42.5853601],[69.7932176,42.5851539],[69.7923255,42.5850773],[69.7920971,42.5849321],[69.7914732,42.5847201],[69.7910372,42.5846742],[69.7904141,42.5845223],[69.7898309,42.5841049],[69.7894624,42.5841526],[69.7892348,42.584077],[69.7885239,42.5840274],[69.7881065,42.5838327],[69.787611,42.5833018],[69.7873422,42.5827806],[69.7869993,42.5826381],[69.786877,42.5826371],[69.7867545,42.582811],[69.7861224,42.5833628],[69.7858499,42.5833553],[69.7856575,42.5832381],[69.7852452,42.5832522],[69.785006,42.5834627],[69.7847151,42.5838108],[69.7842254,42.5839421],[69.783884,42.5839275],[69.7826815,42.5836517],[69.7807958,42.5831095],[69.7802885,42.5828496],[69.7797366,42.5826859],[69.7791223,42.5826299],[69.7777098,42.58225],[69.7772897,42.5820478],[69.7745309,42.5802991],[69.7734515,42.5800957],[69.7715288,42.5800409],[69.7711074,42.5799328],[69.7702588,42.5798614],[69.7696187,42.5797678],[69.7688951,42.5797162],[69.768147,42.5795406],[69.7677137,42.5794965],[69.7673512,42.5794105],[69.767093,42.5792526],[69.7632375,42.5800019],[69.7570256,42.5797986],[69.75596,42.5812799],[69.756118,42.5865723],[69.7566915,42.58813],[69.758845,42.591942],[69.7597308,42.5951394],[69.7601095,42.5965953],[69.760229,42.5998219],[69.7600835,42.6044209],[69.7613087,42.6096537],[69.7604998,42.6128437],[69.7599456,42.6128292],[69.7593462,42.6127282],[69.7585608,42.6126609],[69.7578584,42.6126937],[69.7575165,42.6126606],[69.7571962,42.612536],[69.7567498,42.6125172],[69.7557366,42.6126615],[69.7551016,42.6128613],[69.7526571,42.6138588],[69.7484399,42.6150526],[69.7479421,42.6152442],[69.746314,42.6164608],[69.7458637,42.6165326],[69.7453511,42.6167242],[69.7450078,42.6167192],[69.7445747,42.6165844],[69.7442804,42.6165718],[69.7436498,42.6163296],[69.7418052,42.614994],[69.7399737,42.6136459],[69.7383542,42.612771],[69.7378846,42.6124673],[69.7371648,42.6121352],[69.7365365,42.6115639],[69.7363373,42.6108843],[69.7372158,42.6096084],[69.7314097,42.6084422],[69.7165433,42.6063968],[69.7090274,42.6139983],[69.7049228,42.6192383],[69.7037688,42.621251],[69.7009849,42.6208168],[69.6991448,42.6173964],[69.685257,42.6134183],[69.6798207,42.6105093],[69.6743014,42.6094229],[69.6673633,42.612466],[69.6592739,42.6186059],[69.6532758,42.6253636],[69.6396174,42.6251605],[69.630409,42.6242311],[69.630324,42.6252121],[69.6253057,42.62601],[69.6234077,42.6258802],[69.6173219,42.6242324],[69.6142163,42.6237388],[69.6189298,42.6316878],[69.62211,42.6342331],[69.6214578,42.6345413],[69.6197545,42.6337264],[69.618622,42.6337325],[69.6167025,42.6339963],[69.615174,42.6321291],[69.6136935,42.6316556],[69.6064403,42.6340004],[69.6038694,42.6343434],[69.6022897,42.6342504],[69.601291,42.6339008],[69.6002945,42.6337794],[69.5991974,42.6339118],[69.5979553,42.6332341],[69.5908818,42.632186],[69.5896727,42.6313559],[69.58467,42.6322179],[69.5822934,42.6313176],[69.578901,42.6318924],[69.5744294,42.6308252],[69.5731186,42.6300968],[69.5718544,42.6307113],[69.5706511,42.6304893],[69.5692972,42.628798],[69.5673862,42.6299986],[69.5636615,42.6279896],[69.5634835,42.6272809],[69.5572685,42.6269058],[69.5526706,42.624582],[69.5511977,42.6226717],[69.547742,42.6215234],[69.5470775,42.6204159],[69.5468775,42.620619],[69.5453827,42.6209755],[69.544547,42.6209678],[69.5439653,42.6211569],[69.5434608,42.6211593],[69.5423588,42.6213625],[69.540859,42.6211367],[69.5391994,42.6206671],[69.538565,42.6202392],[69.5377226,42.6194513],[69.5367572,42.619025],[69.5355108,42.618926],[69.534773,42.6193138],[69.5335573,42.6191098],[69.5333008,42.618622],[69.5326304,42.6176586],[69.531507,42.6171864],[69.5299769,42.6170887],[69.5289067,42.6173149],[69.5285914,42.6173163],[69.5285269,42.6171536],[69.5281328,42.6171554],[69.5277868,42.6172618],[69.5262267,42.6173505],[69.52487,42.6172519],[69.5233072,42.6170146],[69.5224727,42.6171465],[69.5205186,42.6172602],[69.5184216,42.6172464],[69.5172592,42.617764],[69.5161672,42.6172566],[69.5156914,42.616921],[69.5144928,42.6168682],[69.5141918,42.6166949],[69.5116022,42.6162174],[69.5109394,42.6161388],[69.5105887,42.615663],[69.5092741,42.6149236],[69.5085441,42.614333],[69.5093074,42.6132],[69.5102946,42.613431],[69.5099508,42.6128444],[69.509556,42.6127589],[69.5093657,42.6126258],[69.5092719,42.6127252],[69.5090197,42.6127263],[69.5084731,42.6123969],[69.5106061,42.6106394],[69.5109925,42.6093638],[69.508623,42.6087572],[69.5084765,42.6081989],[69.5092599,42.6076132],[69.5092711,42.606702],[69.5116896,42.6062683],[69.5116519,42.6058432],[69.5124152,42.6054902],[69.5124119,42.6050907],[69.5100668,42.6021381],[69.5090637,42.600711],[69.5073199,42.5996201],[69.5070221,42.5990221],[69.5054877,42.5987459],[69.5050345,42.5984317],[69.5044857,42.5974353],[69.5032411,42.5967583],[69.5029443,42.5962768],[69.5028511,42.5958944],[69.5023046,42.595181],[69.5022779,42.5946651],[69.5030879,42.5945283],[69.5025575,42.5932926],[69.5025963,42.58942],[69.5003547,42.5887705],[69.4995571,42.5886327],[69.4985219,42.5886608],[69.4976133,42.5885823],[69.4976415,42.5881231],[69.4974805,42.587912],[69.4967622,42.587715],[69.4966963,42.5874445],[69.497012,42.5870783],[69.497314,42.5869946],[69.4977876,42.5864628],[69.4985829,42.5863181],[69.4984673,42.5858007],[69.4970817,42.5838292],[69.4967551,42.5824109],[69.4970111,42.5812507],[69.4981747,42.5793877],[69.4989611,42.5789495],[69.4999624,42.5785182],[69.5009109,42.5780605],[69.5016898,42.5761222],[69.50198,42.5743432],[69.5031825,42.5743266],[69.5040526,42.5746153],[69.5050141,42.5745716],[69.505389,42.5742157],[69.5053856,42.5737994],[69.5066283,42.573338],[69.5068285,42.5733879],[69.5068503,42.5723189],[69.507287,42.5717319],[69.5081522,42.5714243],[69.5088216,42.5694973],[69.5094088,42.5685037],[69.5101023,42.5680866],[69.5107811,42.5678562],[69.5112308,42.5670047],[69.5113616,42.5661591],[69.5099325,42.564981],[69.5091355,42.5616407],[69.5098824,42.5608083],[69.5097085,42.5599378],[69.5082065,42.5589323],[69.509629,42.5587478],[69.5098423,42.5586921],[69.5103731,42.5584713],[69.5108556,42.558071],[69.5108395,42.5574187],[69.5076037,42.5545111],[69.5056145,42.5520319],[69.5035425,42.547281],[69.502888,42.5451036],[69.4971352,42.5446698],[69.4955595,42.558449],[69.4949781,42.5584937],[69.4944363,42.558748],[69.4822579,42.559049],[69.4786148,42.5584693],[69.4762179,42.5579405],[69.473382,42.5571717],[69.4708843,42.5563352],[69.4687875,42.5554867],[69.4670924,42.554864],[69.4670446,42.5546152],[69.4670918,42.554309],[69.467083,42.5540303],[69.4671961,42.5535967],[69.4671235,42.5528671],[69.4670155,42.5526326],[69.4667892,42.5519562],[69.4664343,42.5513576],[69.465986,42.550759],[69.4653135,42.5494861],[69.4649773,42.5486122],[69.465088,42.5484288],[69.4650693,42.5478233],[69.465174,42.5475474],[69.4653982,42.5473409],[69.4656503,42.5467905],[69.4657718,42.546701],[69.4659492,42.5465152],[69.466136,42.5464533],[69.4661734,42.5463638],[69.4662761,42.5463019],[69.4667058,42.5456826],[69.4667992,42.5455381],[69.4667992,42.5452973],[69.4669486,42.5447399],[69.4672662,42.5441137],[69.4673876,42.5440036],[69.4676398,42.5439141],[69.4678546,42.5437627],[69.4680507,42.5436733],[69.4682163,42.5436017],[69.4683191,42.5433609],[69.4684405,42.5433127],[69.4685899,42.54312],[69.4686086,42.5428792],[69.468702,42.5427347],[69.468702,42.5426452],[69.4688421,42.5424869],[69.4688421,42.5424044],[69.4690476,42.5423218],[69.4691784,42.5421498],[69.46958,42.5420534],[69.46958,42.5419846],[69.4695232,42.5419063],[69.4695146,42.5418332],[69.469552,42.5417437],[69.4694959,42.5415786],[69.4694959,42.5413446],[69.4694212,42.5412483],[69.4694119,42.5411588],[69.4693278,42.5410693],[69.4692904,42.5409317],[69.4690102,42.540622],[69.4689355,42.5404706],[69.4685432,42.5401472],[69.4684031,42.5400921],[69.4683564,42.5399614],[69.4683097,42.5398306],[69.4679828,42.5396861],[69.4678521,42.5395554],[69.4677307,42.5395141],[69.4676653,42.5393902],[69.4674598,42.5393076],[69.4674411,42.539225],[69.4673197,42.5391769],[69.4672941,42.5391024],[69.4658449,42.53829],[69.4654791,42.5381933],[69.465037,42.5380482],[69.4640968,42.5378074],[69.4631261,42.5374701],[69.4618091,42.536837],[69.4610471,42.5364378],[69.4598588,42.535901],[69.4588297,42.5351363],[69.4581291,42.5348611],[69.4568122,42.5338839],[69.4566253,42.53365],[69.4563684,42.5330306],[69.4559808,42.5324112],[69.4556539,42.5321772],[69.4547757,42.5314205],[69.454539,42.5312416],[69.4539267,42.531097],[69.4534245,42.5310213],[69.4530463,42.5309525],[69.4523993,42.530691],[69.4506834,42.530099],[69.450297,42.5299063],[69.4494391,42.5295553],[69.4490019,42.5292807],[69.44883,42.5290333],[69.4488281,42.528827],[69.4489196,42.5284142],[69.4501961,42.5257929],[69.4513655,42.523218],[69.4525911,42.5210286],[69.4472391,42.5196239],[69.4393092,42.5173932],[69.4369719,42.5176128],[69.4308358,42.5159838],[69.4242559,42.5111434],[69.4210492,42.5084981],[69.4194607,42.5068575],[69.4190263,42.5060972],[69.4191852,42.5056996],[69.4196015,42.5056183],[69.4199591,42.505446],[69.4201098,42.5054494],[69.4203627,42.5054992],[69.4205545,42.5054622],[69.4207625,42.5054781],[69.4209826,42.5053788],[69.4211012,42.5052683],[69.4212725,42.5051648],[69.4212741,42.5050511],[69.4215365,42.5049667],[69.4217428,42.5048686],[69.4219426,42.5048816],[69.4221554,42.5047838],[69.42225,42.5046678],[69.4223206,42.5045336],[69.4224633,42.5043908],[69.4226246,42.504303],[69.4226163,42.5041173],[69.4228052,42.5038836],[69.4228466,42.5036777],[69.4226867,42.5035415],[69.422647,42.5034344],[69.42271,42.5031207],[69.4228069,42.5029707],[69.4227335,42.5028076],[69.422631,42.502667],[69.4226189,42.5025161],[69.4227528,42.5024163],[69.4228842,42.5023003],[69.4228494,42.5021807],[69.4227424,42.5020794],[69.4227526,42.5019455],[69.4228664,42.5018016],[69.4229255,42.501667],[69.423218,42.5015668],[69.4233734,42.5014489],[69.423348,42.5013648],[69.423185,42.5013067],[69.4230833,42.5012318],[69.4231601,42.5011371],[69.4233884,42.5010717],[69.4234965,42.5009545],[69.4237296,42.5007026],[69.4238018,42.5005414],[69.4237474,42.5003612],[69.4235534,42.5002108],[69.4235249,42.5001688],[69.4235829,42.5001268],[69.423845,42.5000772],[69.4238785,42.5000179],[69.4238253,42.4999687],[69.4237385,42.499949],[69.423481,42.49997],[69.4232721,42.4998509],[69.4233299,42.4996391],[69.4237091,42.499571],[69.4239158,42.4994106],[69.4238978,42.499252],[69.4236364,42.4989979],[69.4239839,42.4985763],[69.4240017,42.4983917],[69.4241551,42.4982458],[69.4243691,42.4981752],[69.4245589,42.4982291],[69.4247782,42.4984196],[69.4248656,42.4984338],[69.4249111,42.4983431],[69.424885,42.498042],[69.4248469,42.4979195],[69.4249421,42.4978347],[69.4251528,42.4978538],[69.4252609,42.4980306],[69.4254463,42.4981982],[69.4257954,42.4981625],[69.4260055,42.4981315],[69.4260133,42.4979884],[69.4260892,42.4979317],[69.4263315,42.4979586],[69.4263646,42.4978603],[69.4261837,42.4977234],[69.4262593,42.4975584],[69.4263901,42.4974465],[69.426534,42.4972444],[69.4267713,42.4972027],[69.4269708,42.4973534],[69.4269423,42.497541],[69.4269283,42.497643],[69.4269699,42.4977393],[69.4271987,42.4976972],[69.4273017,42.497708],[69.4275077,42.4977082],[69.427725,42.4976673],[69.4278712,42.497492],[69.4279982,42.4973367],[69.4281506,42.4974819],[69.4283355,42.4975642],[69.4284919,42.497466],[69.4286214,42.4974296],[69.4287385,42.4975262],[69.4287355,42.4977334],[69.4288611,42.4977412],[69.4291259,42.4976909],[69.4293521,42.4976877],[69.4293899,42.4975893],[69.4293383,42.4974478],[69.4293281,42.4973208],[69.4294315,42.4972071],[69.4296178,42.497124],[69.4296956,42.4975245],[69.4297484,42.4976357],[69.4298944,42.4976094],[69.4303833,42.4971466],[69.4303358,42.4971087],[69.4302659,42.4971235],[69.430006,42.4970902],[69.4297556,42.4969697],[69.4297035,42.4968002],[69.4299385,42.4965046],[69.4302117,42.4965987],[69.4304786,42.4965715],[69.4306612,42.4966924],[69.4307865,42.496695],[69.4309593,42.4965486],[69.4309641,42.4963976],[69.4308304,42.4962557],[69.4308326,42.4961364],[69.4309937,42.4961239],[69.4315322,42.4960587],[69.4316694,42.4960714],[69.4318499,42.4962322],[69.431998,42.4962191],[69.4324391,42.4961504],[69.4326256,42.4961512],[69.4326646,42.4960421],[69.4326401,42.495907],[69.432585,42.4958825],[69.4324718,42.4959624],[69.4323667,42.495993],[69.4322861,42.4958845],[69.4322961,42.4958036],[69.4324473,42.4957429],[69.4326888,42.4957059],[69.4327876,42.4956159],[69.43278,42.4954955],[69.4326186,42.4953843],[69.4325701,42.4952865],[69.4326343,42.4951552],[69.4328594,42.4950569],[69.4329862,42.4950671],[69.4330915,42.4952869],[69.4331848,42.4952287],[69.4331846,42.4948523],[69.4331596,42.4946644],[69.4333076,42.494584],[69.4334565,42.4946093],[69.4335641,42.4947298],[69.4334911,42.4948589],[69.4335847,42.4949214],[69.4338109,42.4949715],[69.4339753,42.4947788],[69.4342357,42.4946617],[69.4345682,42.4946806],[69.4346963,42.4948362],[69.4348281,42.4948718],[69.4349688,42.4948447],[69.435055,42.4947301],[69.435151,42.4945523],[69.4354355,42.4945541],[69.4356182,42.4944828],[69.4359186,42.4944195],[69.4360152,42.4944986],[69.4362619,42.4944986],[69.436337,42.4943957],[69.4365513,42.4943959],[69.4366264,42.4943089],[69.436562,42.494206],[69.4367766,42.4940874],[69.4370234,42.4938817],[69.4371843,42.4938738],[69.4372272,42.4938026],[69.437195,42.4936364],[69.4372594,42.4935494],[69.4374847,42.4935811],[69.4376242,42.4935969],[69.4377207,42.493407],[69.43771,42.4932725],[69.4376242,42.4929482],[69.4376349,42.4928295],[69.4377529,42.4927662],[69.4378388,42.4926476],[69.4379568,42.492521],[69.4381284,42.4924973],[69.4381821,42.4923232],[69.4382143,42.492165],[69.4384181,42.4920542],[69.4384503,42.4919118],[69.4386706,42.491983],[69.438735,42.4921491],[69.4386921,42.4922836],[69.4387457,42.4923865],[69.4389281,42.492339],[69.4390247,42.4921729],[69.4391641,42.4921887],[69.4392285,42.4922836],[69.4394109,42.4923865],[69.4396577,42.4924102],[69.4398079,42.4922757],[69.4398079,42.4921808],[69.4397435,42.4921096],[69.4395611,42.4921017],[69.4395933,42.4919593],[69.4397006,42.4919118],[69.4399581,42.4919672],[69.4400868,42.4920305],[69.4401834,42.491983],[69.4401619,42.4918881],[69.440001,42.4917931],[69.4400117,42.4916824],[69.4401941,42.4915083],[69.4401083,42.4914213],[69.4400976,42.4913422],[69.4401727,42.491271],[69.4404087,42.4913422],[69.440634,42.4914292],[69.4407413,42.4913976],[69.440752,42.4912789],[69.4405911,42.4911444],[69.4404301,42.4910416],[69.4403443,42.4908517],[69.4404301,42.4907647],[69.4405804,42.4907568],[69.4407842,42.4908517],[69.4409129,42.4908438],[69.4411812,42.4904007],[69.4413421,42.4903375],[69.4414923,42.4903849],[69.4415781,42.4904957],[69.4416854,42.4905827],[69.4418249,42.4905194],[69.4417927,42.4904007],[69.4416318,42.4901476],[69.441621,42.4899577],[69.4416532,42.4898707],[69.4419639,42.4898643],[69.4423824,42.4899197],[69.4426935,42.4899118],[69.4428652,42.4898485],[69.4430583,42.4898801],[69.4431548,42.4897298],[69.4434016,42.4895795],[69.4436591,42.4895716],[69.4437771,42.4895162],[69.443981,42.4894767],[69.444099,42.4892789],[69.4442814,42.489271],[69.4445711,42.4894529],[69.4446891,42.4894055],[69.4446569,42.4893026],[69.4447213,42.4891681],[69.4446998,42.4890257],[69.4445711,42.4888912],[69.4443565,42.4887725],[69.4442706,42.4885589],[69.444335,42.4884402],[69.4445174,42.4884323],[69.4447213,42.4885827],[69.4448715,42.4886301],[69.4449036,42.4885431],[69.4448285,42.4883928],[69.4446247,42.4880684],[69.4446783,42.4879814],[69.4449573,42.4879814],[69.4450753,42.4877915],[69.4451933,42.4877519],[69.4453221,42.4878469],[69.4453757,42.4880368],[69.445483,42.4880921],[69.4456761,42.4879102],[69.445762,42.4876807],[69.445998,42.4875858],[69.4462126,42.4876016],[69.446395,42.4877598],[69.4465559,42.4877124],[69.4465452,42.4875937],[69.446395,42.4873959],[69.4464593,42.4870715],[69.4465881,42.4870557],[69.4467061,42.4871348],[69.4468134,42.4871269],[69.4469421,42.4869212],[69.4474678,42.4867076],[69.4475429,42.486581],[69.4476717,42.4864861],[69.4475429,42.4863911],[69.4476502,42.486312],[69.4476717,42.4862091],[69.4478863,42.4861933],[69.4479077,42.4860667],[69.4478755,42.4859876],[69.4476931,42.4859006],[69.4477039,42.4858135],[69.4477897,42.4857107],[69.4477887,42.4855386],[69.4477132,42.4853408],[69.4475952,42.485317],[69.4474664,42.4853724],[69.4472841,42.4853566],[69.4472197,42.4852458],[69.4473377,42.4851351],[69.4475952,42.485056],[69.447681,42.4849689],[69.4478634,42.4850006],[69.4481102,42.4849689],[69.4480887,42.4848344],[69.4479385,42.4847236],[69.44796,42.484605],[69.4480243,42.4845179],[69.4481745,42.4845338],[69.4483999,42.4845258],[69.4485501,42.4846604],[69.4487861,42.484692],[69.4489899,42.4847632],[69.4491723,42.4847949],[69.4492689,42.484692],[69.4492474,42.4845575],[69.449065,42.4843122],[69.449065,42.4842014],[69.4491616,42.4841065],[69.4493011,42.4840907],[69.4493333,42.4839483],[69.4494513,42.4838454],[69.4492796,42.4838296],[69.4493118,42.4836951],[69.4494406,42.4836792],[69.4496015,42.4836792],[69.4497839,42.4837979],[69.4499233,42.4838058],[69.4499877,42.4837109],[69.4498482,42.4836239],[69.4499126,42.4834973],[69.4500736,42.4834498],[69.4500736,42.4833628],[69.4499341,42.4832757],[69.4499985,42.4831966],[69.4501379,42.483165],[69.450213,42.4830384],[69.4505885,42.4829434],[69.4508138,42.4829434],[69.451007,42.4829038],[69.4511464,42.4827456],[69.451125,42.482532],[69.4515649,42.4824528],[69.4519082,42.4823262],[69.4521442,42.4820889],[69.4522408,42.4817407],[69.4523695,42.4816379],[69.452509,42.4815746],[69.4524875,42.4814559],[69.4522193,42.4813372],[69.45223,42.4812343],[69.4524661,42.4811789],[69.4525734,42.4812581],[69.4526914,42.4812897],[69.4528631,42.4812502],[69.4529167,42.4811394],[69.4531313,42.4810998],[69.4531746,42.4809494],[69.4533248,42.4808623],[69.453475,42.4809177],[69.4534965,42.4810206],[69.4534214,42.4811393],[69.453475,42.4812659],[69.4534643,42.4813608],[69.453357,42.481432],[69.4534536,42.4816298],[69.4536038,42.4815982],[69.4537647,42.4815745],[69.4539793,42.4816931],[69.4540759,42.4817723],[69.4542261,42.4817248],[69.4545801,42.4815665],[69.454741,42.4816378],[69.4548698,42.4816536],[69.4550307,42.4818989],[69.4553218,42.4820585],[69.4555578,42.4820744],[69.4556436,42.4820032],[69.4559258,42.4819997],[69.4560621,42.4819319],[69.456223,42.4816708],[69.4563303,42.4815917],[69.4565663,42.4815917],[69.4567809,42.4813148],[69.4568882,42.4812356],[69.4570813,42.4811803],[69.4571349,42.4810853],[69.4571242,42.4809112],[69.4572851,42.4808084],[69.4574246,42.4808479],[69.4573817,42.4809587],[69.457489,42.481022],[69.457607,42.4810062],[69.4576499,42.4808875],[69.4578645,42.4809666],[69.4579289,42.4809033],[69.4579396,42.4807292],[69.4580576,42.4806659],[69.4582615,42.4806739],[69.4585297,42.4805631],[69.4587228,42.4806106],[69.4588516,42.4805552],[69.4589696,42.4804206],[69.4591305,42.480294],[69.45927,42.4803257],[69.4593343,42.4804839],[69.4593451,42.4805789],[69.4595382,42.4807451],[69.4597528,42.4807451],[69.4598493,42.4807767],[69.4600854,42.4806264],[69.4603214,42.480658],[69.4604716,42.4807609],[69.4607506,42.4808084],[69.4608686,42.4807372],[69.4609222,42.4805789],[69.4608686,42.4804286],[69.4607506,42.4803969],[69.460654,42.4803099],[69.4606647,42.4801912],[69.4609437,42.4800408],[69.4609222,42.4799617],[69.4607935,42.4799617],[69.460772,42.4798905],[69.4608793,42.4798193],[69.4608578,42.4797322],[69.4607076,42.4796848],[69.4607076,42.4795819],[69.4608686,42.4794316],[69.4610188,42.4794078],[69.4611153,42.479487],[69.4612258,42.4794321],[69.4614693,42.4791665],[69.4617296,42.4789907],[69.4617657,42.4788838],[69.4618909,42.4785825],[69.4618848,42.478428],[69.4619255,42.4783355],[69.4620254,42.4783571],[69.4621544,42.4784505],[69.4622535,42.4784857],[69.4636941,42.4785755],[69.4661534,42.4784557],[69.4670943,42.4783928],[69.467869,42.4784397],[69.4684942,42.4784316],[69.4699787,42.478561],[69.4705994,42.4786868],[69.4721729,42.4790744],[69.4729506,42.4791687],[69.473177,42.4791398],[69.4733918,42.4791398],[69.4735412,42.4792087],[69.4736533,42.4792087],[69.4739615,42.4791605],[69.4743538,42.4792018],[69.4744939,42.4791743],[69.4746153,42.4791949],[69.474634,42.4791123],[69.4746807,42.4790503],[69.4748675,42.4789952],[69.4750263,42.4789952],[69.4756521,42.4790227],[69.4761658,42.4789332],[69.4764646,42.4789883],[69.4766328,42.4789607],[69.4767355,42.4788918],[69.476941,42.4788643],[69.4771184,42.4787472],[69.4774827,42.4786783],[69.4778055,42.4786218],[69.4822175,42.478142],[69.4831291,42.4781337],[69.4838373,42.4779795],[69.4855586,42.4774989],[69.4866424,42.4772755],[69.4874624,42.4769816],[69.4881595,42.4767917],[69.4882929,42.476805],[69.4884126,42.4768943],[69.4883703,42.4773248],[69.4884543,42.4773751],[69.489301,42.4772801],[69.4906023,42.4773135],[69.4913312,42.4772316],[69.4917086,42.4771472],[69.4925438,42.4771904],[69.4943697,42.4776212],[69.4944023,42.4777489],[69.4944605,42.4778203],[69.4944398,42.4782066],[69.4942697,42.4783655],[69.494012,42.4786849],[69.4940533,42.4787975],[69.4943527,42.4789838],[69.4946054,42.4790529],[69.4956331,42.4790229],[69.4964367,42.4790892],[69.4968204,42.479168],[69.4970086,42.4792726],[69.4971774,42.4792561],[69.4972618,42.4792065],[69.4975516,42.4792257],[69.4978822,42.4792716],[69.4980632,42.4793726],[69.4982759,42.4794367],[69.4985145,42.4793997],[69.4987269,42.4794403],[69.4989777,42.4793894],[69.4992099,42.4792214],[69.4993568,42.479216],[69.4995087,42.4792259],[69.4998102,42.4791118],[69.5001328,42.4789111],[69.5003671,42.478868],[69.5004995,42.4787956],[69.5007751,42.4787249],[69.5008265,42.4786198],[69.5010788,42.4785749],[69.5010977,42.4784988],[69.5012475,42.4784845],[69.5015285,42.4783869],[69.5016542,42.4782995],[69.5019574,42.4783773],[69.5021154,42.4782713],[69.5022554,42.478268],[69.5024981,42.478189],[69.5026099,42.4783203],[69.5027685,42.4783905],[69.5031124,42.4784262],[69.5033127,42.4786182],[69.5035201,42.4786964],[69.5038956,42.4786782],[69.504161,42.4788071],[69.5044649,42.4787771],[69.5047127,42.4787885],[69.5048909,42.478701],[69.5051164,42.4787051],[69.5055768,42.4786376],[69.5057833,42.4785325],[69.5059709,42.4785246],[69.5062145,42.4785856],[69.506413,42.4785449],[69.5065775,42.4782856],[69.5069641,42.4782441],[69.5073817,42.4780553],[69.5074766,42.4778652],[69.507665,42.4777992],[69.5078114,42.4776955],[69.5079295,42.4776119],[69.5083653,42.4774579],[69.5084336,42.4772049],[69.5088504,42.4771123],[69.5090733,42.4771727],[69.5093716,42.4771134],[69.5095954,42.477132],[69.509782,42.4770517],[69.5105291,42.4769439],[69.510738,42.4770112],[69.5110237,42.4769626],[69.5111759,42.4770002],[69.5114108,42.4769778],[69.5116083,42.4768726],[69.5117363,42.4768764],[69.512049,42.4768856],[69.5122616,42.4769246],[69.5124928,42.4770324],[69.51303,42.4771517],[69.5132496,42.4771538],[69.5134902,42.4772651],[69.5139923,42.4773626],[69.5142706,42.477508],[69.5146796,42.4775707],[69.5152921,42.4778063],[69.5154827,42.4778385],[69.5161217,42.4778293],[69.5165551,42.4778718],[69.5166897,42.477928],[69.5167696,42.4780892],[69.5168707,42.478191],[69.5171641,42.4782144],[69.5174108,42.4782652],[69.5175739,42.4782414],[69.5176371,42.4781661],[69.5186717,42.4783456],[69.518784,42.4784101],[69.5189408,42.4784156],[69.5191313,42.4782875],[69.519163,42.478118],[69.5192415,42.4780198],[69.5194396,42.477981],[69.5202391,42.4780236],[69.5203774,42.4781275],[69.520525,42.4781833],[69.5209131,42.4781546],[69.5214974,42.4783188],[69.5218547,42.4783019],[69.5221268,42.4783417],[69.5224923,42.4782919],[69.5233676,42.4786269],[69.5237497,42.4786888],[69.523989,42.4788176],[69.5242587,42.4788237],[69.5246035,42.4785837],[69.5248106,42.4785799],[69.5250179,42.4784612],[69.525588,42.4784641],[69.5261056,42.4782392],[69.5266719,42.4781836],[69.526899,42.4781282],[69.527134,42.4781488],[69.5275931,42.4781211],[69.528658,42.4784901],[69.5288479,42.478488],[69.5297476,42.4783343],[69.5299223,42.4783191],[69.530374,42.4783322],[69.530536,42.4784073],[69.5308564,42.4784235],[69.5311395,42.4785431],[69.5316251,42.4784621],[69.5319484,42.478297],[69.5323421,42.4782874],[69.5328098,42.4781655],[69.5334643,42.4778094],[69.5354882,42.476399],[69.537793,42.4750528],[69.5402753,42.4737283],[69.5424922,42.472687],[69.5449044,42.4716495],[69.5513998,42.4690015],[69.5541266,42.4680189],[69.5570912,42.4670833],[69.5593738,42.4664396],[69.5675166,42.4645378],[69.5817534,42.4610055],[69.5923241,42.4583418],[69.5969132,42.4574576],[69.6178809,42.4540148],[69.6309166,42.4518498],[69.6382009,42.4506866],[69.6519096,42.4483935],[69.6637782,42.4463966],[69.6694395,42.4454272],[69.6745124,42.4446543],[69.6775988,42.4442934],[69.6864737,42.4433685],[69.7002201,42.4418061],[69.7030119,42.4414052],[69.7113378,42.439812],[69.7135695,42.4393795],[69.7142348,42.4392385],[69.7148786,42.4390659],[69.7159466,42.4387106],[69.716843,42.4383553],[69.7174761,42.4380009],[69.717877,42.4377117],[69.7182205,42.4373052],[69.7183381,42.4369061],[69.7183465,42.43664],[69.7182369,42.4363434],[69.7179986,42.4359835],[69.7203912,42.4345163],[69.7211102,42.4336985],[69.7215826,42.4291487],[69.7220549,42.4291238],[69.7233651,42.4297456],[69.7241523,42.4300089],[69.7251155,42.4304004],[69.7255066,42.4304789],[69.7259076,42.4304095],[69.7266685,42.4301611],[69.7269624,42.4300091],[69.7273707,42.4296938],[69.7280697,42.4291243],[69.728367,42.4285342],[69.7293088,42.427751],[69.7296396,42.4275042],[69.7301759,42.4271677],[69.7307192,42.4264148],[69.7306647,42.4261721],[69.7278108,42.4229847],[69.727511,42.422518],[69.7240697,42.4166102],[69.7242084,42.4164716],[69.7278963,42.4149332],[69.7281716,42.4148522],[69.7289232,42.4147713],[69.7293867,42.4147428],[69.7309353,42.4141079],[69.7312239,42.4140594],[69.7323999,42.4134179],[69.7327321,42.4132642],[69.7335454,42.4123977],[69.7342467,42.4118207],[69.7352605,42.4111761],[69.7361209,42.4104079],[69.7364566,42.4102125],[69.7370865,42.4100107],[69.7382768,42.4098571],[69.7390325,42.4097201],[69.7396718,42.4094791],[69.7404492,42.4090001],[69.7413293,42.4085831],[69.7420151,42.4082078],[69.74233,42.4080339],[69.7428785,42.407336],[69.7433129,42.4069219],[69.7441685,42.4063789],[69.7448456,42.4057043],[69.750535,42.4032392],[69.7510287,42.403081],[69.7513969,42.4030088],[69.7518959,42.40304],[69.7521964,42.4029629],[69.7525241,42.4028071],[69.7529265,42.4024236],[69.7531716,42.4022424],[69.7543041,42.4017645],[69.7549193,42.4013147],[69.7552308,42.401069],[69.7557198,42.4008303],[69.7564872,42.4005437],[69.7569837,42.4002365],[69.757407,42.4000167],[69.7577308,42.3997412],[69.7581853,42.399052],[69.7592369,42.3978998],[69.7597971,42.3973423],[69.7600492,42.3971602],[69.7606842,42.3968263],[69.7609868,42.3966483],[69.7611941,42.3965248],[69.7617181,42.3964354],[69.7623448,42.3963599],[69.7632644,42.3963165],[69.7636774,42.3961982],[69.7640521,42.395946],[69.7644454,42.3956247],[69.7652005,42.3948432],[69.7656568,42.3942618],[69.7658693,42.3939982],[69.7661151,42.3938867],[69.7663782,42.3938517],[69.7667899,42.3938893],[69.7670891,42.3939771],[69.7675005,42.3941339],[69.7677313,42.3941735],[69.7679581,42.3941457],[69.7681929,42.3938697],[69.7685772,42.3932418],[69.7688805,42.3929061],[69.769931,42.3920944],[69.7702702,42.3916419],[69.7708567,42.3909705],[69.7712945,42.3906316],[69.7717188,42.3905036],[69.7735003,42.39011],[69.7737412,42.3899622],[69.7764069,42.3901773],[69.7771145,42.3900572],[69.7779414,42.3902195],[69.7780968,42.3894486],[69.7787251,42.3895271],[69.7787424,42.3892745],[69.7786813,42.388823],[69.7790901,42.385084],[69.7791305,42.3845585],[69.7791336,42.3840055],[69.7790696,42.3833805],[69.7787627,42.3816586],[69.7784705,42.3814653],[69.7781737,42.3795979],[69.7781134,42.379005],[69.7781578,42.3779119],[69.7784493,42.3767664],[69.7782964,42.376442],[69.7788773,42.3763834],[69.7793864,42.3763776],[69.7795705,42.3760807],[69.7795702,42.3758315],[69.7803264,42.3752028],[69.7805877,42.3751122],[69.7815482,42.3748866],[69.7824528,42.3747851],[69.7830289,42.3746098],[69.7834103,42.3745188],[69.7837731,42.3743037],[69.7847601,42.3731971],[69.7857162,42.3724375],[69.7860237,42.3723379],[69.7870973,42.3722205],[69.7876447,42.3721131],[69.7882948,42.3718608],[69.7890086,42.3714979],[69.7895473,42.371123],[69.7900466,42.3704789],[69.7904033,42.3701034],[69.7906135,42.369553],[69.7917369,42.368033],[69.7924548,42.367136],[69.7925768,42.3668272],[69.7926614,42.3657663],[69.7927199,42.3656034],[69.7928561,42.3655256],[69.7931076,42.3655142],[69.7936977,42.3655797],[69.7942705,42.3655172],[69.7945485,42.3654938],[69.7949012,42.3655394],[69.7955505,42.3657824],[69.7961689,42.3661953],[69.7963261,42.3663003],[69.7969335,42.3664801],[69.7976126,42.366697],[69.7979746,42.3666858],[69.7983731,42.3665286],[69.7985287,42.3663853],[69.7989534,42.3657965],[69.7991347,42.3656884],[69.8004834,42.3654215],[69.8005815,42.3653087],[69.8006135,42.3651417],[69.8005894,42.3649058],[69.80056,42.3646686],[69.8006413,42.3645322],[69.8007674,42.364469],[69.8015768,42.3643251],[69.802134,42.3640975],[69.8022799,42.3639432],[69.8024434,42.3636446],[69.8022893,42.3632425],[69.8020981,42.3626838],[69.8019911,42.3623736],[69.8019637,42.3620705],[69.801983,42.361827],[69.8018341,42.3614593],[69.8017793,42.3612347],[69.8017816,42.3610062],[69.8017115,42.3601318],[69.8017791,42.3599643],[69.8019576,42.3599762],[69.8032754,42.3604667],[69.8035906,42.360519],[69.8038084,42.360508],[69.8043003,42.3604265],[69.8046053,42.3604417],[69.8048274,42.3605299],[69.8049776,42.360653],[69.8051697,42.3608875],[69.8056934,42.360995],[69.8060613,42.3610305],[69.8063814,42.3610052],[69.8085122,42.3602368],[69.8087413,42.3600792],[69.8088279,42.3599521],[69.8088957,42.3596042],[69.8089804,42.3594822],[69.8115726,42.3584238],[69.8117925,42.3583178],[69.8126926,42.3577128],[69.8129546,42.3575418],[69.814032,42.3571647],[69.8157868,42.3566118],[69.8166702,42.3563632],[69.8169205,42.3562732],[69.8175887,42.3559017],[69.8179565,42.355649],[69.8164197,42.3538528],[69.8153335,42.3527623],[69.8144159,42.3515845],[69.8177867,42.3501225],[69.8169936,42.3491688],[69.8161154,42.3491211],[69.8159791,42.3487156],[69.8157841,42.3487046],[69.8155413,42.3486356],[69.8146353,42.3483802],[69.8142244,42.3482559],[69.8140656,42.3481593],[69.8140002,42.3480489],[69.8140095,42.3479177],[69.8138227,42.3475104],[69.8138134,42.3474138],[69.8138881,42.347331],[69.8140095,42.3472757],[69.8142617,42.3470479],[69.8145513,42.3469306],[69.8149622,42.3468201],[69.815644,42.346544],[69.8162605,42.3461989],[69.8163819,42.3461643],[69.8165594,42.3461851],[69.8174,42.3467304],[69.8175214,42.3467649],[69.8180164,42.346613],[69.8181005,42.3464888],[69.8179043,42.3456121],[69.8179323,42.3454878],[69.8180444,42.345405],[69.8182219,42.3453774],[69.8190625,42.3455707],[69.8192212,42.3455569],[69.8195201,42.3454464],[69.8196602,42.3453084],[69.8197163,42.3451979],[69.8190251,42.3438172],[69.8190438,42.3437068],[69.8198377,42.3432374],[69.8199591,42.3432098],[69.820725,42.3431752],[69.8208371,42.3431269],[69.8234803,42.3405933],[69.8236577,42.3404552],[69.8239753,42.3401929],[69.8241341,42.34011],[69.8243396,42.3400617],[69.8246478,42.3400755],[69.8248813,42.3401239],[69.8264597,42.3407038],[69.8266372,42.3407245],[69.827319,42.3406831],[69.8274311,42.3406278],[69.8275152,42.3405174],[69.8274965,42.3396475],[69.8275619,42.3394956],[69.8276833,42.3393506],[69.8281036,42.3390123],[69.8292804,42.3381494],[69.8295793,42.3380044],[69.8298035,42.3377558],[69.8308776,42.3369619],[69.8325588,42.3357122],[69.8327362,42.3356294],[69.8329043,42.3355948],[69.8329884,42.3355189]],[[69.3501997,42.3096578],[69.3521884,42.3051131],[69.3524828,42.2965511],[69.3532097,42.2789894],[69.3631971,42.2606778],[69.3609745,42.2591806],[69.3701783,42.2494238],[69.3366739,42.2291629],[69.3832452,42.2244029],[69.3824346,42.2238164],[69.3532694,42.2027095],[69.3035916,42.1826185],[69.2590125,42.1670149],[69.2521575,42.1711945],[69.2480845,42.1794927],[69.2422875,42.1820791],[69.2327881,42.1829713],[69.2324662,42.1911739],[69.2236595,42.1892718],[69.1975353,42.2022335],[69.1937849,42.2062439],[69.1948,42.2071911],[69.2375548,42.216926],[69.2741862,42.2404563],[69.3054306,42.2947504],[69.3167487,42.2967529],[69.3254309,42.3014509],[69.333236,42.3071346],[69.3501997,42.3096578]]]}},{"type":"Feature","properties":{"osmId":"relation/5497131","name":"Сарыагашский район"},"geometry":{"type":"MultiLineString","coordinates":[[[68.0411606,41.7384877],[68.0377507,41.7435559],[68.0341887,41.7458453],[68.0312061,41.7454451],[68.0234384,41.7433478],[68.019619,41.7432997],[68.016488,41.7472984],[68.0194957,41.7536069],[68.022375,41.7564709],[68.0266827,41.7573411],[68.0299401,41.7579795],[68.0331266,41.7582917],[68.0353796,41.7581796],[68.0366564,41.7579715],[68.038255,41.7574433],[68.0394673,41.756763],[68.0409264,41.7556025],[68.0421066,41.7543859],[68.0430937,41.7531053],[68.0458724,41.7488791],[68.0469561,41.7476304],[68.0479431,41.7468539],[68.0489838,41.7463416],[68.0502391,41.7459334],[68.0515695,41.7457333],[68.0527174,41.7457012],[68.053962,41.7457573],[68.0546379,41.7460134],[68.0551743,41.7464137],[68.0557966,41.7471821],[68.0570519,41.7494874],[68.0594981,41.7539697],[68.0607963,41.7562348],[68.0621266,41.7586838],[68.0640775,41.7619437],[68.0648088,41.7631655],[68.0662946,41.7659936],[68.0679524,41.7675816],[68.075007,41.7799268],[68.081817,41.7885439],[68.0841296,41.7927606],[68.0904465,41.7953096],[68.1008022,41.8023902],[68.10818,41.8063566],[68.1130852,41.8096521],[68.1152476,41.81285],[68.1141291,41.8217381],[68.1088424,41.8292732],[68.1015306,41.8359881],[68.1007377,41.8367162],[68.1056304,41.8384326],[68.3222583,41.8565803],[68.3289342,41.8527459],[68.3375864,41.846817],[68.3524386,41.8424397],[68.3709245,41.8391546],[68.3834407,41.8359999],[68.3957092,41.8355693],[68.4110937,41.8326745],[68.4330995,41.8304715],[68.4382255,41.8254563],[68.4427337,41.8151495],[68.4595672,41.8098589],[68.4683417,41.8010793],[68.5073118,41.8200717],[68.5672365,41.8284933],[68.6068119,41.824504],[68.6768625,41.822078],[68.689643,41.8290541],[68.6943224,41.8440227],[68.7040151,41.8509063],[68.755844,41.8808572],[68.7840922,41.8978527],[68.8019269,41.9095816],[68.8218598,41.9397819],[68.8303042,41.9242547],[68.8562475,41.904426],[68.8692759,41.9019035],[68.8926792,41.8988285],[68.8992971,41.901193],[68.905218,41.9066628],[68.9115357,41.9057212],[68.9147725,41.9022985],[68.9226281,41.900981],[68.932715,41.9009298],[68.943032,41.9017983],[68.946045,41.9017492],[68.952196,41.9004219],[68.9528151,41.8961653],[68.9568724,41.8899996],[68.962201,41.8860218],[68.9657562,41.884435],[68.9813984,41.8872914],[68.9978563,41.8870287],[69.0069548,41.8876629],[69.0315719,41.8820772],[69.0448107,41.8805772],[69.0450428,41.8821878],[69.055894,41.8793643],[69.0601098,41.8769747],[69.0642844,41.8700909],[69.0627925,41.8640449],[69.0738542,41.8648096],[69.0827249,41.8660885],[69.0967259,41.869482],[69.103502,41.8738261],[69.1214801,41.8855627],[69.1326017,41.8932631],[69.1406639,41.8980662],[69.1428537,41.8986188],[69.1565251,41.8999276],[69.167926,41.9012998],[69.1717662,41.9020944],[69.2023922,41.9102508],[69.2426729,41.9243332],[69.2532484,41.9243412],[69.2993834,41.9225026],[69.3037183,41.9219667],[69.3054263,41.9076475],[69.2995396,41.902912],[69.2986317,41.8941836],[69.3025325,41.8895457],[69.309457,41.8785444],[69.3188449,41.8653784],[69.3163409,41.8610807],[69.3072573,41.8502004],[69.3043168,41.8479253],[69.3011767,41.843634],[69.2904243,41.8305461],[69.2874576,41.8239665],[69.291068,41.8175531],[69.2948621,41.8087329],[69.2952262,41.8043025],[69.2930662,41.8026973],[69.2886739,41.7833225],[69.2845774,41.7780979],[69.2899814,41.7766778],[69.2972628,41.7756993],[69.3024748,41.7747258],[69.3132244,41.7742842],[69.3105947,41.7548478],[69.3067029,41.744216],[69.3048456,41.7412872],[69.3052436,41.7361639],[69.2992746,41.7371966],[69.2895014,41.7280384],[69.2906092,41.7182562],[69.2917442,41.7145717],[69.291568,41.7095674],[69.2927018,41.7056528],[69.2922121,41.7055687],[69.290152,41.7071562],[69.2897046,41.7073179],[69.2892952,41.7072362],[69.2883987,41.7071703],[69.2878537,41.7072641],[69.2868858,41.7071936],[69.2866427,41.7021626],[69.2846956,41.6945071],[69.3016186,41.6981141],[69.3089794,41.6981915],[69.3109423,41.6891325],[69.2976274,41.688771],[69.2969343,41.6857184],[69.3062701,41.6713599],[69.301031,41.6709701],[69.3029953,41.6647124],[69.3055647,41.6599236],[69.3083686,41.6569234],[69.3140888,41.6530823],[69.3235505,41.6479866],[69.3235098,41.6474719],[69.3252884,41.6447857],[69.3234115,41.6376925],[69.3229913,41.6375293],[69.3246485,41.6353939],[69.3269473,41.6320127],[69.3330455,41.6269042],[69.3345533,41.6254878],[69.3393376,41.6247928],[69.3466166,41.6232634],[69.3534099,41.6219573],[69.3531693,41.6210923],[69.3527326,41.619025],[69.3521564,41.616896],[69.3559424,41.6156169],[69.35698,41.6121044],[69.3566151,41.6118073],[69.3564078,41.6115691],[69.3562242,41.6112199],[69.3560503,41.6107823],[69.3558184,41.6103937],[69.355488,41.6099904],[69.3550832,41.6096992],[69.3546013,41.6094974],[69.3541901,41.609363],[69.3538406,41.6093718],[69.3531081,41.6095833],[69.3527722,41.6095722],[69.3525457,41.6094591],[69.3524391,41.6093449],[69.3524644,41.608788],[69.3525841,41.6082229],[69.3532938,41.6083032],[69.356411,41.6087827],[69.3599294,41.609324],[69.3605679,41.6094222],[69.3651538,41.6102692],[69.3653691,41.6102585],[69.3654361,41.6101075],[69.3651616,41.6085992],[69.3651367,41.6081695],[69.3650669,41.607864],[69.3649902,41.6076317],[69.3648176,41.6072955],[69.3646648,41.6069592],[69.3645822,41.6067441],[69.3644818,41.6066145],[69.3642042,41.6064407],[69.3641076,41.6063646],[69.3639716,41.6061412],[69.3637973,41.6058136],[69.3636623,41.6054566],[69.3635328,41.6052823],[69.362574,41.6043941],[69.3624294,41.6042239],[69.3623463,41.6040657],[69.3621612,41.6036115],[69.3617794,41.6034884],[69.3617561,41.6033213],[69.3616328,41.6031529],[69.3610856,41.6028721],[69.3607557,41.6024108],[69.3604982,41.6022623],[69.3597311,41.6019775],[69.3595684,41.6018883],[69.3593663,41.6017108],[69.3592845,41.6015451],[69.3592617,41.6012615],[69.359377,41.601083],[69.3595868,41.6009167],[69.359839,41.6008097],[69.3600714,41.60085],[69.3601819,41.6007392],[69.360268,41.6007437],[69.3615847,41.6011365],[69.363789,41.6014507],[69.3701488,41.6022656],[69.3716644,41.6024849],[69.3726945,41.6026416],[69.373833,41.6029455],[69.3746637,41.6032032],[69.3757979,41.6037076],[69.3791378,41.6056551],[69.3804501,41.6064148],[69.3811511,41.6067295],[69.3818832,41.6070037],[69.3826772,41.6071789],[69.3835334,41.6073183],[69.3845284,41.6073602],[69.3991604,41.6069552],[69.402845,41.6068856],[69.4037564,41.6068271],[69.4045723,41.6066103],[69.4065825,41.6068147],[69.4084357,41.6065895],[69.4104226,41.6060067],[69.4190397,41.6066825],[69.4207297,41.6067419],[69.4241844,41.6064232],[69.4261271,41.6065253],[69.4298397,41.6070289],[69.4356153,41.6061603],[69.438131,41.6054089],[69.4384611,41.6054149],[69.4405392,41.6068645],[69.440711,41.6049982],[69.4398227,41.6000094],[69.4385254,41.5991325],[69.4336443,41.5966003],[69.4299103,41.5947041],[69.4323166,41.5608708],[69.433479,41.5611853],[69.4342075,41.561395],[69.4345531,41.5614998],[69.4350201,41.5616745],[69.4354217,41.5618632],[69.437187,41.5628067],[69.437738,41.5630582],[69.4388682,41.5635265],[69.4398395,41.5638899],[69.440512,41.5641904],[69.4423707,41.5650779],[69.4435382,41.5656788],[69.4441826,41.5660073],[69.4448551,41.5664336],[69.4455556,41.5669297],[69.4462561,41.5674189],[69.4479093,41.5687605],[69.4484603,41.5691519],[69.448862,41.5693894],[69.4492356,41.5695432],[69.4496932,41.5696689],[69.4501509,41.5697458],[69.4506085,41.5697877],[69.4516359,41.5697947],[69.4546808,41.569648],[69.4547196,41.5697784],[69.4547375,41.5698383],[69.4548662,41.5700791],[69.4550593,41.5702556],[69.4554325,41.5703841],[69.4568618,41.5721178],[69.457527,41.5729205],[69.4578959,41.5733873],[69.4581922,41.5737231],[69.4583853,41.5738515],[69.4620331,41.5738435],[69.4622477,41.5737391],[69.4626768,41.5729526],[69.4630952,41.573073],[69.4646992,41.5729887],[69.4649299,41.572776],[69.4653613,41.5715684],[69.4659373,41.5701433],[69.4667371,41.5700861],[69.4671239,41.5698543],[69.4673438,41.5695814],[69.4680841,41.5689393],[69.4684489,41.5682971],[69.4686494,41.5680262],[69.470702,41.5681045],[69.4747146,41.5678155],[69.4749653,41.5677952],[69.475679,41.5686796],[69.4752357,41.5689244],[69.4758137,41.5696268],[69.4759221,41.5699311],[69.475995,41.5703139],[69.4761809,41.5704843],[69.476909,41.570856],[69.4773288,41.5711578],[69.4775857,41.5711703],[69.4786831,41.5709731],[69.4796452,41.5709422],[69.483017,41.5705658],[69.486218,41.574865],[69.4893058,41.5740602],[69.4864948,41.5702556],[69.4892631,41.5699206],[69.4865451,41.5669564],[69.4871617,41.5670024],[69.4885262,41.5668423],[69.4892835,41.5668778],[69.4901444,41.5667254],[69.4904652,41.5666929],[69.4918913,41.5667608],[69.4940036,41.566661],[69.4946775,41.5665612],[69.4965239,41.5664275],[69.4968374,41.5664649],[69.4971774,41.5664761],[69.4975921,41.5665851],[69.4981178,41.5664015],[69.4983809,41.5663775],[69.498644,41.5664094],[69.4988527,41.5663614],[69.4993439,41.5662546],[69.4997791,41.5662457],[69.4970111,41.5641549],[69.4966827,41.5639725],[69.4963628,41.5638308],[69.4957146,41.5635438],[69.494656,41.5630217],[69.493778,41.5625888],[69.4934722,41.562147],[69.4942662,41.5613924],[69.4949192,41.5612667],[69.495853,41.5606551],[69.496514,41.5610695],[69.4970369,41.5611275],[69.4980037,41.5602097],[69.5004159,41.5579885],[69.5123335,41.5580206],[69.5252971,41.5776306],[69.525935,41.5776428],[69.5266163,41.5776931],[69.5271718,41.5776483],[69.5279141,41.5777713],[69.5285948,41.5777568],[69.5289486,41.5776865],[69.5293815,41.5774956],[69.5295512,41.577519],[69.5299163,41.5776565],[69.5304028,41.5776262],[69.5306935,41.5777235],[69.5309229,41.5777441],[69.531199,41.5779325],[69.5319939,41.5781518],[69.5322419,41.5781218],[69.532658,41.5783293],[69.5335592,41.5783625],[69.5337312,41.5784236],[69.5341741,41.5783589],[69.5343989,41.578483],[69.5347406,41.5784998],[69.5350065,41.5785161],[69.5352416,41.57864],[69.5354764,41.5786799],[69.5358154,41.5786073],[69.5363967,41.5785768],[69.5365318,41.5786822],[69.5368512,41.5785557],[69.5370767,41.5784807],[69.5372395,41.5783964],[69.5373147,41.5783917],[69.5376591,41.5785322],[69.5377026,41.578318],[69.5377991,41.5782039],[69.5384934,41.578006],[69.5400001,41.5770745],[69.543513,41.5754004],[69.5467841,41.5737431],[69.5493102,41.5727063],[69.5495377,41.5725355],[69.5493636,41.5698003],[69.5493264,41.569705],[69.5448433,41.568282],[69.5433771,41.5678468],[69.5411546,41.5671303],[69.5364855,41.5658369],[69.5320584,41.5645645],[69.5287927,41.5637206],[69.5273934,41.563537],[69.5274885,41.5633114],[69.5276601,41.563049],[69.5269563,41.5628298],[69.5177276,41.5573797],[69.5174559,41.5568986],[69.5166799,41.5563581],[69.5157128,41.5560354],[69.5148017,41.5559224],[69.5141483,41.5555876],[69.5094014,41.5524806],[69.5014043,41.5477381],[69.5011967,41.5477172],[69.5011033,41.5476753],[69.5009912,41.5476543],[69.5007764,41.5476962],[69.5005242,41.5476263],[69.500272,41.5475914],[69.5001133,41.5476473],[69.4998611,41.5476823],[69.4997583,41.5478291],[69.4996649,41.5479059],[69.4995155,41.5479339],[69.4990298,41.547885],[69.4985908,41.547864],[69.4983106,41.5479199],[69.4980024,41.5481017],[69.4970217,41.5482624],[69.4967322,41.5483533],[69.4964613,41.548535],[69.4963306,41.54857],[69.4958262,41.5486189],[69.4954993,41.5487028],[69.4953032,41.5486958],[69.4949482,41.5488356],[69.4947521,41.5488286],[69.4943785,41.5489335],[69.494117,41.5489684],[69.4936313,41.5491711],[69.492333,41.5495136],[69.4919127,41.5497094],[69.4914177,41.5499889],[69.4871911,41.5501765],[69.4834576,41.5506718],[69.4812313,41.5510178],[69.4809383,41.551182],[69.4806513,41.5515664],[69.4785172,41.5552257],[69.4777816,41.5571078],[69.4773952,41.5576854],[69.4769901,41.5584587],[69.4766143,41.558885],[69.4759046,41.5592764],[69.4746087,41.5600451],[69.4741088,41.5602813],[69.4687962,41.562199],[69.4679855,41.5626351],[69.4659367,41.5644254],[69.4609243,41.5688434],[69.4606169,41.5689458],[69.4547583,41.5693137],[69.4525861,41.5659557],[69.4485174,41.5642374],[69.4451213,41.5631621],[69.4417291,41.5599302],[69.4411906,41.5594062],[69.4391773,41.5565685],[69.4320676,41.546613],[69.4276556,41.5407049],[69.4228221,41.5375222],[69.4203983,41.5358356],[69.4197893,41.5353532],[69.4193729,41.535106],[69.4169358,41.53292],[69.4162547,41.5323001],[69.4143693,41.5307947],[69.4077031,41.525071],[69.4071914,41.524696],[69.4069687,41.5244474],[69.4067776,41.5242211],[69.4066825,41.524173],[69.4063679,41.5237342],[69.40542,41.522244],[69.4053687,41.5220614],[69.4041219,41.520183],[69.402819,41.517983],[69.4026059,41.5170346],[69.401618,41.51416],[69.3997347,41.5103711],[69.3979821,41.5081908],[69.3978264,41.5078838],[69.3976836,41.507016],[69.3987737,41.5059943],[69.3987684,41.5051121],[69.3992247,41.5045648],[69.3993902,41.5041136],[69.4003377,41.5032392],[69.4111436,41.5012004],[69.4127731,41.5006287],[69.4211299,41.4990767],[69.4239388,41.4986719],[69.4244003,41.4985192],[69.4247861,41.4982986],[69.4273763,41.4967919],[69.4280798,41.4959567],[69.4320181,41.4936708],[69.4329082,41.4931249],[69.4330263,41.4929429],[69.4330324,41.4928029],[69.4328381,41.4923963],[69.432807,41.4919907],[69.434684,41.4909757],[69.4374016,41.4895688],[69.437605,41.489446],[69.4377534,41.4892586],[69.4380793,41.4883436],[69.4381958,41.4881057],[69.438312,41.4879702],[69.4384748,41.4878766],[69.4387444,41.4877874],[69.4390782,41.4877489],[69.4394434,41.4877639],[69.4401752,41.48783],[69.4412742,41.4878945],[69.4414767,41.4879241],[69.4423425,41.4882522],[69.4455468,41.489694],[69.4463217,41.4893241],[69.4469454,41.4890086],[69.4481709,41.4887382],[69.4486118,41.4885308],[69.4503716,41.4880041],[69.4513694,41.4878741],[69.4542635,41.4881383],[69.4543669,41.4856693],[69.454433,41.4850335],[69.4545741,41.4846036],[69.4561832,41.4809621],[69.4575917,41.4766776],[69.4578326,41.475724],[69.4584546,41.4718404],[69.4583798,41.4717421],[69.4573655,41.4710654],[69.4570198,41.470773],[69.4569145,41.4705863],[69.4568708,41.469297],[69.4569026,41.4688419],[69.4570503,41.4686818],[69.4572795,41.4685653],[69.4592969,41.4686301],[69.4595581,41.4685338],[69.4605835,41.467399],[69.4603594,41.467231],[69.4601819,41.4669861],[69.4599204,41.4667341],[69.4596776,41.4665871],[69.4594067,41.4663632],[69.4587809,41.4659642],[69.4582672,41.4657193],[69.4578282,41.4655723],[69.4576695,41.4654603],[69.4573239,41.4649354],[69.4571091,41.4647254],[69.4568475,41.4645994],[69.4565673,41.4645574],[69.4558482,41.4646204],[69.45568,41.4646204],[69.4554932,41.4645364],[69.4553531,41.4643545],[69.4549982,41.4640675],[69.454251,41.4636405],[69.4537934,41.4632976],[69.4535412,41.4631506],[69.4531956,41.4630596],[69.4529813,41.4629723],[69.4525143,41.4626713],[69.4522527,41.4625803],[69.4518324,41.4625103],[69.4511039,41.4625243],[69.4508237,41.4625523],[69.4504408,41.4626433],[69.4502353,41.4627623],[69.4501045,41.4628743],[69.4499177,41.4629793],[69.4497963,41.4630563],[69.4497776,41.4631753],[69.4498524,41.4633293],[69.4499728,41.4635345],[69.4499915,41.4637025],[69.4499354,41.4638844],[69.4498233,41.4639964],[69.4496365,41.4640664],[69.4493283,41.4640874],[69.4488707,41.4642414],[69.4485998,41.4642834],[69.4483476,41.4642834],[69.4474977,41.4640874],[69.4472548,41.4640524],[69.4470213,41.4640524],[69.4466851,41.4641084],[69.4464796,41.4641154],[69.4462368,41.4641014],[69.4460873,41.4641084],[69.4457791,41.4641924],[69.4455643,41.4641924],[69.4453962,41.4641434],[69.4448545,41.4637025],[69.4446957,41.4636535],[69.4445182,41.4636395],[69.4442754,41.4637095],[69.4441259,41.4637235],[69.4435749,41.4635625],[69.44322,41.4635275],[69.4429398,41.4635275],[69.4427156,41.4634785],[69.4420898,41.4632335],[69.4419217,41.4631845],[69.4417349,41.4631985],[69.4416275,41.4632895],[69.441408,41.4634785],[69.4411838,41.4635205],[69.440941,41.4634925],[69.4407916,41.4634085],[69.4404647,41.4629536],[69.4403432,41.4628416],[69.4401564,41.4627786],[69.4398762,41.4627716],[69.4396801,41.4627366],[69.4389329,41.4623796],[69.4385593,41.4622746],[69.4383258,41.4622466],[69.438167,41.4622606],[69.4379989,41.4623306],[69.4378214,41.4623796],[69.437672,41.4623656],[69.4374385,41.4622326],[69.4370929,41.4620856],[69.436794,41.4620016],[69.4366633,41.4619107],[69.4365605,41.4617707],[69.4364485,41.4615397],[69.4363084,41.4613647],[69.4360842,41.4611967],[69.4358974,41.4611407],[69.4354584,41.4611337],[69.435309,41.4611057],[69.4351222,41.4610357],[69.434926,41.4610217],[69.4347112,41.4610707],[69.4345338,41.4610917],[69.4343096,41.4610637],[69.4340974,41.461033],[69.433948,41.461082],[69.4338546,41.461152],[69.4338453,41.4612429],[69.4339293,41.4615649],[69.4338826,41.4617049],[69.4338172,41.4618029],[69.433509,41.4618659],[69.4331821,41.4618449],[69.4321454,41.4616069],[69.4319212,41.4615859],[69.4316971,41.4615789],[69.4314823,41.4616349],[69.431174,41.4617679],[69.4310433,41.4618029],[69.430707,41.4617679],[69.4304549,41.4618029],[69.4302587,41.4618449],[69.4301093,41.4619219],[69.4298104,41.4619989],[69.4294368,41.4621109],[69.429222,41.4621249],[69.4289418,41.4620899],[69.4286149,41.4621319],[69.4284281,41.4621179],[69.4282226,41.4620549],[69.4279798,41.4618869],[69.4277089,41.4616769],[69.4275034,41.4616839],[69.427354,41.4617749],[69.4273166,41.4618799],[69.4271672,41.4619919],[69.4268123,41.4620479],[69.4264013,41.4621249],[69.425514,41.4621179],[69.4251124,41.4621459],[69.4240103,41.4623138],[69.4237861,41.4624328],[69.4236553,41.4626148],[69.4235526,41.4629438],[69.4234405,41.4630978],[69.4231977,41.4632727],[69.4229081,41.4635457],[69.4228428,41.4636787],[69.4227961,41.4637977],[69.422656,41.4638887],[69.4224692,41.4639237],[69.4213857,41.4639097],[69.4210143,41.4639544],[69.4204111,41.4641197],[69.4199054,41.4641409],[69.4196391,41.4641126],[69.4194337,41.4640567],[69.4184249,41.4638817],[69.4176777,41.4637557],[69.4174162,41.4636997],[69.4169866,41.4634897],[69.4167811,41.4634267],[69.4165383,41.4634127],[69.4158097,41.4635107],[69.4155856,41.4635737],[69.4153241,41.4637767],[69.4151466,41.4639797],[69.4151559,41.4641336],[69.4152307,41.4642596],[69.4154081,41.4643926],[69.415707,41.4644836],[69.4159031,41.4645606],[69.4160619,41.4646166],[69.4163234,41.4647566],[69.4164542,41.4648405],[69.4165663,41.4650715],[69.41667,41.465627],[69.4166326,41.46583],[69.4164458,41.4660539],[69.4162777,41.4662079],[69.4159695,41.4662989],[69.4156052,41.4662989],[69.4152877,41.4662779],[69.4146712,41.4660469],[69.4145031,41.4660399],[69.4140828,41.4661169],[69.4136438,41.4662289],[69.4135318,41.4663199],[69.4135131,41.4664109],[69.4135318,41.4665228],[69.41384,41.4668238],[69.4139894,41.4670128],[69.4140735,41.4671667],[69.4140548,41.4673207],[69.4139707,41.4674957],[69.4135598,41.4676287],[69.4125697,41.4678316],[69.4121961,41.4679366],[69.4120187,41.4680276],[69.4118039,41.4682165],[69.4115984,41.4683565],[69.4112154,41.4684965],[69.4110286,41.4686925],[69.4110006,41.4689444],[69.411038,41.4691264],[69.4111874,41.4693293],[69.4116264,41.4695953],[69.4121121,41.4700572],[69.4121681,41.4702041],[69.4121494,41.4703301],[69.4120467,41.4704281],[69.4118225,41.4704701],[69.4112902,41.4704141],[69.4102721,41.4702111],[69.4100106,41.4702111],[69.4094035,41.4700642],[69.4089458,41.4700642],[69.4084228,41.4701761],[69.4080585,41.4702321],[69.407741,41.4701761],[69.4073954,41.4700222],[69.4069097,41.4698822],[69.4064359,41.4698571],[69.4056741,41.4696565],[69.4051824,41.469631],[69.4048681,41.4695775],[69.4046591,41.4694802],[69.404521,41.469267],[69.4042709,41.4690258],[69.4039949,41.4688531],[69.4032613,41.4686116],[69.4027009,41.4683824],[69.4022439,41.4681137],[69.4011484,41.4677787],[69.4006353,41.467681],[69.3996783,41.4676051],[69.3990106,41.4674901],[69.3982282,41.4675671],[69.3977749,41.4675309],[69.3971653,41.4674604],[69.3967425,41.4674598],[69.3960759,41.467547],[69.3958183,41.4676197],[69.3954911,41.4677519],[69.3951452,41.467814],[69.3946216,41.4678403],[69.394253,41.4677616],[69.3937611,41.4676066],[69.3931316,41.4674154],[69.3924928,41.467208],[69.3922691,41.4671779],[69.39184,41.4671059],[69.3902794,41.4666674],[69.3892154,41.4664888],[69.3884986,41.4665065],[69.3881275,41.4664962],[69.3874389,41.466388],[69.3866756,41.4663637],[69.3861738,41.4662835],[69.3856855,41.4663252],[69.3854163,41.4663145],[69.3846975,41.4661836],[69.3844363,41.4661576],[69.3840048,41.4662431],[69.3838348,41.4662307],[69.3832393,41.4659906],[69.3829054,41.4658904],[69.3821463,41.4658344],[69.3807229,41.4655414],[69.3802243,41.4654723],[69.3799005,41.4653533],[69.3797169,41.4653393],[69.3794804,41.4653673],[69.3790933,41.4655036],[69.3787435,41.4655979],[69.3782513,41.4656679],[69.377648,41.4657264],[69.3774182,41.4656869],[69.3771828,41.465706],[69.3764132,41.465856],[69.3757333,41.4659041],[69.3751953,41.4658463],[69.3748545,41.4658137],[69.3736357,41.4659351],[69.3728318,41.4660266],[69.3724576,41.4661041],[69.3720039,41.4663111],[69.3716624,41.4663712],[69.3712768,41.4664433],[69.3713197,41.4666539],[69.3712431,41.4667486],[69.3710544,41.4668364],[69.3696551,41.4672225],[69.3659373,41.4679671],[69.3657034,41.4680469],[69.3651412,41.4684612],[69.3632978,41.4695447],[69.3605964,41.469471],[69.3603822,41.4695199],[69.3599672,41.4695164],[69.3599264,41.4697122],[69.3598278,41.4697951],[69.359561,41.4706406],[69.3590762,41.4707883],[69.3591915,41.4711974],[69.3586771,41.4713984],[69.3588259,41.4716172],[69.3586218,41.4716363],[69.3584176,41.4716554],[69.3579898,41.4717806],[69.3579243,41.4717837],[69.3573878,41.4719047],[69.3546403,41.4726048],[69.3545103,41.4721204],[69.354511,41.4719614],[69.3546059,41.4716855],[69.3545155,41.4708396],[69.354372,41.4703656],[69.3542719,41.4692775],[69.3541836,41.4684032],[69.3542142,41.4682812],[69.3545003,41.4680033],[69.3547491,41.4675434],[69.3545121,41.4675166],[69.3541646,41.4673537],[69.3539779,41.4671531],[69.3537451,41.4666908],[69.3533569,41.466351],[69.3531422,41.4662319],[69.3524512,41.4660496],[69.3518214,41.4656039],[69.3515058,41.4655156],[69.3511304,41.4655639],[69.3506582,41.4654952],[69.3504898,41.4654255],[69.3497901,41.4648626],[69.3496197,41.4646686],[69.3496069,41.4645198],[69.3497703,41.4643239],[69.3497876,41.4639142],[69.3496573,41.463782],[69.3494411,41.4637411],[69.3480067,41.4636609],[69.3470777,41.4634167],[69.3468445,41.4633208],[69.3465417,41.4629846],[69.3460698,41.4626633],[69.3457156,41.4622524],[69.3455982,41.4620317],[69.3454682,41.461591],[69.3452155,41.4611003],[69.3452827,41.4604841],[69.3451156,41.4598078],[69.3450954,41.4596464],[69.3453257,41.4592531],[69.3452107,41.4590344],[69.344706,41.4587891],[69.3444202,41.4587891],[69.3442278,41.4588241],[69.344012,41.4590167],[69.3439241,41.459115],[69.3438361,41.4595073],[69.343742,41.4597199],[69.3434778,41.4599106],[69.3433479,41.4601271],[69.3431313,41.4604409],[69.3428375,41.4605121],[69.342581,41.4604854],[69.3423286,41.4603759],[69.3421664,41.4601519],[69.3418879,41.4597432],[69.341571,41.4594466],[69.3414259,41.4591544],[69.3413112,41.4588502],[69.3411778,41.458686],[69.3402844,41.4584047],[69.3399259,41.4582974],[69.339592,41.4583471],[69.3393877,41.4584574],[69.3392756,41.4586311],[69.3392755,41.4589028],[69.3391879,41.4591042],[69.3391043,41.4592084],[69.3389453,41.4593032],[69.3387534,41.4592413],[69.3384435,41.4590233],[69.3382991,41.4589817],[69.3381506,41.4590192],[69.337792,41.4591708],[69.3375912,41.4591538],[69.3374092,41.4590609],[69.337005,41.4584218],[69.3369795,41.4581627],[69.3370942,41.4577426],[69.3370873,41.4576096],[69.3369806,41.4575126],[69.3368059,41.457499],[69.3363883,41.4576815],[69.3358681,41.4577445],[69.3356188,41.4577095],[69.335452,41.4575482],[69.3349301,41.4574989],[69.3347279,41.4574543],[69.3345725,41.4573394],[69.3345758,41.4571825],[69.3347393,41.4570291],[69.3350056,41.4569807],[69.3358141,41.4568661],[69.3360461,41.4567744],[69.3360783,41.4566487],[69.3360078,41.456509],[69.3358672,41.4564129],[69.3353343,41.4562748],[69.3349496,41.4559776],[69.3348731,41.4558833],[69.3347423,41.4554179],[69.3345711,41.4551904],[69.3338022,41.4548718],[69.3334717,41.4548515],[69.3331973,41.4548031],[69.3329033,41.4547615],[69.3328194,41.4547131],[69.3327785,41.4546627],[69.3328041,41.4545783],[69.3328372,41.4543556],[69.3327846,41.454231],[69.3326537,41.4541749],[69.3324124,41.4540501],[69.3321943,41.4538659],[69.3320196,41.4536154],[69.3319757,41.4534279],[69.3319382,41.4531916],[69.3318652,41.4531215],[69.3317568,41.4530697],[69.3314808,41.4529729],[69.3311939,41.4528196],[69.3310273,41.4526718],[69.3308175,41.4522987],[69.330685,41.4521301],[69.330475,41.451984],[69.3301929,41.4519013],[69.3299363,41.4518452],[69.3296709,41.4517468],[69.3295182,41.4516516],[69.3294017,41.4515272],[69.3292098,41.4511892],[69.3290252,41.4510668],[69.3285347,41.4508636],[69.3283313,41.4507595],[69.3279375,41.4505079],[69.3276314,41.4502697],[69.3274345,41.4500547],[69.3271619,41.4496951],[69.326981,41.4496123],[69.3267441,41.4496276],[69.3264833,41.4497167],[69.3263121,41.4498602],[69.3261223,41.4500738],[69.3259328,41.4501337],[69.3257545,41.450077],[69.3255014,41.4498033],[69.3253226,41.4497914],[69.3249197,41.4499195],[69.3246929,41.4499656],[69.3242597,41.4499115],[69.3238602,41.4498933],[69.3234477,41.4499185],[69.3227556,41.4499994],[69.3226043,41.4499812],[69.3225012,41.4499225],[69.3224581,41.4498386],[69.3224608,41.4497676],[69.3224944,41.449618],[69.3225181,41.4495187],[69.3224837,41.4494245],[69.3224604,41.4493569],[69.3224468,41.4492423],[69.3224574,41.4490418],[69.3224655,41.4489671],[69.3224519,41.4488958],[69.3224786,41.44877],[69.3226332,41.4485168],[69.3226507,41.4484066],[69.3226167,41.4482996],[69.3225283,41.4481901],[69.3223172,41.4480481],[69.3218917,41.4480067],[69.321733,41.4479302],[69.3216718,41.447841],[69.3215545,41.4477609],[69.3213251,41.4476754],[69.3208954,41.4475305],[69.3206385,41.4474691],[69.3203496,41.4473799],[69.3202728,41.4472396],[69.3203258,41.4470487],[69.3203858,41.4468493],[69.3203564,41.4467786],[69.3202884,41.4467226],[69.3200869,41.4466106],[69.3196609,41.4462425],[69.3194725,41.4461734],[69.3192927,41.4461507],[69.3191601,41.4461482],[69.3190135,41.4461067],[69.3189395,41.4460232],[69.3188251,41.4458969],[69.3187007,41.4457772],[69.3182676,41.4454633],[69.3179056,41.4450673],[69.3178734,41.4449807],[69.3178565,41.4448738],[69.3179464,41.4447845],[69.3180365,41.4447527],[69.3181011,41.4447025],[69.3181351,41.4446304],[69.3181147,41.4445527],[69.3179924,41.4444472],[69.3176575,41.444252],[69.3173647,41.4440837],[69.3171953,41.4439208],[69.3170759,41.4432178],[69.3169493,41.4429313],[69.3168469,41.4427921],[69.316699,41.4427242],[69.3165046,41.4426161],[69.316459,41.4425908],[69.3163869,41.4425568],[69.3159429,41.442357],[69.3152065,41.441989],[69.3140518,41.441739],[69.3137721,41.4416274],[69.313644,41.4415054],[69.3136327,41.4413829],[69.3136854,41.4412015],[69.3139218,41.4410514],[69.314188,41.4406652],[69.3143,41.4404619],[69.3142982,41.440333],[69.3142446,41.4402335],[69.3140895,41.4400465],[69.3138929,41.4399641],[69.3136604,41.4400114],[69.3133728,41.4401489],[69.3131387,41.4403212],[69.3129396,41.4405927],[69.3126976,41.4406837],[69.3125668,41.4407116],[69.3124297,41.4407029],[69.3123098,41.4406768],[69.3119343,41.4405531],[69.3115403,41.4404277],[69.3111478,41.4403627],[69.3109634,41.4403407],[69.3108956,41.4402915],[69.3108689,41.4402329],[69.3109445,41.440057],[69.3111458,41.439841],[69.3112809,41.4396135],[69.3112187,41.4394323],[69.3110699,41.4392721],[69.3107663,41.4389531],[69.3105356,41.4388706],[69.3102639,41.438863],[69.3100018,41.4388755],[69.3095744,41.4390536],[69.3093332,41.4390328],[69.3090009,41.4390509],[69.3084292,41.4390841],[69.3079146,41.4393758],[69.3077536,41.4393776],[69.307569,41.4393082],[69.3071642,41.4391921],[69.3068915,41.4389824],[69.3065526,41.438866],[69.3062704,41.4386771],[69.3059857,41.4385465],[69.3058283,41.4385973],[69.3055411,41.438737],[69.3052235,41.4388642],[69.3052215,41.4389497],[69.305466,41.4391383],[69.3056335,41.4394426],[69.3057412,41.4397634],[69.3057674,41.4399683],[69.3057993,41.4401587],[69.3057621,41.440222],[69.3056417,41.4402156],[69.3055117,41.4401546],[69.3053934,41.4400293],[69.3048608,41.439616],[69.3045337,41.4394337],[69.3041639,41.4392833],[69.3034924,41.4389954],[69.3033412,41.4388742],[69.3033471,41.4387001],[69.3033894,41.4384965],[69.3032955,41.4383591],[69.3031295,41.4383124],[69.3029602,41.4383274],[69.3028144,41.4384134],[69.3025945,41.4386715],[69.3024318,41.4387813],[69.3022725,41.4388961],[69.3020809,41.4391254],[69.3019796,41.4393385],[69.3019383,41.4393613],[69.3014385,41.4395075],[69.3011602,41.4394971],[69.3010195,41.4394763],[69.3009086,41.4393886],[69.3008952,41.4392576],[69.3009032,41.4390709],[69.3011026,41.4386916],[69.3010973,41.4384552],[69.3011518,41.43775],[69.3010646,41.4374785],[69.301001,41.43742],[69.3008963,41.4373807],[69.300704,41.4373276],[69.30065,41.4372884],[69.3006547,41.4372576],[69.3006662,41.4371832],[69.3007886,41.4370369],[69.3008409,41.4368657],[69.300807,41.436783],[69.3007172,41.4367319],[69.3005638,41.4367184],[69.3003161,41.4367715],[69.3000112,41.4368008],[69.299902,41.4368407],[69.2998743,41.4369146],[69.2998897,41.4371038],[69.2998619,41.4372607],[69.2997929,41.4373906],[69.2996372,41.4374777],[69.2994956,41.4375146],[69.2992544,41.4375571],[69.2989907,41.43754],[69.2986459,41.4374915],[69.2983996,41.4374938],[69.2975407,41.43748],[69.2973395,41.437433],[69.2972237,41.4373507],[69.2971375,41.4371592],[69.2970488,41.4368979],[69.2970574,41.4368176],[69.2971159,41.4367645],[69.2972085,41.4366223],[69.2972298,41.4364737],[69.2972032,41.4363479],[69.297119,41.4361796],[69.2969795,41.4360298],[69.2967113,41.4358349],[69.2965314,41.4356923],[69.2964633,41.4356221],[69.2963278,41.4356349],[69.2962165,41.4357518],[69.2960899,41.4363033],[69.2959425,41.43648],[69.2957096,41.4365212],[69.2955682,41.4365221],[69.2955086,41.4365661],[69.2955422,41.4366241],[69.2956175,41.4366999],[69.295808,41.436848],[69.2958819,41.4369804],[69.2958812,41.4371452],[69.2958156,41.4373008],[69.2957011,41.4374193],[69.2955643,41.437529],[69.2954269,41.4377905],[69.2953624,41.4378289],[69.2952794,41.4378529],[69.2952085,41.4378537],[69.2951347,41.437831],[69.2949737,41.4377461],[69.2946893,41.4377665],[69.2941508,41.4378282],[69.2940744,41.4378106],[69.2934487,41.4375471],[69.2932484,41.4375045],[69.2931253,41.4374599],[69.2930244,41.4372967],[69.2929369,41.4371367],[69.2928146,41.4370726],[69.2926973,41.4370977],[69.2925803,41.4372259],[69.2925104,41.4373976],[69.2924562,41.4375654],[69.292364,41.4377224],[69.2919754,41.4379429],[69.2917686,41.4381091],[69.2916922,41.438205],[69.2916952,41.4383291],[69.2918897,41.438513],[69.2919859,41.4385563],[69.2921869,41.4386204],[69.2924737,41.4386179],[69.2926363,41.438648],[69.2927773,41.4386906],[69.2930292,41.438851],[69.2931009,41.4389604],[69.2930932,41.4390733],[69.2929551,41.4394052],[69.2929452,41.4395813],[69.2929056,41.439737],[69.2927807,41.4397917],[69.2926064,41.4397926],[69.29246,41.4397703],[69.292161,41.4396864],[69.2920054,41.4396838],[69.2918813,41.4397126],[69.2917391,41.4397192],[69.291612,41.4396419],[69.2914249,41.4395042],[69.291105,41.439385],[69.2907633,41.4392566],[69.290563,41.4392814],[69.2903812,41.4393561],[69.2902808,41.4395184],[69.2902308,41.4397205],[69.290246,41.4399458],[69.2902833,41.4400246],[69.2903567,41.440094],[69.2906032,41.4401753],[69.2908381,41.4403095],[69.2909774,41.440499],[69.2911452,41.4406812],[69.2912291,41.4408686],[69.2912703,41.4410645],[69.2912606,41.4411766],[69.2912256,41.4413174],[69.2911487,41.4413777],[69.2910516,41.4414081],[69.2909616,41.4414026],[69.2906259,41.4413357],[69.290437,41.4413195],[69.2903077,41.4413698],[69.290243,41.4414417],[69.2902588,41.441573],[69.2903532,41.441704],[69.2905036,41.4419544],[69.2904787,41.4420484],[69.2904074,41.442088],[69.2898322,41.4421365],[69.2895997,41.4421392],[69.2895516,41.4420874],[69.289542,41.4420042],[69.2896224,41.4418416],[69.2896454,41.4416033],[69.2895829,41.4409786],[69.2894615,41.4408574],[69.2893296,41.4408249],[69.2891363,41.4408731],[69.2889038,41.4409609],[69.2873409,41.4415156],[69.2871154,41.4415866],[69.2868781,41.4416256],[69.2867322,41.4416293],[69.2866485,41.441638],[69.286569,41.4417618],[69.2865381,41.4419685],[69.2865331,41.4421269],[69.2865158,41.4422039],[69.2864684,41.442267],[69.2863885,41.442354],[69.286276,41.4424355],[69.2862302,41.4426255],[69.2860205,41.4428761],[69.2855832,41.4431065],[69.2854649,41.4432506],[69.2854958,41.4433633],[69.2856741,41.4434498],[69.2857496,41.4435398],[69.2857195,41.4436674],[69.2856517,41.4440229],[69.2855229,41.4440952],[69.2854707,41.4441672],[69.285334,41.4442623],[69.285235,41.4444449],[69.2851689,41.4444973],[69.2850616,41.4444813],[69.2849221,41.4444813],[69.2848256,41.4445215],[69.2847183,41.4444973],[69.2845573,41.4445617],[69.2842677,41.4447708],[69.284096,41.4448432],[69.2839458,41.4448432],[69.2837527,41.4449075],[69.2836883,41.4449638],[69.2836239,41.4451086],[69.2834308,41.4452212],[69.2830768,41.4452855],[69.2827656,41.4453337],[69.282433,41.4453257],[69.2821755,41.4453498],[69.2820682,41.4454302],[69.2818537,41.4455911],[69.2814996,41.445768],[69.2812958,41.4459449],[69.2812573,41.4461053],[69.2813109,41.4462259],[69.2812895,41.4463304],[69.281268,41.446443],[69.2812895,41.4466119],[69.2813324,41.4469577],[69.2813002,41.4471025],[69.2811822,41.4472311],[69.2811071,41.4474242],[69.280914,41.4476574],[69.2806457,41.4478665],[69.2805155,41.4479926],[69.2803131,41.4482283],[69.2799698,41.4485098],[69.2796587,41.4486948],[69.2795085,41.4488797],[69.2791759,41.4491451],[69.2788218,41.4493059],[69.2785858,41.4494668],[69.2782747,41.4497643],[69.2780386,41.4498769],[69.2776202,41.4499573],[69.277352,41.4500699],[69.2771481,41.4501021],[69.2770516,41.450279],[69.2768477,41.4504076],[69.2765688,41.4505122],[69.2758285,41.4506811],[69.2753779,41.4507776],[69.2747449,41.4508017],[69.2745303,41.4508338],[69.2737149,41.4511475],[69.273436,41.45126],[69.2730283,41.4513646],[69.2728694,41.4514503],[69.27276,41.4515093],[69.272642,41.4515656],[69.2723845,41.4515978],[69.27217,41.4517506],[69.2721163,41.4519034],[69.2720198,41.4520561],[69.2718588,41.4521285],[69.2716872,41.4522331],[69.2713224,41.4523617],[69.2711171,41.452319],[69.2709347,41.4523592],[69.2707201,41.4523673],[69.270409,41.4522708],[69.2701622,41.4522868],[69.2700013,41.4522145],[69.2698189,41.4522225],[69.2694756,41.452126],[69.2689928,41.4521743],[69.2688533,41.4521421],[69.2686387,41.4521903],[69.2684992,41.4520778],[69.2682954,41.4520778],[69.2680336,41.4519251],[69.2679091,41.4519009],[69.2678019,41.4519169],[69.267716,41.4519893],[69.2675229,41.4520295],[69.2674371,41.4521099],[69.2672761,41.452126],[69.2670723,41.4522145],[69.2669543,41.4522225],[69.266611,41.452311],[69.2664286,41.4522547],[69.2662462,41.4522708],[69.2659029,41.4521743],[69.2657741,41.4521743],[69.2656239,41.452118],[69.265463,41.4521421],[69.2653235,41.4521019],[69.2652269,41.452118],[69.2649478,41.45202],[69.2647871,41.4520456],[69.2646476,41.4520295],[69.264551,41.4520617],[69.2644008,41.4521501],[69.264315,41.4521099],[69.264036,41.4521019],[69.2637249,41.4522386],[69.2635318,41.4522306],[69.2632743,41.4523271],[69.2630168,41.45252],[69.2628666,41.452512],[69.2627057,41.4526165],[69.2624279,41.4526538],[69.2622709,41.4528565],[69.2620706,41.4529304],[69.2618399,41.453118],[69.2618111,41.453233],[69.2615829,41.4533123],[69.2614839,41.453452],[69.2613342,41.4537073],[69.2614458,41.453715],[69.2614604,41.4537952],[69.2615381,41.453871],[69.2614352,41.4539137],[69.2613527,41.4539979],[69.2609795,41.4541063],[69.261033,41.4541713],[69.2609474,41.4542993],[69.2608153,41.4542315],[69.2605514,41.4543574],[69.2606062,41.4544407],[69.2604786,41.4544671],[69.2602309,41.4545666],[69.2601124,41.4546541],[69.2600303,41.4547564],[69.2597022,41.4548299],[69.259511,41.4550453],[69.259344,41.4550854],[69.2591631,41.4550932],[69.2586693,41.455349],[69.2583554,41.4554988],[69.2581905,41.4556379],[69.2574395,41.4565079],[69.2569095,41.4568793],[69.2567105,41.4570087],[69.256361,41.4573037],[69.2562938,41.4574496],[69.2561412,41.4575485],[69.2559563,41.4577322],[69.2558933,41.4578937],[69.2557672,41.457999],[69.2553485,41.4585885],[69.2552415,41.4587372],[69.2551997,41.4588956],[69.255129,41.4590072],[69.2551114,41.4591546],[69.2548187,41.4593759],[69.2547935,41.4595517],[69.2546048,41.4595724],[69.2545152,41.4596139],[69.2544197,41.459658],[69.254334,41.4597569],[69.2543727,41.4598342],[69.2543452,41.4600155],[69.2541699,41.4601264],[69.2540754,41.4602616],[69.2537734,41.4604834],[69.253686,41.4606367],[69.2534465,41.4608344],[69.2533068,41.4611452],[69.2529733,41.4613833],[69.2527338,41.4618291],[69.2523975,41.4622143],[69.2522906,41.4623561],[69.2522644,41.4628306],[69.2521544,41.4631223],[69.2519799,41.4637044],[69.2519001,41.4640634],[69.2518049,41.464295],[69.2516936,41.464454],[69.2514064,41.4646993],[69.250832,41.4653715],[69.2504318,41.4659426],[69.2503124,41.4661374],[69.2500639,41.4663201],[69.2494073,41.4659345],[69.2488658,41.465663],[69.2480676,41.4655794],[69.2476127,41.4654958],[69.2471578,41.4651935],[69.2468145,41.4648204],[69.2466703,41.4647299],[69.2457073,41.4641258],[69.2449005,41.4634118],[69.2447546,41.4625242],[69.2446749,41.4623839],[69.2445829,41.4622219],[69.2444112,41.4621576],[69.2436216,41.4621126],[69.2429006,41.4621254],[69.2413213,41.4624985],[69.2407892,41.4624792],[69.2403686,41.4623248],[69.2399824,41.4619711],[69.239682,41.4612764],[69.2393816,41.4607875],[69.2389181,41.4604852],[69.2385404,41.4596555],[69.2382228,41.4595204],[69.2355535,41.458845],[69.235148,41.458712],[69.2348669,41.4586198],[69.2345493,41.4586198],[69.2335043,41.4586681],[69.233143,41.4587453],[69.2328783,41.4588707],[69.2326492,41.4591216],[69.2323628,41.4592695],[69.2320903,41.4593258],[69.231674,41.4592696],[69.2314079,41.4591923],[69.230946,41.459228],[69.2305774,41.4593477],[69.2301926,41.4595989],[69.229876,41.4598728],[69.2292557,41.4607246],[69.229146,41.4608753],[69.2289521,41.4612471],[69.2287396,41.4617588],[69.2283216,41.4623293],[69.2280344,41.4625639],[69.2277669,41.4626886],[69.2273764,41.4628136],[69.2269859,41.4628547],[69.2267559,41.4628458],[69.2261974,41.4627625],[69.2259937,41.4626932],[69.2255542,41.4623827],[69.2251347,41.4621661],[69.2244349,41.4619074],[69.2241749,41.4617401],[69.2234395,41.4609822],[69.223302,41.4607773],[69.2231939,41.4602987],[69.2229836,41.459982],[69.2226408,41.4596239],[69.2223635,41.4595178],[69.2219582,41.4594735],[69.2217214,41.4594734],[69.2214005,41.4595713],[69.2209456,41.4597449],[69.2206962,41.4598227],[69.2204888,41.4598347],[69.2202066,41.4598047],[69.2196761,41.4596413],[69.219393,41.4595771],[69.2191286,41.4595548],[69.218456,41.4595428],[69.2182425,41.459547],[69.2181168,41.4595286],[69.2177746,41.4594515],[69.2170664,41.4592107],[69.2168828,41.459046],[69.2166992,41.4587833],[69.2163446,41.4585041],[69.2160571,41.458341],[69.2155676,41.4581948],[69.215349,41.4580345],[69.2146623,41.4579251],[69.214216,41.4577957],[69.2138071,41.4576663],[69.2135122,41.4576035],[69.2128654,41.4575691],[69.2122934,41.4575906],[69.2110403,41.4577193],[69.2106197,41.4577193],[69.2102074,41.4576397],[69.2098697,41.4574762],[69.2095211,41.4571661],[69.2093389,41.4569565],[69.2092126,41.456677],[69.209124,41.4557246],[69.2089354,41.4554482],[69.2085202,41.455309],[69.2081402,41.4552042],[69.2078511,41.4550909],[69.207555,41.4549759],[69.2071466,41.4547327],[69.2063196,41.4540972],[69.2058195,41.4539097],[69.2053414,41.4538162],[69.204957,41.453789],[69.2045725,41.4538318],[69.2042333,41.4539874],[69.2041151,41.4542037],[69.2041837,41.4545671],[69.2041715,41.4548038],[69.2040148,41.4550573],[69.2037834,41.4552828],[69.2033206,41.4555237],[69.2029956,41.4555758],[69.2024757,41.4554518],[69.2021053,41.4552439],[69.2016395,41.4548553],[69.2011135,41.4542345],[69.2009244,41.4539634],[69.2008713,41.4537272],[69.2007718,41.4531312],[69.200455,41.4527478],[69.1990384,41.4521599],[69.1985293,41.4520026],[69.1979251,41.4519572],[69.197195,41.4521055],[69.196615,41.4525475],[69.1962027,41.4526324],[69.1955681,41.4528694],[69.1952657,41.4532709],[69.1951972,41.4538105],[69.1950018,41.4541004],[69.1946413,41.4542731],[69.1939072,41.4543209],[69.1933798,41.4540238],[69.1929658,41.4535088],[69.1928085,41.4532403],[69.1924267,41.4530661],[69.1921976,41.4530712],[69.1916961,41.4532571],[69.1914934,41.4532539],[69.191181,41.4530788],[69.1910211,41.452857],[69.1910002,41.4526561],[69.1910481,41.4522344],[69.190984,41.4519574],[69.1907562,41.4517675],[69.1903784,41.4515977],[69.19007,41.4515168],[69.189743,41.4515573],[69.1890911,41.4517803],[69.188117,41.451995],[69.1871765,41.4523147],[69.1869008,41.4524647],[69.1865908,41.4526764],[69.1863888,41.4527181],[69.186137,41.4526572],[69.1856433,41.4523748],[69.185397,41.4521227],[69.1851772,41.451864],[69.1848327,41.4514163],[69.1845976,41.4510015],[69.1845057,41.4507733],[69.1845274,41.4505036],[69.1845956,41.4502233],[69.1847137,41.4499662],[69.185263,41.4495673],[69.1858037,41.4490333],[69.1859118,41.4488407],[69.1859327,41.4485734],[69.1858625,41.448375],[69.1854973,41.4481007],[69.1853076,41.4480451],[69.184819,41.448069],[69.1844271,41.447986],[69.1840826,41.4478809],[69.1838014,41.4476516],[69.1833944,41.4474543],[69.1827915,41.4470813],[69.1826504,41.4467579],[69.1825781,41.4464767],[69.1825422,41.4459452],[69.182433,41.445781],[69.1822988,41.4456729],[69.1810622,41.4452538],[69.1808919,41.4451837],[69.1807591,41.4450481],[69.1805851,41.4444624],[69.1803318,41.4440431],[69.1801837,41.4436],[69.1802198,41.443035],[69.1801937,41.4428528],[69.1800273,41.4426511],[69.1798644,41.4423227],[69.1797464,41.4417869],[69.1795491,41.4414557],[69.1791956,41.4411728],[69.1790348,41.4410646],[69.1789287,41.4408946],[69.1775383,41.4385461],[69.1775084,41.4383295],[69.1775556,41.4381832],[69.1776959,41.4380924],[69.1785834,41.4377588],[69.1786899,41.4376604],[69.1787667,41.4375329],[69.1787377,41.4373213],[69.1785567,41.437193],[69.1776727,41.4366953],[69.1770803,41.4364258],[69.176614,41.4363542],[69.1762319,41.4363651],[69.1759246,41.4364227],[69.1756086,41.4365503],[69.1753067,41.4367573],[69.1751582,41.4369542],[69.1750595,41.4372165],[69.1748775,41.4381278],[69.1748982,41.4383251],[69.1752743,41.438764],[69.1753363,41.4388721],[69.1753112,41.4390642],[69.1749994,41.4398311],[69.1749588,41.4401018],[69.1749805,41.4402512],[69.1752346,41.4406449],[69.1753245,41.4408342],[69.1752899,41.4409653],[69.1752179,41.441073],[69.1747936,41.4412091],[69.1744377,41.4412566],[69.1741224,41.4412066],[69.1738427,41.4411201],[69.173507,41.4409589],[69.1727165,41.4410128],[69.1714425,41.4407047],[69.1682624,41.4393066],[69.1662123,41.438438],[69.1658951,41.4379504],[69.1664287,41.4369883],[69.1667014,41.4362538],[69.1671125,41.4353318],[69.1669214,41.4350015],[69.1665898,41.4350371],[69.1656168,41.4347375],[69.1654097,41.4345849],[69.1651175,41.4342295],[69.164882,41.4341165],[69.1642947,41.4340152],[69.1637426,41.4339246],[69.1627067,41.4335527],[69.1619342,41.4332181],[69.1612733,41.4331666],[69.160859,41.4332193],[69.1605702,41.43334],[69.1602744,41.4334873],[69.1598572,41.4339287],[69.1595433,41.4341551],[69.15919,41.4342039],[69.158846,41.4341616],[69.1586997,41.434049],[69.15865,41.4337818],[69.1584766,41.4335118],[69.1582658,41.433368],[69.15793,41.4332927],[69.1576629,41.4332862],[69.1574705,41.4333427],[69.1573795,41.4334536],[69.1573407,41.4336411],[69.1574851,41.4340143],[69.1574837,41.4342452],[69.1574533,41.4343918],[69.1573883,41.4344919],[69.1571179,41.4345499],[69.1567995,41.4345584],[69.1563832,41.4344159],[69.1562444,41.4342986],[69.1561659,41.4339276],[69.1562462,41.4333957],[69.1562098,41.4331359],[69.156094,41.4329089],[69.1556536,41.432643],[69.1551105,41.4326012],[69.1545018,41.4327875],[69.1542072,41.4328413],[69.1539854,41.4327624],[69.1537356,41.4325504],[69.1536322,41.4322784],[69.1534445,41.432025],[69.1532289,41.4318969],[69.1530636,41.4318225],[69.1528963,41.431694],[69.1529528,41.4316058],[69.153334,41.4315128],[69.1536001,41.4314059],[69.1538661,41.4311589],[69.1542013,41.4309094],[69.1542655,41.4307467],[69.1542756,41.4304674],[69.1542671,41.4300915],[69.1541961,41.4299824],[69.1538738,41.4296478],[69.153374,41.4294112],[69.1529163,41.4292041],[69.1526171,41.4289721],[69.1522853,41.4287627],[69.1520526,41.4286726],[69.1517082,41.4287275],[69.1515505,41.4287824],[69.151392,41.4289213],[69.1512429,41.4291161],[69.1510566,41.4295059],[69.1510951,41.4297112],[69.1511503,41.4299527],[69.1511453,41.4302258],[69.1513398,41.4309625],[69.1513427,41.4313648],[69.1509994,41.4316866],[69.150476,41.4318307],[69.1499179,41.4318989],[69.1496366,41.4318684],[69.1493858,41.4317381],[69.148888,41.4312747],[69.1487163,41.430998],[69.1487095,41.4308188],[69.1487961,41.4306116],[69.1490245,41.4304965],[69.1495332,41.4303114],[69.1498819,41.4301675],[69.1500834,41.4299188],[69.1502858,41.4297727],[69.1504158,41.4296072],[69.1504931,41.429364],[69.1504269,41.4291386],[69.1501497,41.4287639],[69.1501014,41.4285863],[69.1502808,41.428213],[69.1502345,41.4278882],[69.1499641,41.4270933],[69.1502011,41.4270205],[69.1503606,41.4269733],[69.1505294,41.4270452],[69.1507161,41.427026],[69.1512292,41.4269553],[69.151889,41.4267847],[69.1525131,41.4267517],[69.1541802,41.4263861],[69.1556508,41.4260426],[69.1563104,41.4257879],[69.1570137,41.4256594],[69.1578908,41.4253833],[69.1580878,41.4251953],[69.158901,41.4249863],[69.1594206,41.4249702],[69.1599252,41.424506],[69.160423,41.423892],[69.1605635,41.4226678],[69.160903,41.42147],[69.1611134,41.4204755],[69.1615211,41.4195482],[69.1617665,41.4191822],[69.1617777,41.4190651],[69.1617667,41.4188599],[69.1618519,41.4185161],[69.1622547,41.417696],[69.162355,41.4175431],[69.162736,41.4166427],[69.1627678,41.4162846],[69.1631303,41.4151901],[69.1639919,41.4132627],[69.164237,41.4130444],[69.1644773,41.4123088],[69.1646535,41.412025],[69.1646669,41.411701],[69.1648884,41.4113569],[69.1649978,41.4108867],[69.16513,41.4105237],[69.1652708,41.4103492],[69.1656358,41.4095442],[69.1659699,41.4090715],[69.1659863,41.4089419],[69.1658574,41.4085885],[69.1659153,41.4084383],[69.1660778,41.4082359],[69.1666455,41.4075167],[69.1671571,41.4064472],[69.1677133,41.4056533],[69.1680411,41.4050743],[69.1682671,41.404883],[69.1683136,41.4047871],[69.1683642,41.4046827],[69.1686519,41.4044641],[69.1690677,41.4041911],[69.1696784,41.4037977],[69.1701425,41.4034468],[69.1704479,41.403096],[69.1706804,41.4029382],[69.1707977,41.4028953],[69.1728856,41.4037982],[69.1731208,41.403823],[69.1733,41.4037637],[69.174385,41.4032735],[69.1745373,41.4032084],[69.174707,41.4031689],[69.1752063,41.4031985],[69.1753265,41.4031121],[69.1754094,41.4029417],[69.1753833,41.4027559],[69.1752819,41.4024629],[69.1752458,41.4021698],[69.1751256,41.4020125],[69.1746784,41.401533],[69.174195,41.4011764],[69.1739008,41.4010657],[69.1737793,41.4009705],[69.1737045,41.4007381],[69.1736109,41.4006795],[69.1733897,41.4006827],[69.1731686,41.4006649],[69.1727823,41.4006853],[69.1724767,41.400656],[69.1722578,41.4006675],[69.1718573,41.4007605],[69.171542,41.4007785],[69.1710797,41.4006882],[69.1708087,41.4007109],[69.1706066,41.4006484],[69.1702925,41.4004248],[69.1700192,41.4003699],[69.169566,41.4002602],[69.1690705,41.4001808],[69.1689823,41.4000939],[69.1688754,41.3998878],[69.168587,41.3993356],[69.168421,41.3992401],[69.1682571,41.3991892],[69.1678359,41.3990312],[69.1676848,41.3988835],[69.1674759,41.3982658],[69.1674532,41.3980946],[69.1675146,41.3979725],[69.1676934,41.3978403],[69.1677522,41.3977301],[69.1678137,41.3974257],[69.1679741,41.397139],[69.1679587,41.396902],[69.1680025,41.3967503],[69.1679781,41.396629],[69.1678546,41.3965546],[69.1677244,41.3964725],[69.167678,41.3964024],[69.1677017,41.3962728],[69.1677877,41.3961747],[69.1678007,41.3960766],[69.1676206,41.3957473],[69.1676296,41.3955356],[69.1675684,41.3954048],[69.1673842,41.3953485],[69.1672746,41.3952642],[69.1671115,41.3949835],[69.1670095,41.3948846],[69.1666746,41.3947708],[69.1665061,41.3946832],[69.166347,41.3946657],[69.1661968,41.3947148],[69.1660833,41.3947989],[69.1659683,41.394869],[69.1655141,41.3949673],[69.1653716,41.3949535],[69.1652175,41.39487],[69.1650213,41.3948151],[69.1648343,41.3948174],[69.1646658,41.3948919],[69.1644596,41.394943],[69.1639185,41.3949767],[69.1637696,41.3949264],[69.1636587,41.3948396],[69.1635489,41.3946662],[69.1634228,41.3945576],[69.1632826,41.3945365],[69.1630395,41.3945785],[69.1627028,41.3945223],[69.1623376,41.3945291],[69.1621582,41.3944935],[69.1618555,41.3943242],[69.1615925,41.3942587],[69.1614541,41.3941467],[69.1612285,41.3940204],[69.1610574,41.393894],[69.1608834,41.3936553],[69.1606474,41.3935282],[69.1605491,41.3934],[69.1604086,41.3932838],[69.1603414,41.3931617],[69.1603696,41.3929821],[69.160377,41.3929345],[69.1604669,41.3928305],[69.1604786,41.3927064],[69.1604085,41.3926125],[69.1602869,41.3924248],[69.1600252,41.3922874],[69.1599876,41.3921641],[69.1599782,41.3919834],[69.1598427,41.3918579],[69.1597936,41.3917252],[69.1598006,41.3914943],[69.1597623,41.3912673],[69.1595924,41.3909676],[69.1593646,41.3908306],[69.1590586,41.3905145],[69.1588296,41.3903309],[69.1585502,41.3902121],[69.1580466,41.3899392],[69.1578954,41.3898369],[69.1577839,41.3896962],[69.1577255,41.3896226],[69.1575539,41.3892779],[69.157438,41.3889425],[69.1573127,41.3887543],[69.1563946,41.3879031],[69.1551593,41.3866223],[69.1551348,41.3865743],[69.1549402,41.3865944],[69.1544057,41.3864515],[69.1541348,41.3862973],[69.1539574,41.3862693],[69.153481,41.3863464],[69.1521734,41.3864445],[69.1519282,41.386581],[69.1517486,41.3868584],[69.1516167,41.3872923],[69.1516099,41.3878995],[69.1517151,41.3882124],[69.1516875,41.3889738],[69.150845,41.392067],[69.1507216,41.3923994],[69.1505404,41.3926158],[69.149935,41.3930485],[69.1493037,41.3933853],[69.1491278,41.3934541],[69.1489396,41.393468],[69.1488745,41.3934416],[69.1487994,41.3933531],[69.1480269,41.3930633],[69.1478338,41.3930553],[69.1472115,41.3931438],[69.146718,41.3932967],[69.1461923,41.3933933],[69.1459777,41.3933933],[69.1453447,41.3933048],[69.1452374,41.3932565],[69.1451838,41.3931438],[69.1452911,41.3929265],[69.1452589,41.392838],[69.1451516,41.3928299],[69.144937,41.3929506],[69.144304,41.3932082],[69.1440894,41.3932645],[69.1433492,41.3931921],[69.1432419,41.3931438],[69.1431131,41.3929828],[69.1430487,41.3927816],[69.1429844,41.392685],[69.1428985,41.3926448],[69.1426196,41.3927011],[69.1424908,41.392677],[69.1422441,41.3925562],[69.1421046,41.3924999],[69.1419866,41.3925562],[69.1419222,41.392685],[69.1418042,41.3928219],[69.1415574,41.3929184],[69.1412248,41.393007],[69.1406455,41.3929506],[69.1405811,41.3928541],[69.1403773,41.392178],[69.1402807,41.3920894],[69.1395833,41.3919445],[69.1394439,41.3919526],[69.1394009,41.392025],[69.1394546,41.3921941],[69.1394009,41.3923389],[69.1392615,41.3924436],[69.1389825,41.3924838],[69.1386177,41.3924597],[69.138489,41.3923953],[69.1384032,41.3922504],[69.1381564,41.3920411],[69.1379096,41.3919526],[69.1372015,41.3920894],[69.1368475,41.3922504],[69.1366651,41.3922906],[69.1365149,41.3922504],[69.136311,41.3920653],[69.1362359,41.3919123],[69.1362788,41.3916628],[69.1362359,41.3914616],[69.1361394,41.3913409],[69.1358819,41.3911316],[69.1357531,41.3911316],[69.135678,41.3912443],[69.13556,41.3913892],[69.135324,41.3914455],[69.1351631,41.3914616],[69.1346373,41.3913489],[69.1343584,41.3913892],[69.1341331,41.3914697],[69.1338219,41.3916709],[69.1333284,41.3921136],[69.1331246,41.3922021],[69.1329207,41.392178],[69.1326632,41.3920653],[69.132513,41.3919123],[69.1324379,41.391687],[69.1324216,41.3912915],[69.1324573,41.3908065],[69.1314552,41.3907959],[69.1308725,41.3908851],[69.1293873,41.3910353],[69.1290578,41.3903893],[69.1285028,41.3898942],[69.1275981,41.3889324],[69.1275133,41.3889729],[69.1273918,41.3891131],[69.1272704,41.3891481],[69.127121,41.3892112],[69.1269435,41.3892532],[69.1267567,41.3893583],[69.1264111,41.3895545],[69.126271,41.3896526],[69.126159,41.3897507],[69.1259161,41.3899189],[69.1256639,41.390017],[69.1255519,41.3901011],[69.1253464,41.3901922],[69.1251876,41.3903603],[69.1249728,41.3904654],[69.1246926,41.3905986],[69.124403,41.3906756],[69.1242162,41.3907177],[69.1240855,41.3907948],[69.1240201,41.3908858],[69.123852,41.391026],[69.1236465,41.3911381],[69.1234877,41.3912292],[69.1231702,41.3913623],[69.1229834,41.3915095],[69.1227966,41.3915795],[69.1226938,41.3916776],[69.1225164,41.3917197],[69.1224136,41.3917827],[69.1222642,41.3919369],[69.1221334,41.392056],[69.121956,41.3921261],[69.1217692,41.3921261],[69.1216664,41.392077],[69.1214423,41.392042],[69.1211714,41.392042],[69.1210126,41.392063],[69.1209379,41.3921121],[69.1208352,41.3920981],[69.1207604,41.392035],[69.1206484,41.392077],[69.1205269,41.392035],[69.1203308,41.39207],[69.1200506,41.392049],[69.1198171,41.392007],[69.119621,41.392042],[69.1193127,41.3921121],[69.1191726,41.392084],[69.1190325,41.3921051],[69.1188177,41.3921051],[69.1184628,41.3921751],[69.118276,41.3921751],[69.1180051,41.3920981],[69.1178277,41.392091],[69.1176969,41.3921681],[69.1174914,41.3922172],[69.1173046,41.3922452],[69.1170618,41.3922382],[69.116931,41.3922802],[69.1166695,41.3922802],[69.1165855,41.3921471],[69.1163987,41.3921541],[69.1162679,41.3922242],[69.1160718,41.3922592],[69.1157262,41.3921541],[69.1153806,41.3921051],[69.1151658,41.3919929],[69.1150817,41.3919369],[69.1149323,41.3919439],[69.1147922,41.3919019],[69.1145867,41.3918528],[69.1144186,41.3917267],[69.1142598,41.3916846],[69.114129,41.3916216],[69.1139609,41.3915515],[69.1137554,41.3914744],[69.113606,41.3913623],[69.1134379,41.3913063],[69.1133445,41.3912152],[69.1131857,41.3911241],[69.1130363,41.391005],[69.1128495,41.3908999],[69.1126907,41.3907247],[69.1125506,41.3906126],[69.1124292,41.3903533],[69.112149,41.390087],[69.1121583,41.3899889],[69.112149,41.3899049],[69.1121924,41.3898097],[69.1121924,41.3896555],[69.1121177,41.3895364],[69.112071,41.3893192],[69.1119683,41.389165],[69.1118282,41.389116],[69.1117254,41.3890038],[69.111632,41.3887866],[69.1115013,41.3886395],[69.1113238,41.3885273],[69.1111744,41.3884012],[69.1111183,41.38824],[69.1110063,41.3880789],[69.1109353,41.3879504],[69.1108475,41.3877916],[69.1106046,41.3875323],[69.1105019,41.3873992],[69.1104926,41.3873011],[69.1103711,41.387203],[69.1103151,41.3870558],[69.1102404,41.3869647],[69.1100816,41.3866984],[69.1099882,41.3866424],[69.1099415,41.3864882],[69.1098014,41.3863761],[69.1097734,41.3862499],[69.1096613,41.3861729],[69.1095305,41.3861238],[69.1094278,41.3860047],[69.1092597,41.3858926],[69.108802,41.3855772],[69.1086993,41.3854371],[69.1085965,41.3853319],[69.1084658,41.3851778],[69.1083163,41.3850376],[69.1081576,41.3849115],[69.1079801,41.3847783],[69.10784,41.3846802],[69.1078026,41.3845541],[69.1076625,41.3843929],[69.1076345,41.3842878],[69.1075318,41.3840916],[69.1073356,41.3838673],[69.1071115,41.383601],[69.1070461,41.3834749],[69.1068686,41.3833418],[69.1067192,41.3832717],[69.1065884,41.3832436],[69.106439,41.3831245],[69.1062522,41.3831105],[69.1061121,41.3831596],[69.1059813,41.3831385],[69.1058039,41.3829844],[69.105533,41.3829073],[69.1054116,41.3828022],[69.1054023,41.382683],[69.1053836,41.3825429],[69.1053556,41.3824588],[69.1054209,41.3823466],[69.1054023,41.3822555],[69.1053275,41.3821784],[69.1053462,41.3819192],[69.1054676,41.3818491],[69.105561,41.3817159],[69.1055984,41.3815688],[69.1055531,41.3814573],[69.1054317,41.3814082],[69.1053757,41.3813382],[69.1053943,41.381226],[69.1052542,41.3811279],[69.1051328,41.3808126],[69.1051328,41.3806724],[69.1051141,41.3805813],[69.1050114,41.3805392],[69.1049817,41.3804253],[69.104918,41.380357],[69.1049273,41.3802799],[69.1048574,41.3801955],[69.1047453,41.3801184],[69.1045772,41.3799012],[69.1044278,41.3798801],[69.1043064,41.3796629],[69.1039421,41.3795157],[69.1037927,41.3795718],[69.1036526,41.3794947],[69.1035685,41.3794246],[69.1035685,41.3793195],[69.1034938,41.3792003],[69.103335,41.3791022],[69.1032042,41.378899],[69.1031389,41.3787588],[69.1031108,41.3783664],[69.1031295,41.3782262],[69.1029988,41.378079],[69.1029427,41.3779739],[69.1029614,41.3778828],[69.1030174,41.3778057],[69.1029707,41.3776936],[69.1030361,41.3775324],[69.1029614,41.3774202],[69.1029614,41.3773361],[69.1030641,41.377203],[69.1030641,41.3770558],[69.1031228,41.3768686],[69.1030239,41.3766958],[69.1028844,41.3766233],[69.1024757,41.3765091],[69.1023543,41.37639],[69.1022609,41.3763479],[69.1021301,41.3763129],[69.1020554,41.3762568],[69.1020274,41.3761517],[69.1019433,41.3760886],[69.1018126,41.3761096],[69.1017192,41.3760676],[69.1016538,41.3760115],[69.1015044,41.3760185],[69.1013643,41.3759905],[69.1012802,41.3758783],[69.1013082,41.3758083],[69.1012428,41.3757242],[69.1012709,41.375591],[69.1012428,41.3755139],[69.1012838,41.3754173],[69.1013082,41.3753597],[69.1012709,41.3752686],[69.1011775,41.3751074],[69.1011027,41.3750023],[69.1010934,41.3749041],[69.1011494,41.374813],[69.1010934,41.3746869],[69.1011681,41.3745397],[69.1012615,41.3744065],[69.1012895,41.3742944],[69.1012615,41.3741962],[69.1010187,41.3737827],[69.101,41.3736636],[69.1010093,41.3736005],[69.1011121,41.3734954],[69.1011401,41.3733692],[69.1012428,41.3732711],[69.1012615,41.3730888],[69.1012895,41.3729487],[69.1013854,41.3728278],[69.1012788,41.3727348],[69.101237,41.3725717],[69.1012089,41.3723264],[69.1011155,41.3722212],[69.1010502,41.372025],[69.1009287,41.3719619],[69.100882,41.3718568],[69.1007796,41.3717962],[69.1006602,41.3718484],[69.1006179,41.3718128],[69.1006018,41.3717656],[69.1005738,41.3716745],[69.1004552,41.3716388],[69.1004151,41.3716088],[69.1003504,41.3715625],[69.1003011,41.3715764],[69.1002549,41.3716411],[69.1001409,41.3716689],[69.100067,41.3716411],[69.0999992,41.3715972],[69.099993,41.371544],[69.1000485,41.3714932],[69.1000485,41.3714284],[69.0999715,41.3713752],[69.0998451,41.3713914],[69.0997373,41.3714261],[69.0996911,41.371477],[69.0995586,41.3715325],[69.0994723,41.371625],[69.0993922,41.3716504],[69.0992936,41.3716296],[69.0992382,41.3715695],[69.0992043,41.3715209],[69.0990502,41.3715232],[69.0989701,41.3714677],[69.0989516,41.3713868],[69.0989794,41.3712943],[69.098967,41.3710169],[69.0989794,41.3709591],[69.099178,41.3707724],[69.0992844,41.3706723],[69.099309,41.3705822],[69.0993983,41.370556],[69.0994154,41.3704245],[69.0995348,41.3703361],[69.0996651,41.3702303],[69.0996464,41.3701392],[69.0995997,41.3700691],[69.0996464,41.369999],[69.0997398,41.3699499],[69.0997118,41.3698728],[69.0995997,41.3697817],[69.0995717,41.3697186],[69.0994689,41.3696836],[69.0994502,41.3695995],[69.0993755,41.3695294],[69.0992167,41.3694943],[69.0991514,41.3693752],[69.0990113,41.3693471],[69.0988992,41.369284],[69.0986657,41.3691999],[69.0984789,41.3690738],[69.0983855,41.3689616],[69.0981426,41.3688775],[69.0979558,41.3687023],[69.0978157,41.3684709],[69.0978251,41.3683728],[69.0978718,41.3683027],[69.0980586,41.3681906],[69.0981893,41.3680434],[69.0981987,41.3679172],[69.0981333,41.3678261],[69.0979558,41.3677279],[69.0978438,41.3675737],[69.0978251,41.3673985],[69.0978531,41.3671251],[69.0978157,41.3667957],[69.0978531,41.3666695],[69.0978905,41.3665644],[69.0979278,41.3664312],[69.0978438,41.3660316],[69.0978251,41.3656321],[69.0978064,41.3655059],[69.0978064,41.3652255],[69.0977504,41.3650783],[69.0976009,41.3649942],[69.0972647,41.364903],[69.0970312,41.3647418],[69.0969565,41.3646367],[69.0969658,41.3645035],[69.0972367,41.3638095],[69.097246,41.3636763],[69.0970966,41.3633959],[69.0971152,41.3632697],[69.0977317,41.3623514],[69.0977877,41.3621832],[69.0977784,41.3619729],[69.097741,41.3618187],[69.097685,41.3616995],[69.0974888,41.3614822],[69.0974235,41.361349],[69.0974048,41.3611667],[69.0973207,41.3610055],[69.0973207,41.3608022],[69.0972367,41.3605778],[69.0972086,41.3603255],[69.0971526,41.3601642],[69.0969471,41.3599049],[69.0968724,41.3597296],[69.0967883,41.3596174],[69.0967416,41.3595473],[69.0966856,41.3594492],[69.0965689,41.359316],[69.0966342,41.3586272],[69.0965945,41.358575],[69.0934482,41.3583365],[69.0931687,41.3582839],[69.0922828,41.3569026],[69.0908778,41.3570361],[69.085703,41.3571691],[69.084986,41.3576974],[69.0838766,41.3580785],[69.0834886,41.3580976],[69.0827796,41.3582641],[69.0816597,41.3580075],[69.0809319,41.357779],[69.0802372,41.3576503],[69.0797945,41.3576682],[69.0794636,41.3577069],[69.0792488,41.3576158],[69.0791367,41.3577069],[69.0787164,41.3578682],[69.0786043,41.3579453],[69.0785856,41.3580434],[69.0786452,41.3581791],[69.0794391,41.3595672],[69.0795886,41.3596654],[69.0797006,41.3596794],[69.0801303,41.3595742],[69.0803731,41.3594831],[69.080616,41.3594761],[69.0808308,41.3595041],[69.0809989,41.3595882],[69.081083,41.3597214],[69.0812884,41.3598406],[69.0814939,41.3598476],[69.0817461,41.3597985],[69.0819609,41.3596373],[69.0820823,41.3596443],[69.0821944,41.3597214],[69.0825493,41.3597845],[69.0826894,41.3598406],[69.0829043,41.360135],[69.0829136,41.3602402],[69.0828389,41.3603313],[69.0827922,41.3604926],[69.0828015,41.360752],[69.0827642,41.3608571],[69.0826334,41.3610324],[69.0826334,41.3611585],[69.0827455,41.3615231],[69.0827455,41.3617474],[69.0828015,41.3618455],[69.0828856,41.3618946],[69.0831378,41.3618596],[69.0832779,41.3618736],[69.0833712,41.3619507],[69.083446,41.3621049],[69.083558,41.3622311],[69.0838009,41.3623783],[69.0838569,41.3625255],[69.0839223,41.3626096],[69.084025,41.3626307],[69.0841558,41.3625956],[69.0843613,41.3623222],[69.0844547,41.3622591],[69.0845668,41.3622802],[69.0847162,41.3625045],[69.084847,41.3625816],[69.084875,41.3626657],[69.0847349,41.362834],[69.0846602,41.3629952],[69.0845481,41.3631354],[69.0845201,41.3632265],[69.0844609,41.3634408],[69.0842791,41.3636564],[69.0842704,41.3638144],[69.0843463,41.363913],[69.0848083,41.3641653],[69.0848781,41.3642493],[69.0848868,41.3643473],[69.0845867,41.3645293],[69.0843788,41.3647249],[69.0842057,41.3648358],[69.0840278,41.3650435],[69.0838401,41.3651786],[69.0837448,41.3652946],[69.0837036,41.3654285],[69.0837334,41.3655561],[69.083849,41.365685],[69.0840339,41.3658135],[69.0844057,41.3659629],[69.0848502,41.3660936],[69.0850294,41.3662287],[69.085145,41.3664569],[69.0852082,41.3665769],[69.0853904,41.3666907],[69.085755,41.3667921],[69.086316,41.3669108],[69.08656,41.36698],[69.0867937,41.3672141],[69.0869153,41.3672869],[69.0871212,41.3673204],[69.0872715,41.3674014],[69.0877029,41.3678297],[69.0879492,41.3680276],[69.0885165,41.3684233],[69.0886611,41.3685558],[69.085522,41.370569],[69.0852586,41.3709954],[69.0849578,41.3721646],[69.0839015,41.3730684],[69.0819197,41.374175],[69.0817841,41.3746678],[69.0812198,41.3754381],[69.0808889,41.3757387],[69.0800777,41.3761017],[69.0789596,41.377052],[69.0670807,41.3735119],[69.0669457,41.372271],[69.0668388,41.3720483],[69.0650134,41.3715173],[69.0639868,41.371233],[69.0620145,41.3713598],[69.060329,41.371562],[69.0602209,41.3715468],[69.0601194,41.3715054],[69.0598885,41.370687],[69.0596608,41.3697903],[69.0595717,41.3696957],[69.05939,41.3696335],[69.0591562,41.3696061],[69.0579465,41.3696226],[69.0578552,41.3696808],[69.0568515,41.3696752],[69.0567625,41.3696307],[69.055666,41.3695863],[69.0555857,41.369541],[69.0553915,41.3684806],[69.0553175,41.3683802],[69.0552036,41.3683508],[69.0544425,41.3685341],[69.0536991,41.3686067],[69.0535,41.3685851],[69.0532361,41.3686144],[69.0527195,41.3686298],[69.0523703,41.3686746],[69.0519165,41.3681445],[69.0511799,41.3671291],[69.050411,41.3660826],[69.0496915,41.3650523],[69.0494254,41.3649387],[69.0491717,41.3649547],[69.0466894,41.3648904],[69.0461327,41.3648954],[69.0449105,41.3650785],[69.0443271,41.365213],[69.0438422,41.3654076],[69.0437678,41.3653077],[69.0431371,41.3654111],[69.0426044,41.3656505],[69.0421927,41.3657506],[69.0417804,41.365951],[69.0415348,41.3660572],[69.0412514,41.3661235],[69.0411714,41.3660187],[69.040993,41.3660588],[69.0340154,41.3633157],[69.0321088,41.3654046],[69.032557,41.3767828],[69.032153,41.3771147],[69.0319452,41.3774045],[69.0317115,41.3780752],[69.0317318,41.3783275],[69.0319522,41.3788245],[69.0320418,41.3790903],[69.0320529,41.3793275],[69.0317845,41.379786],[69.0315143,41.3800845],[69.0312255,41.3801657],[69.030517,41.3802159],[69.0298654,41.3803993],[69.0297719,41.3805993],[69.0297474,41.3810707],[69.029722,41.3812739],[69.0297043,41.381416],[69.0295993,41.381728],[69.02924,41.3824642],[69.0292498,41.3825912],[69.0293254,41.3826909],[69.0297373,41.3828537],[69.0303729,41.3830122],[69.0308122,41.3830844],[69.0310878,41.3831836],[69.0313937,41.3834084],[69.0316214,41.383682],[69.0318287,41.3842042],[69.0319238,41.3845302],[69.0319876,41.3849019],[69.032169,41.385298],[69.0329695,41.3866103],[69.0329854,41.3867593],[69.0326923,41.3876283],[69.0326327,41.3879647],[69.0326442,41.3883713],[69.0327419,41.3888481],[69.0328612,41.3888691],[69.0329733,41.3889462],[69.032992,41.3890443],[69.0331041,41.3893106],[69.0336925,41.3903616],[69.0340007,41.3907891],[69.0343016,41.3910711],[69.0345147,41.3912355],[69.0355497,41.3918904],[69.037196,41.3929526],[69.0389727,41.3949763],[69.0403664,41.396061],[69.0402674,41.3961347],[69.0400647,41.3961646],[69.0399342,41.3962461],[69.0398125,41.3963398],[69.0396911,41.3964309],[69.039495,41.3964799],[69.0391494,41.3966551],[69.0389999,41.3966831],[69.0388598,41.3966411],[69.0386917,41.39655],[69.0385378,41.39655],[69.0381593,41.39655],[69.0380006,41.396606],[69.0378044,41.3967461],[69.0377951,41.3968442],[69.0380286,41.3972926],[69.0380286,41.3973767],[69.0379445,41.3974538],[69.0378231,41.3974678],[69.037216,41.3969283],[69.0368891,41.3967672],[69.0367023,41.3967602],[69.0365435,41.3969073],[69.0365529,41.3971245],[69.0364595,41.3972086],[69.0363007,41.3971946],[69.0359458,41.3968162],[69.035787,41.3967181],[69.0354694,41.3966481],[69.035348,41.3966691],[69.0352826,41.3967812],[69.035292,41.3970334],[69.0352546,41.3972226],[69.0352639,41.3973347],[69.035376,41.3974748],[69.035376,41.3976009],[69.03532,41.3977481],[69.0353387,41.3978672],[69.0354694,41.3979652],[69.0357029,41.3981334],[69.0357776,41.3982455],[69.0357776,41.3983926],[69.035787,41.3985538],[69.0356842,41.3986799],[69.0355628,41.3986939],[69.0354414,41.3986308],[69.035348,41.3985117],[69.0351799,41.3984347],[69.0351145,41.3983226],[69.0351145,41.3981614],[69.0350118,41.3980423],[69.0346008,41.3978812],[69.0343299,41.3978531],[69.0341805,41.3978882],[69.0337042,41.3983226],[69.0335827,41.3983996],[69.0335827,41.3985117],[69.0336761,41.398799],[69.0336481,41.3989952],[69.0335734,41.3991353],[69.0335827,41.3992544],[69.0336388,41.3993665],[69.0337509,41.3994085],[69.0337976,41.3995066],[69.0337415,41.3995767],[69.0335547,41.3996187],[69.0334951,41.3996746],[69.0334426,41.3997238],[69.0334426,41.3998919],[69.0334707,41.39999],[69.0334613,41.4001231],[69.0330014,41.4005005],[69.0328636,41.4006136],[69.0327328,41.4006346],[69.0326487,41.4005785],[69.0325927,41.4004804],[69.0326207,41.4002773],[69.0325506,41.3999131],[69.0298814,41.3999233],[69.0296406,41.3999755],[69.0294578,41.4000379],[69.0292978,41.4001347],[69.0291832,41.4002583],[69.0291058,41.4004131],[69.028795,41.4003718],[69.0286489,41.4004327],[69.0284095,41.4004657],[69.0279067,41.4006339],[69.0276553,41.400648],[69.0274362,41.400613],[69.0266754,41.4001016],[69.0266646,41.3999909],[69.0263043,41.3999565],[69.0260681,41.4000234],[69.0254643,41.4003441],[69.0252061,41.4003776],[69.0249057,41.4003582],[69.0246612,41.4002968],[69.024079,41.3999498],[69.0237773,41.3997411],[69.0236077,41.3995807],[69.0234195,41.3995044],[69.0232457,41.3993533],[69.0230103,41.3992473],[69.0226328,41.3990213],[69.0224568,41.3989755],[69.0219709,41.3989261],[69.0216811,41.3989186],[69.0211763,41.3988057],[69.0209813,41.3988278],[69.0205429,41.399007],[69.0202956,41.3990896],[69.0200619,41.3990785],[69.0199852,41.3990748],[69.0192603,41.3989904],[69.0186083,41.3990322],[69.0183103,41.3989621],[69.0177227,41.3988849],[68.9952979,41.3875467],[68.9952171,41.387694],[68.9949869,41.3880094],[68.9945909,41.3882803],[68.9941202,41.3891678],[68.9937206,41.3897656],[68.9933696,41.3900503],[68.993284,41.3902132],[68.9933012,41.3905233],[68.9932351,41.3907695],[68.9933327,41.3910397],[68.9933536,41.3913185],[68.9934288,41.3915265],[68.9934294,41.3916505],[68.9932717,41.3918775],[68.9931659,41.3921284],[68.9932065,41.392366],[68.9931707,41.3925513],[68.9930968,41.3927036],[68.9928547,41.3929399],[68.9925344,41.3933525],[68.9923609,41.3935082],[68.9919446,41.39372],[68.9915469,41.3940649],[68.9912781,41.3941568],[68.99114,41.3943187],[68.9910267,41.3945859],[68.9910545,41.3947683],[68.9907508,41.3949506],[68.9902826,41.3954971],[68.9900946,41.3956653],[68.9900174,41.3958615],[68.9901199,41.396107],[68.9900871,41.3963769],[68.9897624,41.3969042],[68.9895405,41.3974735],[68.9893523,41.3977113],[68.9891268,41.3979211],[68.9888472,41.3984648],[68.9883596,41.399413],[68.988116,41.3996615],[68.9879382,41.4002622],[68.9874989,41.400982],[68.987472,41.4011604],[68.9876225,41.4016681],[68.9875818,41.4018185],[68.9873626,41.4020286],[68.9872634,41.40237],[68.9871311,41.4026422],[68.9869716,41.4032686],[68.9869385,41.4035678],[68.9868379,41.4038436],[68.9869708,41.4049249],[68.9869075,41.4051192],[68.9869878,41.4053143],[68.9871917,41.4056225],[68.9874475,41.4061826],[68.9876688,41.4064275],[68.9880116,41.4071349],[68.9880239,41.4073178],[68.9878962,41.4075495],[68.9875895,41.4078265],[68.9871895,41.4086289],[68.9875116,41.4094414],[68.9875255,41.4096515],[68.987371,41.4098678],[68.9871817,41.4099689],[68.9868256,41.4101315],[68.9865908,41.4105603],[68.9865891,41.4106704],[68.9869058,41.4110476],[68.9869237,41.4112077],[68.9868562,41.411359],[68.9866767,41.4115804],[68.9861826,41.411894],[68.9857912,41.4121237],[68.9856013,41.4121032],[68.9854877,41.412135],[68.9853375,41.4122419],[68.9847764,41.4126011],[68.9845998,41.4127421],[68.9840119,41.4128126],[68.9838162,41.412785],[68.9817395,41.4115768],[68.9793055,41.4106659],[68.9787955,41.4103995],[68.9784854,41.410329],[68.9782524,41.4102128],[68.9780567,41.4098935],[68.977848,41.4097606],[68.9776877,41.4097432],[68.9774954,41.4098045],[68.9772191,41.4097468],[68.9768418,41.4096234],[68.9765971,41.4094987],[68.9762497,41.409423],[68.9760222,41.4092569],[68.9754134,41.4086555],[68.9751688,41.4085304],[68.9740654,41.40846],[68.9737985,41.4083688],[68.9736437,41.4083896],[68.9732284,41.4081777],[68.972862,41.4080507],[68.9719445,41.4075735],[68.9717238,41.4075486],[68.9711278,41.4076482],[68.9706068,41.4076087],[68.9703067,41.407586],[68.9680847,41.4077058],[68.96787,41.4076537],[68.9672863,41.4068291],[68.9668918,41.4061366],[68.9664423,41.4056432],[68.9660115,41.4049606],[68.9657193,41.4050863],[68.9652029,41.4056603],[68.9650481,41.4059256],[68.9633166,41.4077157],[68.9617497,41.4093355],[68.96154,41.4094389],[68.9612182,41.4094303],[68.9582584,41.4090557],[68.9578299,41.4089414],[68.9573177,41.4086366],[68.955309,41.4074413],[68.9550652,41.4076668],[68.9530654,41.4097138],[68.9522695,41.4107674],[68.9529798,41.4112222],[68.9527604,41.4115198],[68.9527348,41.4116617],[68.952834,41.4118517],[68.9527932,41.4119436],[68.9526902,41.412004],[68.9518869,41.4121639],[68.951588,41.4122678],[68.9511583,41.4123494],[68.9508032,41.4125268],[68.9505958,41.4127415],[68.9501922,41.4129774],[68.9500504,41.4131198],[68.9499329,41.4133171],[68.9497807,41.4134648],[68.9495538,41.4138927],[68.9495208,41.41409],[68.9495698,41.4143147],[68.9495195,41.4145601],[68.9493852,41.4147986],[68.9491606,41.4149209],[68.9487588,41.4150031],[68.9485812,41.4150713],[68.9482029,41.4154411],[68.9475817,41.415881],[68.9473388,41.4159969],[68.9469932,41.4160268],[68.9467737,41.4161189],[68.9461877,41.4161859],[68.9459378,41.4163089],[68.9455907,41.4164879],[68.9347046,41.4161311],[68.9344699,41.4161241],[68.9340595,41.4160786],[68.9331112,41.4158178],[68.9327327,41.415662],[68.9320894,41.4156001],[68.9318743,41.4155019],[68.9314398,41.4152147],[68.9311731,41.4151306],[68.9310732,41.4150991],[68.9305197,41.4149975],[68.9304027,41.4150449],[68.9301481,41.4155098],[68.9299087,41.4157353],[68.9297703,41.4159321],[68.9297571,41.4160795],[68.9296506,41.4161079],[68.9295307,41.4161135],[68.9291159,41.4162144],[68.9288972,41.4161751],[68.9288131,41.4160427],[68.9287804,41.4158644],[68.9285679,41.4155931],[68.9282807,41.4153709],[68.9269689,41.4154165],[68.9260307,41.4157422],[68.92415,41.4190524],[68.9240894,41.4194686],[68.9208102,41.4269646],[68.9221986,41.4280827],[68.9216558,41.4297804],[68.9213844,41.4326724],[68.9205981,41.4359827],[68.9200487,41.4378889],[68.9191989,41.439956],[68.9176916,41.4430283],[68.9143524,41.4478073],[68.9127452,41.448435],[68.9121249,41.4484838],[68.911657,41.4482918],[68.9063489,41.4472393],[68.9021137,41.4465567],[68.8930854,41.4448377],[68.8899633,41.4443913],[68.8877266,41.4440962],[68.8864341,41.4437689],[68.8846002,41.443243],[68.8814043,41.4427059],[68.8802912,41.4425325],[68.8797387,41.4423465],[68.8781186,41.4421998],[68.8763483,41.4417152],[68.8734132,41.4411954],[68.870993,41.4406435],[68.8704441,41.4406012],[68.869046,41.4401627],[68.8676231,41.4399292],[68.8652494,41.4393336],[68.8644286,41.4393004],[68.8536354,41.4614388],[68.8527306,41.4610839],[68.8521494,41.4605687],[68.8515683,41.459732],[68.8495441,41.4581538],[68.8489119,41.4576667],[68.847679,41.4572762],[68.8470156,41.4567524],[68.8295955,41.4570718],[68.819487,41.4533544],[68.8186333,41.452512],[68.8182136,41.4522746],[68.8176744,41.4522179],[68.8163815,41.4522652],[68.814096,41.451974],[68.8126513,41.4516693],[68.7994119,41.443752],[68.7829968,41.4442949],[68.7822672,41.4556899],[68.7818112,41.4601194],[68.7537604,41.4636105],[68.6869408,41.4726775],[68.6855647,41.4721085],[68.684961,41.4711215],[68.6839067,41.4646355],[68.6834688,41.460127],[68.6837374,41.4576344],[68.6849716,41.4566374],[68.6860641,41.4553347],[68.6889707,41.454788],[68.6930359,41.4533406],[68.6930991,41.4527294],[68.6925701,41.4520861],[68.6916944,41.4517498],[68.6750356,41.4468497],[68.637672,41.4334015],[68.6463543,41.4212978],[68.6327884,41.4086384],[68.6328145,41.4073459],[68.631375,41.4077398],[68.6303861,41.4083268],[68.6186452,41.4202311],[68.606614,41.4211246],[68.6056979,41.4213745],[68.5887236,41.4285749],[68.5871934,41.4288783],[68.5526769,41.4275429],[68.5514445,41.4278187],[68.5289688,41.438875],[68.5282397,41.4394541],[68.5182375,41.4515481],[68.5169861,41.4524091],[68.5154253,41.4533618],[68.5155809,41.45458],[68.5067443,41.4572733],[68.5058523,41.4576432],[68.503426,41.4591066],[68.5023043,41.4598945],[68.5007344,41.4612935],[68.5000856,41.4620493],[68.4994413,41.4632232],[68.499068,41.4640915],[68.4989574,41.4650241],[68.4982271,41.467243],[68.497712,41.468674],[68.4976046,41.4696388],[68.4978266,41.4714395],[68.4977455,41.4733045],[68.4974214,41.4742531],[68.4973973,41.4754267],[68.4975679,41.4765403],[68.4980394,41.4777723],[68.498361,41.4804461],[68.4986291,41.4819437],[68.49857,41.4832229],[68.4985405,41.4848431],[68.4981824,41.4864408],[68.4998471,41.4906109],[68.5026321,41.4953319],[68.5070479,41.5025602],[68.5076308,41.5029941],[68.5143998,41.5144872],[68.5156737,41.5162544],[68.5166766,41.5183564],[68.5194004,41.5208814],[68.5202308,41.5219771],[68.5221398,41.5244961],[68.5230347,41.5253154],[68.5253943,41.5280142],[68.5295783,41.5331223],[68.5320864,41.5357887],[68.5327743,41.5372182],[68.5332793,41.5389207],[68.5350787,41.5501625],[68.5358278,41.5533034],[68.535918,41.5558775],[68.536019,41.5570387],[68.5364797,41.5602143],[68.5369316,41.5630722],[68.5375885,41.5657373],[68.5377767,41.5677762],[68.5371745,41.5700879],[68.5363145,41.5725119],[68.535569,41.5750324],[68.5353176,41.5760916],[68.5353419,41.5776326],[68.5356019,41.578692],[68.536305,41.5801366],[68.5370343,41.5822874],[68.5370583,41.5840368],[68.5374966,41.5845986],[68.5379132,41.5867332],[68.5382056,41.5891726],[68.5384212,41.5897825],[68.5384325,41.590938],[68.5376741,41.5946931],[68.5368832,41.5966509],[68.5343655,41.5999827],[68.5343053,41.6000624],[68.5333797,41.6011154],[68.5321355,41.6029118],[68.5312772,41.6037085],[68.5302258,41.6068998],[68.4887477,41.6235736],[68.4807246,41.6252365],[68.4678092,41.6317432],[68.4552607,41.620024],[68.4491419,41.6201091],[68.4426369,41.6194403],[68.4257654,41.6199215],[68.4104969,41.6201301],[68.4045844,41.6199215],[68.4040542,41.6203867],[68.4036129,41.6210283],[68.3957073,41.6283392],[68.3867127,41.6381897],[68.3846954,41.6403225],[68.3817479,41.6418299],[68.3695282,41.6471695],[68.3665352,41.6482419],[68.3594382,41.6513595],[68.3565012,41.652637],[68.3543354,41.6539579],[68.3522555,41.6544293],[68.3513256,41.6550558],[68.3437241,41.6588553],[68.338216,41.661292],[68.3289742,41.6632798],[68.3160243,41.6660441],[68.2972327,41.670007],[68.2945772,41.6707644],[68.2844277,41.6754041],[68.2802217,41.6779924],[68.278333,41.6800038],[68.2645794,41.7015155],[68.2564255,41.7001216],[68.2540591,41.6995137],[68.2415462,41.6943871],[68.2399338,41.6940352],[68.2291499,41.6946781],[68.21077,41.6947441],[68.2095991,41.6946179],[68.196467,41.6897785],[68.1787058,41.6881207],[68.1690493,41.6847397],[68.1505574,41.6904455],[68.1480839,41.6907344],[68.1450352,41.6906243],[68.1419631,41.6912214],[68.1304839,41.6923843],[68.1269974,41.6923969],[68.1236448,41.6920667],[68.1126558,41.6924945],[68.1101642,41.6930184],[68.099737,41.6967541],[68.0846895,41.7027387],[68.08183,41.7037727],[68.0807028,41.7036941],[68.0796829,41.7039198],[68.0779335,41.7047383],[68.0767292,41.7049684],[68.0688637,41.7066774],[68.0653755,41.707201],[68.0643644,41.7074791],[68.057852,41.7103965],[68.0551926,41.7112137],[68.0540353,41.7118386],[68.0518063,41.7122556],[68.0493629,41.7122241],[68.0489364,41.7123207],[68.0468012,41.7135018],[68.0419303,41.7143988],[68.0390335,41.7103302],[68.0384756,41.7093691],[68.0380464,41.7077832],[68.0363942,41.7053803],[68.0346673,41.7003994],[68.0321717,41.7105182],[68.0358289,41.7212854],[68.0403382,41.7269682],[68.0421254,41.7331262],[68.0411606,41.7384877]]]}},{"type":"Feature","properties":{"osmId":"relation/3407078","name":"Сауранский район"},"geometry":{"type":"MultiLineString","coordinates":[[[67.8750475,43.213288],[67.8740934,43.2117882],[67.8690609,43.2080247],[67.8656746,43.2062657],[67.8633183,43.2041794],[67.8616491,43.2027013],[67.8591641,43.2003472],[67.8578171,43.1982878],[67.8555534,43.1955329],[67.8526162,43.1938143],[67.8489306,43.1930096],[67.8445529,43.192505],[67.8414847,43.1915093],[67.8390956,43.1889387],[67.838366,43.1873272],[67.8371818,43.1853438],[67.83607,43.1847614],[67.8342891,43.184558],[67.8304052,43.185043],[67.8282594,43.184558],[67.8267238,43.1829293],[67.8256845,43.1808811],[67.824912,43.177955],[67.8237533,43.1748724],[67.8241181,43.173151],[67.8264355,43.1715861],[67.8299546,43.1712262],[67.8332162,43.1719774],[67.8354419,43.1739797],[67.8371818,43.1770801],[67.8384165,43.1806408],[67.8397822,43.1831918],[67.8418027,43.1849788],[67.8445342,43.186643],[67.8471533,43.187175],[67.8505208,43.1870386],[67.8551761,43.1863342],[67.8608423,43.1840331],[67.8642473,43.1810865],[67.8659684,43.1762025],[67.8663052,43.1719184],[67.865613,43.1701446],[67.8639666,43.1681116],[67.860412,43.1649868],[67.8580534,43.1630176],[67.8563368,43.1620472],[67.8529251,43.1606698],[67.8503282,43.1598012],[67.8477269,43.1594098],[67.846579,43.1593589],[67.8448364,43.1593332],[67.8435548,43.15919],[67.8423949,43.1586304],[67.8416266,43.157796],[67.8411636,43.1566572],[67.8413223,43.1556729],[67.8419581,43.1549412],[67.8461114,43.1532762],[67.8510582,43.1515596],[67.8552854,43.1501037],[67.8578603,43.1488827],[67.8607678,43.1458064],[67.8624737,43.1425655],[67.8626668,43.1402091],[67.8627848,43.1370854],[67.8623342,43.1353239],[67.8614713,43.1334069],[67.8610253,43.1321921],[67.8607249,43.1302346],[67.8610347,43.128319],[67.8611273,43.1263108],[67.8603502,43.1254772],[67.8578807,43.1238933],[67.8567957,43.1217494],[67.8556544,43.1203566],[67.8540109,43.1189694],[67.8496189,43.1168257],[67.8473171,43.1135231],[67.8453857,43.1091],[67.8430574,43.1054493],[67.8394327,43.1015858],[67.8370941,43.0981434],[67.8355788,43.0941271],[67.8340073,43.091586],[67.8328034,43.0880695],[67.8320626,43.0859826],[67.8310056,43.0844865],[67.8282032,43.0822115],[67.8258273,43.0792599],[67.8257485,43.0755044],[67.8269656,43.0705374],[67.8266745,43.0672709],[67.8267539,43.0647002],[67.8286059,43.0612207],[67.8316221,43.0578958],[67.8323808,43.0566103],[67.8334477,43.0548026],[67.835765,43.05216],[67.8362137,43.0516483],[67.8378226,43.0502812],[67.8405541,43.048832],[67.8445577,43.0480528],[67.8487489,43.0471498],[67.8569054,43.0451191],[67.8593302,43.0451661],[67.8629293,43.0472188],[67.8653427,43.0494883],[67.8670825,43.0519764],[67.8682238,43.0548199],[67.8685605,43.0577453],[67.8677748,43.0610532],[67.8666768,43.0638464],[67.8660682,43.066108],[67.8653825,43.0678397],[67.865296,43.0694894],[67.8653598,43.0701888],[67.8655314,43.0710353],[67.8658104,43.071772],[67.8661644,43.0725949],[67.8665829,43.0731044],[67.8672373,43.0736686],[67.8678274,43.0740135],[67.8690076,43.0743034],[67.8698766,43.0744132],[67.8705311,43.0744288],[67.8716898,43.0742721],[67.8722262,43.0741154],[67.8725696,43.0739586],[67.8729558,43.0736843],[67.8731704,43.0734805],[67.8737068,43.0725793],[67.8739858,43.0719679],[67.8741698,43.0714098],[67.8742111,43.0705886],[67.8742111,43.0693345],[67.8740501,43.0672889],[67.8740072,43.0649531],[67.8742432,43.0621156],[67.8745007,43.0600932],[67.8749084,43.0584627],[67.8752947,43.0563931],[67.8756165,43.054982],[67.8755736,43.0534611],[67.8756165,43.0521127],[67.8757882,43.0492677],[67.8762603,43.0472831],[67.8773331,43.0456993],[67.8795647,43.0436763],[67.8813886,43.0423747],[67.8838777,43.0410966],[67.8848086,43.0406506],[67.8851545,43.040485],[67.8860021,43.0401635],[67.8875685,43.0396773],[67.8890812,43.0392931],[67.8900576,43.0390264],[67.8911519,43.0387363],[67.8923321,43.0383756],[67.8930724,43.0380149],[67.8936195,43.0376698],[67.8943491,43.0371366],[67.8948212,43.0367837],[67.8951001,43.0364308],[67.8953147,43.0359446],[67.8954112,43.0353016],[67.8953683,43.0347918],[67.8952396,43.0342429],[67.8949284,43.0337253],[67.8946066,43.0333175],[67.8943384,43.0329568],[67.8940916,43.0323843],[67.8940165,43.0318353],[67.8940272,43.0312157],[67.894274,43.0305099],[67.8944886,43.0302119],[67.8949177,43.0298197],[67.8954005,43.0295884],[67.8958082,43.0294668],[67.8972995,43.0291923],[67.8985441,43.0290276],[67.9000354,43.0290041],[67.9008937,43.0290825],[67.9016554,43.0292786],[67.9030931,43.0300001],[67.9040801,43.0305883],[67.9050783,43.0312833],[67.9063225,43.0322588],[67.9072344,43.0328783],[67.9083073,43.0336782],[67.9093265,43.0343135],[67.9104745,43.0348859],[67.9118693,43.0354976],[67.9135752,43.0360701],[67.915281,43.0364857],[67.9164505,43.0366347],[67.9173524,43.0366757],[67.9186714,43.0368072],[67.9199266,43.0369484],[67.9213858,43.0372464],[67.9224801,43.0376542],[67.9246259,43.0386893],[67.9266214,43.0403517],[67.9284239,43.0420924],[67.929604,43.0432843],[67.9310632,43.0448525],[67.9318571,43.0458874],[67.9324257,43.0466402],[67.9331767,43.0476045],[67.9338527,43.0482631],[67.9342496,43.0485924],[67.9346368,43.0488712],[67.9350328,43.0490315],[67.9353011,43.0491177],[67.9363632,43.0492824],[67.9368997,43.0492589],[67.9377687,43.0491726],[67.9384017,43.0490707],[67.9390025,43.0488198],[67.9402041,43.0481455],[67.9410195,43.0475183],[67.9416632,43.0467656],[67.9430365,43.045072],[67.9445815,43.0431902],[67.9458155,43.0417519],[67.9462176,43.0412847],[67.9490018,43.0383599],[67.9516196,43.0360701],[67.9528641,43.0348624],[67.9535079,43.0339684],[67.9544306,43.0321019],[67.9549241,43.0301883],[67.9551816,43.028557],[67.9553532,43.02691],[67.9556858,43.0251766],[67.9569626,43.0227451],[67.9574346,43.0215372],[67.9579818,43.0206744],[67.9589689,43.019639],[67.9601276,43.0189801],[67.961576,43.0185016],[67.9631531,43.0181956],[67.9642689,43.0181015],[67.9653096,43.0181407],[67.9660821,43.0182898],[67.9669297,43.0187134],[67.9684169,43.0195891],[67.9696333,43.0201253],[67.9705238,43.0203998],[67.9715109,43.0205646],[67.9726374,43.0206979],[67.9739571,43.0207842],[67.9748797,43.0207607],[67.9756737,43.0207058],[67.9764891,43.0204155],[67.9768646,43.0201096],[67.9773366,43.0193723],[67.9775405,43.0188075],[67.9778087,43.0177642],[67.9777872,43.0169327],[67.977401,43.0153952],[67.9769611,43.0141165],[67.9763389,43.0127672],[67.9761135,43.011967],[67.9760599,43.0113237],[67.9761243,43.0106412],[67.9764461,43.0095115],[67.9767895,43.0088603],[67.9772615,43.0081385],[67.9778516,43.0074795],[67.9790425,43.0064438],[67.9801583,43.0056514],[67.9809522,43.0052121],[67.9823539,43.0047167],[67.9842031,43.0043961],[67.9861343,43.0042784],[67.989074,43.0044981],[67.9908442,43.0048119],[67.9935586,43.0054553],[67.9948783,43.0060751],[67.9976892,43.0076913],[67.9994488,43.0087583],[68.000865,43.009888],[68.0016804,43.0106726],[68.0027747,43.0115826],[68.0036974,43.0120847],[68.004663,43.012524],[68.0057251,43.0129398],[68.0074847,43.0133556],[68.0081577,43.0134083],[68.0092013,43.0134968],[68.0110037,43.0135281],[68.0130315,43.0134968],[68.0145657,43.0134262],[68.0155206,43.0133085],[68.0164111,43.013081],[68.0172801,43.0127123],[68.0180097,43.01232],[68.0185246,43.0119121],[68.0192649,43.0113708],[68.0201769,43.0105],[68.0209923,43.0094408],[68.0214965,43.0083268],[68.0218398,43.0075815],[68.0220115,43.0066243],[68.0220222,43.005824],[68.0218506,43.0051336],[68.0214965,43.0043098],[68.0209601,43.0034859],[68.0202198,43.0025993],[68.0186319,43.0009594],[68.0171084,42.999398],[68.0149519,42.997397],[68.0127847,42.9955373],[68.0098665,42.9930261],[68.0092764,42.9919824],[68.0089331,42.991284],[68.0087399,42.9908053],[68.0078494,42.9894162],[68.0073345,42.9889453],[68.0070716,42.9886549],[68.006857,42.9883567],[68.0067712,42.9879408],[68.006739,42.9873835],[68.0068463,42.9869244],[68.0069858,42.9866458],[68.0076778,42.9855157],[68.0083108,42.984566],[68.0094588,42.9831768],[68.0119908,42.9810654],[68.0130529,42.9801],[68.0136001,42.9795427],[68.0142009,42.9792366],[68.0149948,42.9790639],[68.0157888,42.9790325],[68.016572,42.9791189],[68.0180526,42.9796448],[68.0192542,42.9803512],[68.019855,42.9810576],[68.02037,42.9817954],[68.0212283,42.983632],[68.0218935,42.9859238],[68.0224299,42.9893613],[68.0227303,42.9899734],[68.0232453,42.9907739],[68.0245328,42.9920923],[68.02567,42.9927358],[68.026936,42.9930654],[68.0294037,42.9933636],[68.0330837,42.9937403],[68.0341566,42.9938423],[68.0351758,42.9939914],[68.036077,42.9942817],[68.0377292,42.9950115],[68.041774,42.9962828],[68.0436623,42.9969733],[68.0454325,42.9977109],[68.0479324,42.9991233],[68.0492949,42.9997903],[68.050915,43.0002454],[68.0531037,43.0003945],[68.0566335,43.0001748],[68.0604744,42.9992018],[68.0623626,42.9983073],[68.0643153,42.9967065],[68.0664825,42.9947761],[68.0680489,42.9928143],[68.0691433,42.9918569],[68.0712247,42.9907111],[68.0724692,42.9897537],[68.0734777,42.9885765],[68.0742073,42.9875876],[68.074733,42.9866144],[68.0749798,42.9856412],[68.0747866,42.9847622],[68.0743789,42.9838518],[68.073585,42.9824704],[68.0731129,42.9811832],[68.0727696,42.9798802],[68.0725765,42.978122],[68.0726838,42.9760183],[68.073349,42.9732238],[68.0751729,42.9686392],[68.0764174,42.965389],[68.0773186,42.963913],[68.0780911,42.9629395],[68.0794,42.9618874],[68.0815244,42.9607568],[68.0836876,42.959756],[68.0875519,42.9568179],[68.0899842,42.9556621],[68.0917449,42.9554628],[68.0938323,42.9558215],[68.0968455,42.9569241],[68.0995381,42.9586996],[68.1019735,42.9610473],[68.1044626,42.9635833],[68.1065655,42.9662919],[68.1088722,42.9697226],[68.110857,42.9715753],[68.1132173,42.9727685],[68.1161785,42.9734122],[68.1194401,42.9734122],[68.1235385,42.9728156],[68.1273579,42.9716224],[68.1303481,42.9702074],[68.1345033,42.9665981],[68.1397753,42.9636193],[68.1478929,42.9609452],[68.1565618,42.9580557],[68.1593513,42.9563047],[68.1612182,42.9547735],[68.1629133,42.9529439],[68.1633317,42.9517111],[68.1629133,42.9505724],[68.1614542,42.9492767],[68.1660687,42.9457545],[68.2168302,42.9793608],[68.2126158,42.9939846],[68.1394434,43.0407768],[68.1126465,43.0435296],[68.0928837,43.05386],[68.0661643,43.0751535],[68.0496802,43.0857719],[68.0665675,43.0848355],[68.0819752,43.0846912],[68.0961997,43.0901815],[68.110384,43.098627],[68.1289539,43.108583],[68.1261676,43.1238863],[68.2745572,43.1302999],[68.3050385,43.0438576],[68.3110538,43.0459113],[68.4234974,43.0840303],[68.4394427,43.0751029],[68.4411473,43.0691292],[68.444732,43.0477726],[68.4545412,43.0370655],[68.4805584,43.0377242],[68.5099945,43.0233356],[68.5089761,43.0131819],[68.5089309,42.9958403],[68.5721496,43.0037564],[68.5968153,42.9990736],[68.6942185,43.0052227],[68.7534286,42.9702792],[68.767887,42.9711832],[68.7576023,42.979631],[68.813882,42.9971221],[68.836196,43.0309531],[68.8418433,43.0291464],[68.8604888,43.0552943],[68.8629444,43.0587372],[68.8469151,43.0628362],[68.8347293,43.0637833],[68.8171637,43.0714544],[68.8090615,43.0702233],[68.7845488,43.0788373],[68.7639876,43.0914482],[68.7530801,43.0981345],[68.7524495,43.0990094],[68.7523864,43.0999764],[68.7538999,43.1043046],[68.7538884,43.1043365],[68.7535846,43.1051794],[68.7533419,43.1054974],[68.7530357,43.1058987],[68.752104,43.1062309],[68.7565905,43.108441],[68.7573417,43.1122117],[68.7691343,43.1199346],[68.7648345,43.127865],[68.766679,43.1322794],[68.7641394,43.1378075],[68.7742835,43.148654],[68.7844548,43.1527635],[68.7874944,43.160628],[68.7957974,43.1673793],[68.8101155,43.1783102],[68.8242778,43.207202],[68.8435277,43.2247118],[68.8476652,43.2365857],[68.8559881,43.2420495],[68.8628581,43.2601618],[68.8566828,43.2733056],[68.8830434,43.3196057],[68.9212361,43.3414501],[68.9333121,43.3503589],[68.9384718,43.3552534],[68.965165,43.3749111],[68.9794533,43.3825325],[68.9849406,43.4236706],[68.964338,43.4738643],[68.9898802,43.4927938],[69.01401,43.5283165],[69.0484232,43.548128],[68.988357,43.5782161],[68.9772008,43.5849543],[68.956375,43.558563],[68.9367198,43.530567],[68.9147472,43.5143233],[68.8508891,43.4868672],[68.8327788,43.5186181],[68.8449668,43.566213],[68.8514899,43.5918303],[68.8466834,43.6174367],[68.8582706,43.6340874],[68.8336372,43.6646431],[68.815441,43.6715346],[68.8303182,43.6749436],[68.7988141,43.7398429],[68.7858853,43.758],[68.7616085,43.766265],[68.7025339,43.7934987],[68.6550361,43.8110051],[68.6240882,43.8199639],[68.5892649,43.8072734],[68.5684433,43.8087512],[68.5161818,43.8086772],[68.4960353,43.81839],[68.4772199,43.8245909],[68.4852115,43.8396985],[68.4695662,43.8455745],[68.3893192,43.8578123],[68.3663195,43.8776245],[68.3251551,43.907261],[68.2757936,43.8999302],[68.2545859,43.8991857],[68.2448346,43.9016223],[68.2015746,43.9003821],[68.1873575,43.9079865],[68.1796909,43.9148928],[68.1787532,43.9490832],[68.1381849,43.9729116],[68.121098,43.9893393],[68.093517,43.999464],[68.0603024,44.0264966],[68.0596617,44.0208314],[68.0504789,44.000296],[68.0440638,43.9941428],[68.0341106,43.9783015],[68.0263461,43.9624934],[67.9655964,43.9350196],[67.9395133,43.9084753],[67.9216296,43.8864503],[67.9211238,43.8755166],[67.9549507,43.8699847],[67.9792878,43.8024696],[67.9787179,43.7947124],[67.971939,43.7705059],[67.9689158,43.7422662],[67.9714607,43.7369515],[67.9353738,43.7061213],[67.9309994,43.7058264],[67.9189823,43.701901],[67.9089831,43.7026957],[67.8987807,43.7050127],[67.8837983,43.7288865],[67.865612,43.7360786],[67.8456908,43.7421065],[67.8239247,43.7436641],[67.8263556,43.717891],[67.8382103,43.6392192],[67.828615,43.6196772],[67.8256756,43.5987943],[67.813837,43.5630496],[67.7935492,43.5637907],[67.7750237,43.5365937],[67.7341192,43.4801754],[67.7507047,43.4718204],[67.7250358,43.407283],[67.6640552,43.3830742],[67.6501255,43.3767152],[67.64952,43.375857],[67.6571781,43.3750754],[67.6607342,43.3742045],[67.6628628,43.3730742],[67.665413,43.370785],[67.6671744,43.3671422],[67.6673005,43.3653338],[67.6668499,43.3627128],[67.6658765,43.3603145],[67.6655881,43.3572215],[67.6650113,43.3554128],[67.6637314,43.3534468],[67.6622911,43.3514263],[67.661042,43.3484789],[67.6594848,43.3425944],[67.6599182,43.3386639],[67.658822,43.3347146],[67.6587455,43.3311174],[67.6594305,43.3276557],[67.6603678,43.3251512],[67.662363,43.3214425],[67.6642737,43.3196721],[67.6691251,43.3181563],[67.6715979,43.3159677],[67.6733951,43.3130371],[67.6753727,43.3111969],[67.6777881,43.3100951],[67.6802396,43.3097803],[67.6834662,43.3101738],[67.6855212,43.3108034],[67.6869632,43.3119183],[67.687522,43.3134004],[67.6874139,43.3154333],[67.6867382,43.3168504],[67.6840163,43.3188963],[67.681709,43.3204569],[67.6802669,43.3225814],[67.6795099,43.3275251],[67.6792214,43.331367],[67.6797622,43.3333993],[67.6818712,43.3378701],[67.6818352,43.3396793],[67.6810961,43.3424586],[67.680988,43.3448445],[67.6816369,43.3484887],[67.6842326,43.3535089],[67.6867922,43.3564186],[67.6902171,43.3586991],[67.6917674,43.3612547],[67.6933536,43.3627487],[67.6967605,43.3641509],[67.7032317,43.3658414],[67.7081888,43.3674532],[67.7152729,43.3678726],[67.72134,43.36762],[67.7323527,43.3663784],[67.7380364,43.3645582],[67.7424708,43.3631952],[67.7444176,43.3621993],[67.7471034,43.3591195],[67.7488005,43.356212],[67.7488643,43.3532648],[67.748074,43.3519857],[67.7466082,43.351374],[67.7439945,43.351243],[67.7414348,43.3517804],[67.7386949,43.3532222],[67.735955,43.3558697],[67.7349996,43.3570231],[67.7330348,43.3581502],[67.7295559,43.3588318],[67.7257705,43.3589628],[67.7225078,43.3582158],[67.7169911,43.3551422],[67.7155425,43.3538915],[67.7142446,43.3516108],[67.713794,43.3497102],[67.7140464,43.3478226],[67.7150738,43.3465642],[67.7184446,43.3451616],[67.722194,43.3441391],[67.724132,43.3429525],[67.7263773,43.340431],[67.7292254,43.3384776],[67.7337318,43.3366421],[67.7389826,43.3358331],[67.7427224,43.3352814],[67.745498,43.334008],[67.7479675,43.3323751],[67.7515062,43.3319365],[67.7561363,43.332995],[67.7620856,43.3339747],[67.7680348,43.3348864],[67.7722255,43.3353355],[67.7787438,43.3352947],[67.7840944,43.3335937],[67.7886405,43.3314844],[67.7935795,43.3292526],[67.7958245,43.3275243],[67.7985302,43.3246518],[67.7985159,43.3243649],[67.7983133,43.3240058],[67.7978252,43.3237787],[67.7934272,43.3231241],[67.7919134,43.3223322],[67.7910468,43.321219],[67.79093,43.320517],[67.7915369,43.3142309],[67.7925322,43.3108991],[67.7939818,43.3088533],[67.7973322,43.3037922],[67.8012853,43.3003661],[67.8032376,43.2994393],[67.8059802,43.2985932],[67.8132568,43.2974001],[67.8143969,43.2969683],[67.8158311,43.2959451],[67.8169488,43.2939611],[67.8166591,43.2923499],[67.8151406,43.290471],[67.8090833,43.2871034],[67.8011584,43.2844534],[67.799349,43.2838679],[67.7977443,43.283043],[67.796657,43.2822721],[67.7953911,43.2814379],[67.7944359,43.2810165],[67.7929825,43.2807958],[67.7909292,43.2809748],[67.7895084,43.281242],[67.785079,43.282601],[67.7835473,43.2827],[67.7822977,43.2825639],[67.7781798,43.2813931],[67.7752715,43.2808801],[67.770006,43.2802422],[67.767689,43.2795585],[67.766722,43.278806],[67.7661525,43.2779888],[67.7659219,43.2766113],[67.766388,43.2750404],[67.7670783,43.274435],[67.7692166,43.273593],[67.7720737,43.2731807],[67.7762643,43.2734996],[67.7791286,43.2738396],[67.7803198,43.2737552],[67.7821343,43.273101],[67.7838531,43.2720309],[67.785008,43.2703966],[67.784837,43.2680556],[67.7834425,43.2649556],[67.7825747,43.2628645],[67.7821368,43.2610431],[67.7820828,43.2601327],[67.7821836,43.2584511],[67.782583,43.2572413],[67.7835837,43.256392],[67.7845718,43.2561895],[67.7867624,43.2564156],[67.7885392,43.2570524],[67.7928063,43.2589934],[67.7952507,43.2592711],[67.7967605,43.2591837],[67.7990333,43.2586749],[67.8043844,43.2564872],[67.8068469,43.255876],[67.8105649,43.2552838],[67.8132502,43.2552154],[67.8209373,43.2557915],[67.8245001,43.2565237],[67.8264458,43.2565377],[67.8278881,43.2562528],[67.8299757,43.2550497],[67.8312635,43.2528299],[67.8309416,43.2505638],[67.8306842,43.2498995],[67.8282383,43.2485736],[67.8222513,43.2453278],[67.8185177,43.2429676],[67.8148913,43.2421391],[67.8118014,43.2414357],[67.8059864,43.2393098],[67.8010297,43.2375121],[67.7962446,43.2362771],[67.7927041,43.235433],[67.7896786,43.2336508],[67.7870178,43.2313996],[67.7858805,43.2292733],[67.7859032,43.2271532],[67.7865181,43.2250018],[67.7881585,43.2233245],[67.7914392,43.2225533],[67.7963339,43.2220713],[67.8010698,43.2227269],[67.8088748,43.2253103],[67.8123937,43.2272381],[67.8146426,43.2280863],[67.8173677,43.2283562],[67.8214951,43.2280478],[67.8248552,43.2272188],[67.8282947,43.2252139],[67.8314167,43.2225341],[67.8321311,43.2202397],[67.8337979,43.2184081],[67.8363643,43.217309],[67.8397244,43.2167499],[67.845016,43.2167692],[67.8539322,43.218196],[67.8602182,43.2196957],[67.8631444,43.2202165],[67.8642779,43.2204182],[67.8677577,43.2203501],[67.8694976,43.220391],[67.8708633,43.2203364],[67.8720793,43.2198593],[67.8731644,43.2190685],[67.8744676,43.2177737],[67.8753095,43.2159604],[67.8753469,43.2148424],[67.8750475,43.213288]],[[68.1547916,43.3174894],[68.1648123,43.3119625],[68.1659281,43.3126027],[68.166132,43.3128837],[68.1660461,43.3131803],[68.1660569,43.31368],[68.1661963,43.314039],[68.166368,43.3141718],[68.1667435,43.3142108],[68.1670332,43.3141405],[68.1674516,43.3137424],[68.1677627,43.313555],[68.1682777,43.3135472],[68.1686962,43.3136409],[68.1693828,43.3138205],[68.1701231,43.3138751],[68.1706273,43.3138127],[68.1711531,43.3138205],[68.1717539,43.3139063],[68.1718612,43.3141171],[68.1717753,43.314523],[68.1715608,43.3150851],[68.1713569,43.3156081],[68.1713998,43.3159282],[68.17155,43.3162014],[68.1718933,43.3165136],[68.172183,43.3166853],[68.1725478,43.3166697],[68.1726444,43.3165839],[68.1727087,43.3163107],[68.1727302,43.3159203],[68.1729126,43.3156237],[68.173331,43.3152646],[68.1737172,43.3151007],[68.1742322,43.3149055],[68.1748009,43.3150617],[68.175112,43.3152568],[68.1757665,43.3157096],[68.1757557,43.316256],[68.1755841,43.3167712],[68.175627,43.3169507],[68.1759703,43.3172318],[68.1765604,43.317544],[68.1770003,43.317825],[68.1773114,43.3181372],[68.1776333,43.3187617],[68.177923,43.31923],[68.1782341,43.3194642],[68.1790066,43.3195891],[68.1798863,43.3197452],[68.1803155,43.3200106],[68.1804657,43.3203853],[68.1803477,43.3208458],[68.1801867,43.3215795],[68.1799936,43.3221493],[68.1796503,43.3224771],[68.1789958,43.3228206],[68.1778049,43.3232108],[68.1775796,43.3233591],[68.1771934,43.3236635],[68.1765711,43.3237728],[68.1764638,43.3240538],[68.1767428,43.3245065],[68.1772578,43.3250138],[68.1775045,43.3253104],[68.1777942,43.3254196],[68.1781483,43.3254743],[68.1785238,43.3254196],[68.1795215,43.3254587],[68.1797254,43.3255523],[68.1798005,43.3259113],[68.1797576,43.3273708],[68.1797254,43.3281123],[68.1794894,43.3287054],[68.1795323,43.3289083],[68.1797361,43.3290566],[68.1799292,43.3290566],[68.1803048,43.329041],[68.1807232,43.3290098],[68.1809592,43.3291425],[68.1815278,43.3298995],[68.181957,43.3306643],[68.1825578,43.3311013],[68.1825364,43.3313823],[68.182472,43.3317023],[68.1822789,43.3319988],[68.1818282,43.3320612],[68.1812274,43.3321783],[68.1808412,43.3323578],[68.1807983,43.3325295],[68.1812382,43.3329899],[68.1818819,43.3333879],[68.182311,43.3337079],[68.1823969,43.3341137],[68.1825685,43.3342541],[68.1830406,43.3343244],[68.1832981,43.3343634],[68.1836522,43.3343088],[68.1838667,43.3341995],[68.1841135,43.333903],[68.1841135,43.3334738],[68.1842852,43.3331616],[68.184607,43.3330992],[68.1852615,43.333263],[68.1858408,43.3334425],[68.1863344,43.334059],[68.186506,43.3345585],[68.1864095,43.3349643],[68.1864202,43.3354403],[68.1872892,43.3358461],[68.1873965,43.336127],[68.1873321,43.3365406],[68.1870639,43.3369308],[68.186506,43.3370166],[68.1860018,43.337001],[68.1854117,43.3369386],[68.184886,43.3369386],[68.1845748,43.3367903],[68.1844139,43.3366732],[68.1841779,43.3364704],[68.1839526,43.3364782],[68.1835341,43.336564],[68.1832445,43.3367513],[68.1829333,43.3368137],[68.1826866,43.3369386],[68.182826,43.3371571],[68.183223,43.3375628],[68.1840384,43.3381637],[68.1844783,43.3383354],[68.1851435,43.3386007],[68.1855297,43.3387099],[68.185873,43.3387099],[68.1862914,43.3386319],[68.1869137,43.3385304],[68.1875145,43.338507],[68.1879651,43.3382729],[68.1883621,43.3381481],[68.1887805,43.3382183],[68.189038,43.338468],[68.1889629,43.3388504],[68.1887162,43.3390923],[68.1879973,43.3396073],[68.1873,43.3400677],[68.1869244,43.3403095],[68.1865811,43.3405592],[68.1860661,43.3407075],[68.1857335,43.3408323],[68.1856263,43.3411679],[68.1859374,43.3412771],[68.1863022,43.3413005],[68.1864631,43.3412147],[68.1867421,43.3412537],[68.1869674,43.3413785],[68.1871068,43.3415814],[68.1874823,43.3418155],[68.1878257,43.3419325],[68.1881261,43.3418311],[68.1881583,43.341558],[68.1879437,43.3412771],[68.1877935,43.3409338],[68.1879651,43.3404266],[68.1882977,43.3403251],[68.1886947,43.3404344],[68.1888986,43.3406529],[68.1892204,43.3411289],[68.1894243,43.3413083],[68.1897354,43.3413161],[68.1902933,43.3413317],[68.1907117,43.3413785],[68.190937,43.3416282],[68.1908727,43.3419638],[68.1907868,43.3427518],[68.1914305,43.3443123],[68.1920957,43.3441251],[68.1928253,43.3436413],[68.1932759,43.3428611],[68.1931257,43.3421588],[68.1935334,43.3416282],[68.1944775,43.3411913],[68.1948852,43.3408792],[68.1954646,43.3410976],[68.1963873,43.3407387],[68.1983185,43.341597],[68.1997347,43.3422837],[68.2006788,43.3425958],[68.2013654,43.342112],[68.2020521,43.3414722],[68.2009148,43.340848],[68.2030391,43.3400833],[68.2046056,43.3408636],[68.2075453,43.3418935],[68.20791,43.3433448],[68.2083607,43.3443748],[68.2090902,43.3450302],[68.2098198,43.3442967],[68.2107854,43.3406919],[68.211751,43.3405983],[68.2128238,43.340848],[68.2145619,43.3414878],[68.21527,43.3430327],[68.2162785,43.34322],[68.2181239,43.3434229],[68.2188749,43.343376],[68.2196688,43.34322],[68.2200336,43.3426738],[68.2172441,43.3377579],[68.2175874,43.3326387],[68.2177806,43.3310155],[68.2174587,43.3302819],[68.2170939,43.3294703],[68.2163429,43.3293298],[68.2177806,43.3276596],[68.2183814,43.3278625],[68.2231235,43.3305941],[68.2235312,43.3302039],[68.2250333,43.3310467],[68.2298827,43.3329197],[68.229754,43.333107],[68.2365882,43.3358539],[68.2369208,43.3354169],[68.2418024,43.3373834],[68.2458687,43.3389674],[68.2459116,43.3386085],[68.2524294,43.3412771],[68.2525259,43.3411679],[68.2560289,43.342627],[68.2563722,43.3416985],[68.25899,43.3422134],[68.2630992,43.3439612],[68.2651591,43.3448351],[68.2667684,43.3441095],[68.2669562,43.3441914],[68.2675087,43.3443474],[68.2682007,43.3447025],[68.2699066,43.3454242],[68.2701641,43.3455997],[68.271693,43.3468793],[68.2725245,43.3475035],[68.2729214,43.3478936],[68.2746541,43.3487518],[68.2771808,43.3496139],[68.2808715,43.3509714],[68.2828242,43.3517008],[68.2859623,43.3534249],[68.2900929,43.355738],[68.2906508,43.3535654],[68.2952213,43.352871],[68.2983112,43.3527852],[68.307023,43.3560149],[68.3112287,43.3576999],[68.312087,43.3571382],[68.3137822,43.3562489],[68.3150267,43.357185],[68.3205199,43.3593224],[68.3225798,43.3594316],[68.3245539,43.356795],[68.3282447,43.3562489],[68.3352613,43.3537526],[68.3376539,43.3551022],[68.3401,43.3549072],[68.3396816,43.3545561],[68.3389199,43.3525122],[68.3396065,43.3522859],[68.3400357,43.3517476],[68.3410227,43.3513498],[68.3407438,43.3509675],[68.3411622,43.3505852],[68.3414733,43.3501327],[68.3421063,43.3498596],[68.3428788,43.3506242],[68.3511829,43.3465282],[68.3489728,43.3446244],[68.3540261,43.3422368],[68.3547771,43.3420574],[68.3550453,43.3420652],[68.3557212,43.3420262],[68.3564508,43.3420574],[68.3572125,43.342073],[68.357749,43.3418623],[68.3581567,43.339381],[68.3583605,43.3349174],[68.3584249,43.3338796],[68.3589077,43.3315852],[68.3589399,43.3313042],[68.3619547,43.3313823],[68.3630061,43.3298292],[68.3683169,43.3273474],[68.3720183,43.3180904],[68.3739281,43.3126105],[68.3741212,43.3126807],[68.3759022,43.3091443],[68.3752692,43.3088632],[68.3757305,43.3057481],[68.3764064,43.3052641],[68.3769643,43.304335],[68.37749,43.3037962],[68.3790994,43.3022894],[68.3749795,43.3006809],[68.3742499,43.3005716],[68.369894,43.3006497],[68.3724904,43.2976982],[68.3768248,43.2916385],[68.3785414,43.2887022],[68.3794856,43.2867185],[68.3714175,43.2841412],[68.3751297,43.2781427],[68.3687782,43.2764086],[68.3625018,43.2689953],[68.3604741,43.2665813],[68.362931,43.2657141],[68.3603668,43.2613858],[68.3592832,43.2594247],[68.3584356,43.2583152],[68.3548736,43.2535644],[68.3513224,43.2495947],[68.3510649,43.2497197],[68.3477068,43.2457811],[68.3460653,43.2464688],[68.3427286,43.242608],[68.342852,43.2424713],[68.3425998,43.2422642],[68.3341455,43.2371369],[68.3365058,43.2292264],[68.3223438,43.234792],[68.3152628,43.2388878],[68.3008003,43.2418265],[68.2978606,43.2408573],[68.2962942,43.2401227],[68.2937622,43.2395443],[68.2899642,43.2376997],[68.289299,43.2407323],[68.2803511,43.2388096],[68.279922,43.239091],[68.2792997,43.239091],[68.2776689,43.2385595],[68.2767033,43.2391535],[68.2740426,43.23845],[68.2725405,43.2384657],[68.269279,43.237731],[68.2687265,43.2381765],[68.2680237,43.2443978],[68.2639575,43.2438116],[68.264054,43.2405603],[68.2632816,43.2405916],[68.2631636,43.241295],[68.262831,43.2421547],[68.2625842,43.2432723],[68.2619834,43.2437335],[68.2617259,43.244007],[68.2613933,43.2446478],[68.2612002,43.2452653],[68.2545698,43.2430691],[68.2533467,43.2424752],[68.2518017,43.2419281],[68.2530784,43.2389972],[68.2450533,43.2370744],[68.2438302,43.2406072],[68.2417166,43.2401695],[68.2412338,43.2398882],[68.2288742,43.2389503],[68.2286596,43.2368868],[68.2237243,43.2348858],[68.2184457,43.2394192],[68.2128667,43.2374183],[68.2067728,43.2371369],[68.200593,43.2371369],[68.1978464,43.2374809],[68.1930828,43.2384501],[68.1838131,43.2481412],[68.1705522,43.2512045],[68.1645441,43.2549553],[68.1622695,43.2584559],[68.157978,43.255768],[68.1540727,43.2623625],[68.1525278,43.2634875],[68.1502533,43.2662064],[68.1493091,43.2681751],[68.148837,43.2701437],[68.1487083,43.2718623],[68.1463909,43.2724873],[68.1499528,43.2792362],[68.147335,43.2799235],[68.1492233,43.2850159],[68.1466484,43.2894519],[68.1466269,43.2946059],[68.1347608,43.2952931],[68.1371641,43.3007746],[68.1390953,43.3006653],[68.1408119,43.3023362],[68.1381297,43.3023518],[68.1474208,43.3127198],[68.1547916,43.3174894]],[[68.6141896,43.4763266],[68.6153912,43.4844541],[68.615638,43.484493],[68.6157775,43.4849055],[68.6165607,43.4853726],[68.6171079,43.4855205],[68.6174941,43.4854582],[68.6177409,43.4852091],[68.6179662,43.4848822],[68.618406,43.4844463],[68.6186743,43.484275],[68.6188137,43.4843373],[68.6189747,43.4845864],[68.6189961,43.4848433],[68.6187816,43.4852558],[68.6186314,43.4855516],[68.6183309,43.4858007],[68.6179769,43.4860031],[68.6177409,43.4860965],[68.6172688,43.4861588],[68.6168396,43.4862912],[68.6166358,43.4864313],[68.6164212,43.4867348],[68.6163032,43.4869995],[68.6162925,43.4872486],[68.6164319,43.4873109],[68.6167967,43.4873187],[68.6171508,43.4872019],[68.6176443,43.4870618],[68.6179984,43.4870306],[68.6182666,43.4871241],[68.6183953,43.4873498],[68.61817,43.4876222],[68.6176658,43.4877857],[68.6173653,43.4879102],[68.6172473,43.4880971],[68.6173868,43.4883072],[68.617816,43.4884084],[68.6183202,43.4884084],[68.6186421,43.488424],[68.6189103,43.4885641],[68.619039,43.4886964],[68.6189532,43.488891],[68.6187065,43.4890156],[68.6183953,43.48907],[68.6181378,43.4892257],[68.6180198,43.4893658],[68.6181593,43.4898406],[68.6186528,43.4900508],[68.618921,43.4901987],[68.6188245,43.4905879],[68.6186206,43.4911405],[68.6187923,43.491483],[68.6192214,43.49202],[68.6191893,43.4924014],[68.6190712,43.4927283],[68.6257553,43.4912417],[68.6455607,43.4941527],[68.6453354,43.5046435],[68.6450565,43.5050092],[68.6447132,43.5054294],[68.6441982,43.5057407],[68.643887,43.5060053],[68.6438656,43.5062699],[68.6438656,43.5065811],[68.6436295,43.5068613],[68.6432862,43.5070791],[68.6430931,43.5073593],[68.6429322,43.5076628],[68.6431146,43.5078495],[68.6445308,43.508332],[68.6444127,43.5085732],[68.6436832,43.5090478],[68.641634,43.5101839],[68.6410117,43.5105885],[68.6403036,43.5111721],[68.6392736,43.5117012],[68.63819,43.5124637],[68.6360657,43.5140432],[68.6354756,43.5146034],[68.6350679,43.5151013],[68.6346924,43.515467],[68.6343706,43.5156226],[68.6338127,43.5157238],[68.6335981,43.514261],[68.6329007,43.5138409],[68.6323535,43.5135141],[68.631742,43.5133585],[68.6310232,43.5131562],[68.6304009,43.5133274],[68.6297357,43.5135219],[68.6293065,43.5136931],[68.6288559,43.5137397],[68.6286199,43.5135608],[68.6280191,43.5127983],[68.6276007,43.5126271],[68.6270106,43.512596],[68.6266029,43.5123781],[68.6263668,43.5121214],[68.6259377,43.5114522],[68.6255836,43.5111176],[68.6249936,43.5106897],[68.6241889,43.5104095],[68.6235559,43.5097481],[68.6232126,43.5091101],[68.6223543,43.5087755],[68.6223864,43.5083008],[68.6210775,43.5075305],[68.6204874,43.507476],[68.6199295,43.5075772],[68.6193824,43.507546],[68.6189425,43.5073515],[68.6179554,43.5069157],[68.6171508,43.5064955],[68.6161852,43.5062854],[68.6156487,43.5063088],[68.6146617,43.5063477],[68.6057836,43.5239821],[68.60735,43.5249623],[68.6101609,43.5269032],[68.6110997,43.527471],[68.6128807,43.5278678],[68.6138248,43.5276422],[68.6141789,43.5274321],[68.6151874,43.5274633],[68.6161101,43.5281322],[68.6175477,43.5305125],[68.6198759,43.5287779],[68.6222899,43.5297735],[68.6281371,43.5322626],[68.6265492,43.5337483],[68.6171293,43.5317026],[68.6147475,43.531197],[68.6138999,43.5307303],[68.611089,43.5301002],[68.6088037,43.5293846],[68.6069369,43.5288946],[68.6063898,43.5290346],[68.6056387,43.5288323],[68.6050486,43.5286534],[68.6041045,43.5286456],[68.6034286,43.5289412],[68.6016798,43.5290579],[68.6004889,43.5290657],[68.5993731,43.5294935],[68.5981929,43.5295713],[68.5959935,43.5296335],[68.5933864,43.5301002],[68.5915625,43.5305747],[68.5901463,43.5303803],[68.5892129,43.5303647],[68.5869491,43.530917],[68.5828614,43.532776],[68.5791385,43.5317959],[68.5749006,43.5333282],[68.57548,43.5368516],[68.5692358,43.5402893],[68.5715532,43.5567903],[68.5756731,43.5622948],[68.5479068,43.5832509],[68.4993696,43.597114],[68.5146904,43.6228424],[68.5155057,43.6434358],[68.4943914,43.6536833],[68.4795856,43.635982],[68.4581279,43.61057],[68.4525919,43.6038579],[68.4062862,43.595156],[68.3860302,43.586888],[68.3943557,43.6107875],[68.4000205,43.6349571],[68.4028529,43.6478145],[68.4189891,43.6640843],[68.4344386,43.679791],[68.4032821,43.6943145],[68.3773612,43.6743283],[68.3433723,43.6299251],[68.3273219,43.6089853],[68.3185672,43.5904005],[68.3112716,43.57865],[68.2796001,43.5627302],[68.2592582,43.5522184],[68.2391738,43.5321849],[68.2248401,43.5274555],[68.2014083,43.5164396],[68.1967734,43.512456],[68.1800365,43.4420141],[68.1784915,43.4420764],[68.1796073,43.438898],[68.1845855,43.4302346],[68.1897354,43.419201],[68.1933832,43.4090694],[68.1982112,43.4122805],[68.2028031,43.4186866],[68.2100987,43.4157252],[68.2160854,43.4215699],[68.2224583,43.4158343],[68.2360625,43.4220686],[68.2253122,43.4540405],[68.2296037,43.4687431],[68.2418775,43.487272],[68.2609748,43.4871163],[68.2727336,43.479394],[68.3001566,43.4751899],[68.3079994,43.470456],[68.3114004,43.4717563],[68.3160138,43.4683226],[68.3198547,43.4729476],[68.323524,43.4704327],[68.3231377,43.466921],[68.322494,43.461984],[68.325777,43.4606757],[68.3332443,43.4583706],[68.3295107,43.4503642],[68.325541,43.4451143],[68.3212495,43.4346599],[68.334403,43.427975],[68.3471059,43.4324473],[68.3619117,43.4347223],[68.3690786,43.4286451],[68.3834123,43.419575],[68.4116935,43.4416401],[68.4317779,43.4585887],[68.4354686,43.4619529],[68.4497594,43.4700512],[68.4534073,43.4575607],[68.4497058,43.4550607],[68.4431827,43.4508082],[68.437711,43.4472876],[68.4382367,43.4439771],[68.4392667,43.4433539],[68.4434402,43.4432448],[68.4451461,43.442349],[68.447839,43.442201],[68.449341,43.4401756],[68.4502852,43.4393654],[68.4588575,43.4421698],[68.4579778,43.4443354],[68.4676444,43.4489077],[68.4667325,43.4495308],[68.4730947,43.4546635],[68.4829008,43.4626148],[68.49437,43.4724026],[68.5021698,43.4755947],[68.5022557,43.4759684],[68.5025883,43.4762643],[68.5028887,43.4762954],[68.5030925,43.4762331],[68.5034358,43.4762799],[68.5036719,43.4764823],[68.5036719,43.4767003],[68.5035109,43.4768482],[68.5034788,43.4770195],[68.5042834,43.4775878],[68.5055601,43.477907],[68.5063541,43.4782495],[68.5066545,43.4787634],[68.5070944,43.4789736],[68.5075343,43.4789658],[68.5084033,43.4788879],[68.5109675,43.4783196],[68.5200548,43.4763733],[68.5230803,43.4757504],[68.5120618,43.4608782],[68.524518,43.452031],[68.540225,43.4524983],[68.5440767,43.4531681],[68.5448813,43.4534797],[68.5453534,43.4678398],[68.5647296,43.4702069],[68.5858011,43.4721379],[68.5926246,43.473695],[68.6141896,43.4763266]]]}},{"type":"Feature","properties":{"osmId":"relation/3407031","name":"Сузакский район"},"geometry":{"type":"MultiLineString","coordinates":[[[69.0671103,45.9998871],[69.2499637,45.7691513],[69.2665926,45.7693648],[69.2915988,45.7014081],[69.3586385,45.4974416],[69.3677253,45.4851893],[69.3798481,45.4648888],[69.4643563,45.3384052],[69.538832,45.1548863],[69.5925074,44.9559329],[69.6526666,44.8879803],[69.6675498,44.8205814],[69.6984324,44.7111472],[69.716991,44.6539121],[69.824794,44.1605552],[69.7681796,44.1247948],[69.7642303,44.0987894],[69.7442858,44.068695],[69.706785,44.0272817],[69.7336549,43.9874852],[69.7144809,43.958754],[69.701683,43.9260755],[69.6930101,43.8770999],[69.6863177,43.8514688],[69.6827099,43.8418003],[69.6797653,43.8200512],[69.6789792,43.8035681],[69.6815899,43.7762095],[69.680387,43.7634841],[69.6638723,43.7422057],[69.644635,43.7248878],[69.6382409,43.7089972],[69.6158612,43.6764816],[69.6007735,43.6421678],[69.5572584,43.5558766],[69.5291634,43.5238693],[69.5242666,43.5178209],[69.5220072,43.5158729],[69.5157659,43.5090166],[69.4916209,43.4956755],[69.4877992,43.4887723],[69.4655004,43.4697035],[69.4598246,43.465875],[69.4504879,43.4637579],[69.4449722,43.457121],[69.4403338,43.4477387],[69.4381609,43.4446136],[69.4339444,43.4313126],[69.4284754,43.428118],[69.4240108,43.4262421],[69.4180652,43.4247095],[69.4151804,43.423233],[69.4052943,43.4147523],[69.3912324,43.4052035],[69.3792987,43.3943618],[69.3737134,43.39046],[69.3673761,43.3846678],[69.3619007,43.3751655],[69.3528654,43.3753861],[69.3424063,43.3773781],[69.3129662,43.4004431],[69.3052851,43.4029647],[69.2860885,43.4013246],[69.2610273,43.4152405],[69.2422279,43.4208919],[69.223513,43.450399],[69.1845987,43.4668252],[69.1580908,43.4791661],[69.1321166,43.4857553],[69.1259697,43.4827106],[69.1214091,43.4765649],[69.119551,43.4756206],[69.1173236,43.4756905],[69.1157484,43.4770439],[69.1104646,43.4806314],[69.1062967,43.4857045],[69.100914,43.4864529],[69.0989701,43.4897664],[69.0978577,43.4907812],[69.0941455,43.4915278],[69.0914575,43.4943012],[69.0889583,43.4993723],[69.0864542,43.5013343],[69.0843247,43.5056615],[69.084792,43.507824],[69.0834031,43.5107314],[69.0850781,43.5130957],[69.0855465,43.5160017],[69.090788,43.5218201],[69.0484232,43.548128],[68.988357,43.5782161],[68.9772008,43.5849543],[68.9333953,43.5940129],[68.9197879,43.6009225],[68.9026827,43.6096037],[68.9235706,43.6419938],[68.9451214,43.6869513],[68.9242447,43.6982263],[68.8303182,43.6749436],[68.7988141,43.7398429],[68.7858853,43.758],[68.7616085,43.766265],[68.7025339,43.7934987],[68.6550361,43.8110051],[68.6240882,43.8199639],[68.5892649,43.8072734],[68.5684433,43.8087512],[68.5161818,43.8086772],[68.4960353,43.81839],[68.4772199,43.8245909],[68.4852115,43.8396985],[68.4695662,43.8455745],[68.3893192,43.8578123],[68.3663195,43.8776245],[68.3251551,43.907261],[68.2757936,43.8999302],[68.2545859,43.8991857],[68.2448346,43.9016223],[68.2015746,43.9003821],[68.1873575,43.9079865],[68.1796909,43.9148928],[68.1787532,43.9490832],[68.1381849,43.9729116],[68.121098,43.9893393],[68.093517,43.999464],[68.0603024,44.0264966],[68.0398472,44.0328341],[68.0042197,44.0629935],[67.9580292,44.0783033],[67.9161977,44.0986458],[67.9063735,44.1157134],[67.886958,44.1322839],[67.8069274,44.166165],[67.7865918,44.2033319],[67.7564211,44.2221459],[67.7410365,44.2638373],[67.733382,44.271978],[67.630688,44.3111868],[67.5955985,44.2987079],[67.5829861,44.2950503],[67.5593265,44.3120193],[67.4824026,44.3525567],[67.4620291,44.3677573],[67.4874071,44.4218733],[67.5089868,44.4334332],[67.5085481,44.4670781],[67.516123,44.5490973],[67.5259485,44.6491445],[67.5268494,44.6784637],[67.5106155,44.813437],[67.5222872,44.8366195],[67.5063496,45.0483973],[67.5090404,45.0704737],[67.5162139,45.1477684],[67.3908766,45.1817712],[67.325232,45.2223617],[67.3164331,45.2264015],[67.2170649,45.2718879],[67.1785996,45.2972078],[67.1745469,45.3001464],[67.1725866,45.300115],[67.1704611,45.3016281],[67.1679031,45.3022385],[67.1679702,45.3038769],[67.1720225,45.307036],[67.1678994,45.3132397],[67.178249,45.3143824],[67.1786067,45.3212278],[67.1669916,45.3348807],[67.1673643,45.3436487],[67.1681668,45.3511988],[67.1816895,45.3572404],[67.1832919,45.3675287],[67.1943031,45.3720864],[67.2030548,45.3827681],[67.2200221,45.3874545],[67.2403349,45.3956379],[67.2458704,45.406151],[67.242401,45.4135184],[67.2471172,45.4182162],[67.2454553,45.4211167],[67.2374603,45.4237648],[67.2334633,45.4310358],[67.2390383,45.4434254],[67.252668,45.4545113],[67.263826,45.4695613],[67.2581611,45.4885788],[67.2646843,45.5031385],[67.2597061,45.5143264],[67.261766,45.5270755],[67.2577094,45.5511054],[67.2448428,45.5644112],[67.2567455,45.5716747],[67.2535263,45.5840504],[67.262281,45.5964234],[67.2748123,45.6038699],[67.2907768,45.6139572],[67.2894643,45.631611],[67.289263,45.6340781],[67.2872456,45.635788],[67.2871814,45.6375966],[67.2892339,45.6383752],[67.2905302,45.6388575],[67.2907447,45.6402677],[67.2907018,45.642038],[67.2916889,45.6430281],[67.2931051,45.6444682],[67.2941351,45.6454583],[67.2959375,45.6446182],[67.2979545,45.6437482],[67.3004007,45.6440182],[67.3013877,45.6452483],[67.3008728,45.6466284],[67.2994136,45.6481884],[67.2980833,45.6495384],[67.2978687,45.6510984],[67.2980833,45.6522683],[67.299714,45.6537082],[67.3004865,45.6550581],[67.2997999,45.6573978],[67.3001432,45.6594075],[67.3008728,45.6596474],[67.3007011,45.6604873],[67.285627,45.6660456],[67.2890602,45.6755219],[67.2935234,45.6873951],[67.3189293,45.6975872],[67.3359238,45.717007],[67.3343788,45.7263548],[67.3421036,45.7422905],[67.3615013,45.7525924],[67.3654495,45.7575031],[67.3563515,45.7753456],[67.3481117,45.7936612],[67.3326622,45.7986879],[67.3260505,45.8028913],[67.3256241,45.8106546],[67.317041,45.8157994],[67.318586,45.8209438],[67.3148094,45.8341017],[67.3041178,45.8487998],[67.2950137,45.8520296],[67.283052,45.8488109],[67.278305,45.8472429],[67.2713084,45.8561725],[67.2670875,45.8663852],[67.2514664,45.875947],[67.2374075,45.8861197],[67.2413925,45.8992622],[67.2040159,45.9156157],[67.1752524,45.93417],[67.1630718,45.9556505],[67.1794215,45.9746174],[67.1673235,45.9943513],[67.1749801,46.0005345],[67.6523151,46.00007],[68.2379356,46.0003066],[68.9978451,45.9996097],[69.0671103,45.9998871]]]}},{"type":"Feature","properties":{"osmId":"relation/5498152","name":"Толебийский район"},"geometry":{"type":"MultiLineString","coordinates":[[[69.9792416,42.3689606],[69.9800431,42.3689318],[69.9801885,42.3688353],[69.9806765,42.3687473],[69.9808755,42.3684003],[69.9817675,42.3684273],[69.9826605,42.3687553],[69.9835525,42.3688353],[69.9856735,42.3679353],[69.9866045,42.3670463],[69.9868945,42.3670003],[69.9871005,42.3671533],[69.9875885,42.3678813],[69.9884665,42.3682893],[69.9890385,42.3682783],[69.9899155,42.3684653],[69.9910755,42.3685533],[69.9922965,42.3682063],[69.9923265,42.3679463],[69.9931159,42.3667454],[69.9931507,42.3664802],[69.9931083,42.3662836],[69.9928958,42.3657759],[69.9928794,42.3655374],[69.9929314,42.365309],[69.9928858,42.3650991],[69.9926694,42.3646949],[69.9925814,42.3644589],[69.992564,42.3639657],[69.9926305,42.3637831],[69.9928476,42.3635569],[69.9930604,42.3633244],[69.9931345,42.363159],[69.9931339,42.3629936],[69.9929249,42.3626899],[69.9928951,42.3625519],[69.9929401,42.3624139],[69.993196,42.3621558],[69.9938286,42.3616461],[69.9939862,42.3614671],[69.994149,42.3611775],[69.9943238,42.3610189],[69.9945266,42.3609638],[69.9953919,42.3609798],[69.9960991,42.3621462],[69.9965641,42.3624766],[69.9959785,42.365126],[69.997677,42.3653501],[69.9984804,42.365552],[69.998703,42.3655381],[69.9988049,42.3655282],[69.9989497,42.3655163],[69.9991536,42.365544],[69.9992984,42.3655876],[69.999446,42.3656629],[69.9996176,42.36576],[69.9998402,42.3658869],[69.9999663,42.3659364],[70.0001046,42.3659661],[70.0002131,42.3660117],[70.0002828,42.3660632],[70.0003139,42.3661052],[70.0004491,42.3661326],[70.0005269,42.3661286],[70.0006664,42.3661068],[70.0007897,42.3660791],[70.0009051,42.3660672],[70.0012055,42.3660831],[70.0014886,42.366093],[70.0018058,42.3661303],[70.0019818,42.3661464],[70.0021511,42.3661544],[70.0023561,42.3662158],[70.0024822,42.3662277],[70.0025868,42.3662456],[70.0028845,42.3663565],[70.0030695,42.3664239],[70.003401,42.3664517],[70.0035308,42.3664834],[70.0037776,42.3665468],[70.0040273,42.3666127],[70.0097999,42.3691767],[70.0149537,42.3714016],[70.0180478,42.3732458],[70.0219838,42.375687],[70.0229578,42.3764003],[70.0251005,42.3777635],[70.0257655,42.3782866],[70.0277563,42.3793803],[70.031786,42.3818708],[70.032921,42.3828942],[70.0340127,42.3835532],[70.0350614,42.3840537],[70.0374592,42.3854984],[70.0388905,42.3861029],[70.0390053,42.386516],[70.0435259,42.389401],[70.0444558,42.3900987],[70.0451712,42.3904001],[70.0458566,42.3904998],[70.0547741,42.3878918],[70.0581386,42.3918767],[70.0606877,42.394071],[70.064263,42.3971115],[70.0714645,42.4032579],[70.0725101,42.4016545],[70.0726392,42.4010093],[70.0732725,42.3989728],[70.0749658,42.3952403],[70.0757365,42.3938691],[70.0760555,42.3928477],[70.0783743,42.3872498],[70.0805995,42.3816513],[70.0802342,42.3807515],[70.0811888,42.3804979],[70.0818463,42.3790238],[70.0819938,42.3778825],[70.0823961,42.377296],[70.0841768,42.3731873],[70.0854639,42.369887],[70.085623,42.369555],[70.0858886,42.3694941],[70.0870728,42.3700978],[70.0908308,42.3717903],[70.094072,42.373682],[70.0985423,42.3751143],[70.1038804,42.3774962],[70.1072326,42.3785355],[70.1125112,42.3804205],[70.1136485,42.380771],[70.114614,42.3816127],[70.1162663,42.3818712],[70.1176396,42.3822016],[70.1194802,42.3828946],[70.1204076,42.3827971],[70.1262656,42.3851117],[70.1287284,42.3860614],[70.1299813,42.3864095],[70.1347276,42.3883903],[70.1353842,42.3889845],[70.1371087,42.3894754],[70.1379747,42.3891117],[70.13867,42.3885429],[70.1403095,42.3861041],[70.1408922,42.3852115],[70.1414669,42.3845471],[70.1417189,42.384077],[70.1422414,42.3838531],[70.1433481,42.383482],[70.1440157,42.3833133],[70.1442303,42.3823879],[70.1439515,42.3821281],[70.1439509,42.3817977],[70.1443714,42.3815195],[70.1445741,42.3808302],[70.1452025,42.3801088],[70.1459846,42.379414],[70.1465509,42.3789645],[70.1469859,42.3787633],[70.1471761,42.3785037],[70.1478374,42.3781355],[70.1482732,42.3774901],[70.1488864,42.3773431],[70.1491411,42.3771264],[70.150071,42.3754317],[70.1505651,42.374532],[70.1508447,42.3723959],[70.1505834,42.3716071],[70.1503384,42.3704828],[70.1505225,42.3701609],[70.1505517,42.3695546],[70.15109,42.3687767],[70.1516575,42.3683356],[70.1518326,42.3678388],[70.1525961,42.3671013],[70.1525899,42.3667642],[70.1526501,42.3665929],[70.1529302,42.3664877],[70.1532599,42.3659466],[70.1533715,42.3653997],[70.1548711,42.3643641],[70.1564972,42.3635965],[70.1571513,42.3634918],[70.1575106,42.3633131],[70.158479,42.3624583],[70.158741,42.3619947],[70.1602423,42.3613308],[70.1607443,42.3607795],[70.1616991,42.3601502],[70.1616116,42.3595796],[70.1617384,42.3589603],[70.1621124,42.3587854],[70.1629161,42.3587239],[70.1635127,42.3589154],[70.1645802,42.358545],[70.1659846,42.3578707],[70.1672565,42.3576175],[70.1675414,42.3574277],[70.1683406,42.3566707],[70.1687965,42.3565162],[70.1696653,42.3557633],[70.1700237,42.3555593],[70.1706144,42.3554478],[70.1715912,42.356034],[70.1722399,42.3562422],[70.1730547,42.3563464],[70.1734137,42.3564212],[70.1733535,42.3566779],[70.1738383,42.3570282],[70.1745378,42.3571723],[70.1760138,42.3567714],[70.1772928,42.3564541],[70.1779317,42.3562547],[70.1784155,42.3566087],[70.1795478,42.3564766],[70.1809723,42.3565136],[70.1815385,42.3567091],[70.181903,42.3575015],[70.183053,42.3580751],[70.183845,42.3582118],[70.1846079,42.3585358],[70.1860818,42.358581],[70.1868425,42.3587904],[70.1882859,42.359379],[70.1914541,42.3603661],[70.1928463,42.3603939],[70.193805,42.3603115],[70.1944903,42.3601681],[70.1965237,42.360354],[70.1973359,42.3605572],[70.1980058,42.3608169],[70.1987194,42.360908],[70.1991416,42.3613029],[70.2002058,42.3613794],[70.2018344,42.3612653],[70.2021446,42.3614798],[70.20244,42.3616034],[70.2026793,42.3619369],[70.2041023,42.3624897],[70.2052486,42.3633484],[70.2058688,42.3634385],[70.2072562,42.3640637],[70.2081666,42.3648508],[70.2084883,42.3650768],[70.2094151,42.3654472],[70.2092968,42.3656416],[70.2103046,42.3659931],[70.2106652,42.3659629],[70.2114475,42.3657457],[70.2121338,42.3654608],[70.2123524,42.3649756],[70.2131124,42.3647141],[70.2137136,42.3642369],[70.2142547,42.3640199],[70.2144224,42.3637132],[70.2156027,42.3634383],[70.2175773,42.363701],[70.2186758,42.3636893],[70.2198214,42.3635866],[70.2222727,42.3640856],[70.2237002,42.3642515],[70.2242034,42.3641797],[70.2249595,42.3641354],[70.2252733,42.363951],[70.2252964,42.36303],[70.2251164,42.3625611],[70.2271818,42.3624666],[70.2287976,42.3626907],[70.2300284,42.3627862],[70.2308146,42.3626208],[70.2313862,42.3623008],[70.2319985,42.3623968],[70.2325011,42.3627113],[70.2327217,42.3627572],[70.2329491,42.3627307],[70.2330849,42.362186],[70.2333027,42.3620871],[70.2350126,42.3625455],[70.235427,42.3625108],[70.235889,42.3619989],[70.236201,42.3617239],[70.2364212,42.3613292],[70.2369095,42.36133],[70.2379134,42.3615479],[70.2397932,42.3623841],[70.2404089,42.3622965],[70.2412062,42.3620373],[70.242288,42.3611806],[70.2433487,42.3609036],[70.2440022,42.3610292],[70.2450528,42.3606557],[70.2455797,42.3601369],[70.2476652,42.3594202],[70.2489503,42.3597925],[70.2499456,42.3603248],[70.2508093,42.3608197],[70.2511928,42.3616907],[70.2518076,42.3623237],[70.2523515,42.3622514],[70.253654,42.3614525],[70.2549298,42.3613529],[70.2549129,42.3608345],[70.2538339,42.3595127],[70.2533477,42.3589802],[70.2528529,42.358548],[70.2528662,42.3582145],[70.2532972,42.3577436],[70.2554364,42.3554066],[70.286388,42.3368077],[70.2893923,42.3336814],[70.3083993,42.3138991],[70.3088596,42.3136321],[70.3091936,42.3133714],[70.311456,42.3140025],[70.3130319,42.31394],[70.3158269,42.3145797],[70.3173736,42.314715],[70.3232261,42.3154465],[70.3276208,42.3172174],[70.3339435,42.3194221],[70.337057,42.3215205],[70.3395238,42.3224413],[70.3439664,42.3233179],[70.3456309,42.3243272],[70.3479181,42.3239819],[70.349403,42.3246636],[70.3501814,42.3256021],[70.3550312,42.3265936],[70.3583437,42.3268009],[70.3590175,42.3240863],[70.3600044,42.3246574],[70.360837,42.324623],[70.3624892,42.3249591],[70.3637635,42.3252183],[70.3656105,42.3257633],[70.3657555,42.3263283],[70.3663955,42.3266023],[70.3671975,42.3266943],[70.3677385,42.3269533],[70.3696765,42.3271063],[70.3712105,42.3265723],[70.3720115,42.3264803],[70.3731935,42.3265573],[70.3736895,42.3264043],[70.3740175,42.3264193],[70.3753985,42.3272743],[70.3761695,42.3271403],[70.3766885,42.3272053],[70.3771995,42.3274343],[70.3777945,42.3274613],[70.3782675,42.3272663],[70.3790225,42.3273543],[70.3799615,42.3272893],[70.3805865,42.3273693],[70.3819145,42.3280253],[70.3841115,42.3284413],[70.3858665,42.3283763],[70.3876135,42.3292803],[70.3881935,42.3292803],[70.3893525,42.3297003],[70.3915345,42.3301623],[70.3921375,42.3310123],[70.3925415,42.3313973],[70.3962725,42.3325113],[70.3973635,42.3329623],[70.3982025,42.3336903],[70.3991565,42.3340533],[70.4005375,42.3342973],[70.4011245,42.3345793],[70.4017425,42.3346823],[70.4027505,42.3345713],[70.4030245,42.3343203],[70.4032615,42.3343203],[70.4036885,42.3344873],[70.4057255,42.3348043],[70.4063815,42.3348193],[70.4068925,42.3350063],[70.4082355,42.3352433],[70.4086555,42.3354333],[70.4092045,42.3353693],[70.4099525,42.3348733],[70.4121495,42.3348653],[70.4143695,42.3355253],[70.4177875,42.3360323],[70.4187795,42.3363153],[70.4197025,42.3362233],[70.4206485,42.3365243],[70.4214645,42.3362613],[70.4219765,42.3365243],[70.4240365,42.3365933],[70.4257375,42.3360253],[70.4278205,42.3362153],[70.4310555,42.3371883],[70.4360145,42.3385583],[70.4399205,42.3388403],[70.4443075,42.3378823],[70.4489235,42.3353993],[70.4502205,42.3353653],[70.4540425,42.3349113],[70.4575975,42.3336823],[70.4609165,42.3338083],[70.4619551,42.3337007],[70.4636607,42.3334719],[70.4641055,42.3324273],[70.4644955,42.3318523],[70.4653089,42.3317764],[70.467072,42.3313449],[70.4672528,42.3327673],[70.4667701,42.3334818],[70.4674705,42.3342975],[70.4689931,42.3353568],[70.4763905,42.3379804],[70.4813107,42.3401726],[70.4830625,42.3412777],[70.4839669,42.3421379],[70.4850206,42.3427792],[70.4856198,42.3435265],[70.4862506,42.3438497],[70.4866268,42.344831],[70.4880119,42.3467123],[70.4871205,42.3506466],[70.4915486,42.3590223],[70.4969975,42.3605044],[70.5012219,42.3602094],[70.5082023,42.363088],[70.5164794,42.3626846],[70.5178128,42.3657457],[70.5219294,42.3705153],[70.523608,42.3697232],[70.527375,42.3690952],[70.5278736,42.3679707],[70.5300532,42.367017],[70.5326447,42.3667667],[70.5358796,42.3673398],[70.5404206,42.3665268],[70.5460716,42.3683387],[70.5469246,42.3714896],[70.5538829,42.3669266],[70.5629716,42.3609661],[70.5649436,42.3596728],[70.5770985,42.3583334],[70.5809369,42.3559697],[70.5889335,42.3604606],[70.5977832,42.3637695],[70.6000222,42.3692052],[70.6108976,42.369599],[70.6172949,42.3747979],[70.6394546,42.3806762],[70.6467409,42.3826089],[70.671319,42.3794902],[70.6754934,42.3804878],[70.6764457,42.3807154],[70.6874095,42.375813],[70.699776,42.3780232],[70.7006306,42.3781759],[70.7029241,42.3756093],[70.7100111,42.3750523],[70.7114435,42.3710421],[70.7238834,42.3713763],[70.7295378,42.3685912],[70.7391128,42.3672543],[70.7441641,42.3675886],[70.7446037,42.3673657],[70.7480091,42.3656389],[70.783466,42.3890168],[70.8076354,42.3683159],[70.8236851,42.3432528],[70.8355999,42.3393361],[70.8431254,42.3262516],[70.8508015,42.3256533],[70.8557706,42.3240612],[70.8572416,42.3227963],[70.8584145,42.3223545],[70.8607769,42.3217589],[70.8627953,42.3210722],[70.8655832,42.3201236],[70.868942,42.318496],[70.867828,42.315395],[70.870162,42.310249],[70.86927,42.305019],[70.867538,42.302352],[70.8657718,42.301255],[70.865242,42.300926],[70.865203,42.299819],[70.868743,42.296428],[70.872177,42.291584],[70.882331,42.287853],[70.883804,42.286102],[70.891685,42.281467],[70.892692,42.278018],[70.894599,42.276641],[70.89521,42.272708],[70.890678,42.266483],[70.890861,42.263248],[70.903488,42.261497],[70.908775,42.262199],[70.912269,42.261226],[70.917991,42.26271],[70.92044,42.266349],[70.922668,42.267398],[70.9282191,42.2665897],[70.92958,42.267211],[70.93238,42.269207],[70.93357,42.269744],[70.940628,42.266242],[70.943305,42.263467],[70.9427638,42.2627195],[70.942054,42.261058],[70.9401087,42.2591792],[70.9382595,42.2555346],[70.9360173,42.2534792],[70.9353392,42.2517881],[70.9348015,42.2506472],[70.933689,42.2497751],[70.9302854,42.2483258],[70.929588,42.247859],[70.92893,42.2458843],[70.9255008,42.2429313],[70.9254242,42.2415481],[70.9256924,42.2403288],[70.9263663,42.2391486],[70.926506,42.237537],[70.92366,42.2363172],[70.9226892,42.2361555],[70.921697,42.2359958],[70.9201468,42.2363353],[70.916168,42.237091],[70.9135866,42.2360437],[70.912498,42.235218],[70.9115806,42.2338877],[70.91056,42.231708],[70.9115069,42.2299899],[70.9116299,42.2287683],[70.9116922,42.2283672],[70.9106927,42.2275603],[70.9097941,42.226767],[70.9076242,42.2261885],[70.9053378,42.2256455],[70.901512,42.225547],[70.898318,42.2226181],[70.896041,42.2217799],[70.8949183,42.2211041],[70.8938041,42.2209554],[70.8910798,42.2205339],[70.8878997,42.2200029],[70.8873164,42.2191894],[70.8874776,42.2170994],[70.8888426,42.2151305],[70.8886202,42.2136483],[70.88742,42.2124045],[70.8867669,42.2120511],[70.8859077,42.2115888],[70.883651,42.2106909],[70.8802087,42.2113321],[70.8789887,42.2118347],[70.8748094,42.2122072],[70.8724687,42.211816],[70.8705469,42.2118499],[70.8661085,42.2118386],[70.8628902,42.2111156],[70.8606552,42.2101175],[70.8569757,42.2088653],[70.8545521,42.2079049],[70.8528773,42.2056698],[70.8526401,42.2030494],[70.8519662,42.2019534],[70.8507634,42.1999974],[70.8505356,42.1986255],[70.8495564,42.1975891],[70.8438178,42.196322],[70.839187,42.19585],[70.835952,42.194446],[70.8315575,42.1951906],[70.8299318,42.1966904],[70.8274451,42.1985167],[70.8263932,42.1992893],[70.8237552,42.1993848],[70.822686,42.1997239],[70.8214349,42.2002033],[70.8206799,42.200459],[70.8203163,42.2010191],[70.8197919,42.2018269],[70.8187405,42.2025081],[70.8172477,42.2032779],[70.8154936,42.2035829],[70.8097768,42.2051279],[70.804863,42.206306],[70.7984498,42.2074653],[70.7938434,42.2094529],[70.7920743,42.2091148],[70.7915252,42.2086177],[70.7900143,42.2064544],[70.7891078,42.2059748],[70.7873332,42.2059628],[70.7862115,42.2059787],[70.784133,42.205497],[70.7809661,42.2040671],[70.7789531,42.202776],[70.7779242,42.2026369],[70.7771068,42.2026379],[70.7758932,42.2025091],[70.7744681,42.201847],[70.7731106,42.2018131],[70.7717989,42.2011012],[70.770638,42.200963],[70.7699138,42.2001477],[70.7691797,42.1986873],[70.7680106,42.1935696],[70.7613279,42.1918085],[70.7590658,42.1919736],[70.7566317,42.1921305],[70.7521279,42.1938001],[70.7515897,42.1937084],[70.750926,42.1933048],[70.7502566,42.1927445],[70.7479493,42.1908132],[70.7475513,42.1902252],[70.746201,42.1889461],[70.745918,42.188678],[70.7437907,42.1871087],[70.7396884,42.1843885],[70.7391803,42.1831561],[70.7391305,42.1824371],[70.7390937,42.181906],[70.7398171,42.1801542],[70.740956,42.178944],[70.7424152,42.1785475],[70.7440286,42.1783963],[70.7468688,42.1777135],[70.7489767,42.1777488],[70.7509753,42.1771568],[70.7522575,42.1767269],[70.7534779,42.1759635],[70.7539534,42.1746597],[70.7539376,42.1739902],[70.7540631,42.1727436],[70.7555542,42.1709479],[70.753906,42.170352],[70.7526591,42.1700171],[70.7515825,42.1689774],[70.7510279,42.1665109],[70.7509081,42.1664581],[70.7493646,42.1657782],[70.7470241,42.1665202],[70.7442266,42.167055],[70.74111,42.1663718],[70.737571,42.165771],[70.7365026,42.1644281],[70.7339851,42.1626231],[70.7306559,42.1602773],[70.72718,42.1580423],[70.7259915,42.1572588],[70.7253917,42.156284],[70.724555,42.154833],[70.7243202,42.1536976],[70.7245723,42.1526599],[70.7253414,42.1513914],[70.7262078,42.1505631],[70.7262222,42.1492889],[70.7262683,42.1485706],[70.7258007,42.147815],[70.7227387,42.1460049],[70.7198804,42.1452742],[70.7177963,42.1442014],[70.7164868,42.1431655],[70.7146294,42.1421132],[70.7148966,42.1401938],[70.7146765,42.1386256],[70.7139496,42.1380093],[70.7117997,42.1371822],[70.711158,42.135589],[70.7096135,42.1346748],[70.7084492,42.1341833],[70.7078577,42.1337728],[70.7075077,42.1330202],[70.7075608,42.132282],[70.7074173,42.1319791],[70.7072412,42.1303181],[70.7064882,42.1297718],[70.7055626,42.1295391],[70.7047016,42.1293426],[70.7035935,42.1293814],[70.7026714,42.1294137],[70.7007407,42.1288965],[70.697193,42.1280119],[70.6950475,42.1273446],[70.6942631,42.1267116],[70.6933173,42.1252572],[70.6912871,42.1236659],[70.6885964,42.1219806],[70.6871709,42.1210878],[70.6865118,42.119063],[70.6865719,42.1178768],[70.6866173,42.1169804],[70.6862945,42.1153936],[70.6840239,42.1097287],[70.6823398,42.1067165],[70.681717,42.1049536],[70.6804618,42.1001431],[70.6786982,42.0981967],[70.6782703,42.0961074],[70.6779823,42.09351],[70.6792873,42.0906048],[70.678779,42.088375],[70.6773555,42.0873564],[70.6743769,42.0857601],[70.672697,42.0843823],[70.671241,42.08152],[70.6686158,42.0797409],[70.666168,42.07759],[70.665687,42.0754735],[70.6650687,42.0711033],[70.6639413,42.0700978],[70.6635807,42.0697762],[70.6602624,42.0679556],[70.658149,42.06319],[70.6563742,42.0619391],[70.6557104,42.0613948],[70.6556016,42.0610157],[70.655357,42.056655],[70.655462,42.0535849],[70.6545152,42.0523197],[70.6546796,42.0508551],[70.652404,42.04816],[70.6515544,42.0414161],[70.6481714,42.0392809],[70.6474307,42.0385854],[70.643363,42.0335],[70.6417363,42.0296139],[70.6378741,42.0272775],[70.6364218,42.0269421],[70.6364389,42.0254155],[70.6367663,42.024798],[70.6365158,42.023869],[70.635044,42.0221815],[70.6348112,42.0206135],[70.6354808,42.0193907],[70.6370473,42.0183218],[70.637325,42.0172218],[70.6384313,42.0168023],[70.6389597,42.0166439],[70.639316,42.0162363],[70.6391931,42.0155837],[70.6391675,42.0148569],[70.637809,42.0150337],[70.6363392,42.0146591],[70.6350303,42.0151533],[70.6308245,42.0153605],[70.62693,42.015167],[70.6249881,42.0152808],[70.623252,42.0145916],[70.612838,42.011329],[70.610076,42.008747],[70.607589,42.007713],[70.6065563,42.0068513],[70.6046903,42.0072552],[70.5994951,42.0086927],[70.592933,42.010227],[70.588539,42.010013],[70.5870389,42.0101856],[70.5848002,42.0121901],[70.582407,42.0144724],[70.5796555,42.0161361],[70.5774924,42.0194333],[70.5765179,42.020431],[70.5719422,42.020357],[70.5707665,42.0206231],[70.5701053,42.021018],[70.5676083,42.0220415],[70.564636,42.022689],[70.5605235,42.0230876],[70.5594286,42.0235126],[70.5582231,42.0260924],[70.5551812,42.0289298],[70.5524148,42.030368],[70.5487015,42.0350132],[70.5517576,42.0370706],[70.5532042,42.039619],[70.5564196,42.0411323],[70.5585293,42.0430256],[70.5578989,42.0450939],[70.5575553,42.0480915],[70.5565337,42.0500207],[70.557518,42.052154],[70.556523,42.0541403],[70.5556775,42.0548739],[70.5548009,42.055542],[70.5516285,42.0577653],[70.5509171,42.0599257],[70.5508193,42.0612579],[70.5503157,42.064149],[70.550064,42.06501],[70.5499215,42.0677059],[70.5474112,42.0704392],[70.545532,42.073982],[70.5427351,42.0764518],[70.539596,42.079319],[70.5369215,42.0811154],[70.5348595,42.0819804],[70.5298086,42.0848941],[70.527503,42.08522],[70.5222852,42.0832751],[70.5174176,42.082035],[70.5146915,42.0831873],[70.5136164,42.0843132],[70.5135634,42.0853568],[70.5132277,42.0880945],[70.5118852,42.0886039],[70.5067618,42.0895299],[70.5062002,42.0920438],[70.5034354,42.0947217],[70.5023893,42.0958513],[70.5018375,42.0967954],[70.5018096,42.0976898],[70.5019843,42.0983447],[70.5013841,42.0991394],[70.4989175,42.0993251],[70.4973841,42.0992283],[70.495851,42.0993692],[70.4947578,42.0996761],[70.4942358,42.1004266],[70.4934681,42.1014644],[70.4916214,42.1041807],[70.4909881,42.104713],[70.4883831,42.1050747],[70.4856529,42.1058553],[70.4847202,42.1061566],[70.4833046,42.1068626],[70.4801228,42.1078651],[70.478923,42.1085302],[70.4781094,42.1091852],[70.4771065,42.109363],[70.4759797,42.1093079],[70.4757131,42.1084612],[70.4754749,42.1070894],[70.4746187,42.1029467],[70.474303,42.1013527],[70.472887,42.0999064],[70.4692013,42.0977329],[70.4690981,42.0973326],[70.4683361,42.0962957],[70.4673652,42.0942754],[70.4638677,42.0930987],[70.4629937,42.0912556],[70.4617111,42.089179],[70.459019,42.0849916],[70.4562079,42.0855689],[70.4543365,42.0856994],[70.4520287,42.0872802],[70.4500552,42.088613],[70.4457031,42.0905281],[70.4444417,42.0913473],[70.4433725,42.0915294],[70.4421228,42.0918238],[70.4388894,42.0893599],[70.4324961,42.0879875],[70.427448,42.0854429],[70.4229267,42.0834381],[70.41957,42.079917],[70.416366,42.078056],[70.4149858,42.0777429],[70.4130837,42.0777786],[70.4116984,42.0776767],[70.4116296,42.0768278],[70.4110126,42.0761062],[70.4101706,42.074743],[70.4049895,42.0714905],[70.4038344,42.070935],[70.4008772,42.0694044],[70.3993825,42.0690035],[70.3977191,42.0685713],[70.3963529,42.0682413],[70.392295,42.068416],[70.387199,42.071109],[70.3809678,42.0710891],[70.3785402,42.0700111],[70.3779081,42.0696253],[70.3755482,42.0694376],[70.3735146,42.0693249],[70.3725491,42.0686086],[70.3723461,42.0680126],[70.3724016,42.0666064],[70.3722328,42.0643997],[70.369438,42.062561],[70.3647245,42.0590872],[70.3639988,42.0583912],[70.3632424,42.0581207],[70.3621645,42.0577631],[70.3591687,42.0575832],[70.3570188,42.0575055],[70.3556137,42.0575529],[70.355215,42.0571689],[70.3547376,42.0569417],[70.3542602,42.0560419],[70.353232,42.0542787],[70.3523852,42.0533643],[70.3522467,42.0522846],[70.3509493,42.0507735],[70.3473394,42.0501729],[70.3429091,42.0501473],[70.3403839,42.0485516],[70.336349,42.0476972],[70.3356738,42.047445],[70.3347733,42.0473165],[70.3332079,42.0472959],[70.3327817,42.0472487],[70.3328633,42.0454366],[70.332235,42.0433117],[70.3321016,42.0425045],[70.3313184,42.0417396],[70.3294752,42.0410632],[70.3268391,42.040134],[70.3257574,42.04052],[70.3248417,42.0404062],[70.323407,42.0388444],[70.3210017,42.0386829],[70.3242796,42.0462856],[70.3231278,42.0487989],[70.3200656,42.0504367],[70.3084045,42.0521727],[70.3074933,42.0706443],[70.2938492,42.1020161],[70.2647519,42.1018277],[70.2272017,42.1051842],[70.2030338,42.1108246],[70.1820467,42.1303371],[70.1730543,42.1190195],[70.1431485,42.1125907],[70.1402461,42.1129721],[70.1339203,42.1106631],[70.1298202,42.1076267],[70.1213566,42.0962997],[70.0927917,42.0954027],[70.0693365,42.071696],[70.0421558,42.0687732],[70.0244314,42.05606],[70.0163832,42.0319269],[70.05465,42.023794],[70.0453171,42.0128999],[70.0124994,41.9878664],[70.0044511,41.9937843],[69.999831,41.9936433],[69.9976191,41.9920761],[69.9966202,41.9903624],[69.9917787,41.9876846],[69.9883301,41.9886209],[69.9835072,41.9871212],[69.976007,41.9734057],[69.9756418,41.9693746],[69.9342648,41.9601093],[69.9219713,41.9625204],[69.9099023,41.9694255],[69.9104614,41.9628372],[69.9222962,41.9538585],[69.92507,41.9490435],[69.9230061,41.9458549],[69.9231697,41.9382045],[69.9216163,41.9274106],[69.9024116,41.9309456],[69.8972275,41.932398],[69.8906621,41.9317239],[69.8939826,41.9260774],[69.889633,41.9275617],[69.8840943,41.9308681],[69.8831482,41.9326885],[69.8777041,41.9340901],[69.8779817,41.9366263],[69.8807249,41.9418634],[69.8866205,41.9467134],[69.8835111,41.9501823],[69.8808181,41.9574555],[69.8826246,41.9651473],[69.8662316,41.9655442],[69.8590935,41.9676829],[69.858987,41.9778371],[69.8554871,41.9795857],[69.854537,41.9812246],[69.8573811,41.9849202],[69.8551467,41.9904669],[69.8596868,42.0027621],[69.8644277,42.0028171],[69.8651741,42.0040807],[69.8631472,42.0069969],[69.8411122,42.013597],[69.8414425,42.0202124],[69.8387299,42.0265781],[69.830294,42.0323507],[69.8250274,42.0388251],[69.8190022,42.043129],[69.8080082,42.0489182],[69.8033553,42.0561126],[69.7952274,42.0578916],[69.7788836,42.0670591],[69.7788546,42.0684191],[69.7754946,42.0697564],[69.7732733,42.0684342],[69.7715238,42.0671315],[69.7673129,42.067273],[69.7619701,42.066878],[69.7605843,42.0654481],[69.751084,42.0632443],[69.7436112,42.0580686],[69.742326,42.0529648],[69.7389766,42.0459832],[69.7379643,42.0421115],[69.7348083,42.0368913],[69.7350023,42.0332042],[69.7338877,42.0297498],[69.7335458,42.0280532],[69.7336006,42.0253446],[69.7363148,42.0221381],[69.7394881,42.0196337],[69.7411154,42.0191104],[69.7374279,42.0161693],[69.7325972,42.0146939],[69.7145842,42.0200478],[69.7204964,42.0635365],[69.6977038,42.060421],[69.6722732,42.0595244],[69.6666919,42.0593086],[69.6222883,42.0410466],[69.6141491,42.0494115],[69.6138242,42.0519714],[69.6144632,42.0575369],[69.6160122,42.0638336],[69.6173946,42.0698526],[69.6172749,42.0751389],[69.6174647,42.0770786],[69.6184881,42.0818503],[69.6195236,42.084248],[69.6204304,42.0869323],[69.6209351,42.0890685],[69.6211838,42.0948018],[69.6213853,42.0970473],[69.6214121,42.0978646],[69.6209749,42.0977956],[69.6218506,42.1008976],[69.6216877,42.1021461],[69.621177,42.1028022],[69.6205999,42.1031302],[69.6192073,42.1034264],[69.6181237,42.10409],[69.6172535,42.1110709],[69.6167945,42.1117735],[69.6162432,42.1122999],[69.615606,42.1126353],[69.6146452,42.1128945],[69.6130643,42.1130314],[69.6119555,42.1133116],[69.6108965,42.1137766],[69.6103022,42.1144041],[69.608614,42.1150965],[69.606465,42.1155218],[69.6037796,42.1149443],[69.5989666,42.1138848],[69.5981813,42.1138032],[69.5926763,42.1137265],[69.5908835,42.1137295],[69.5896797,42.1136558],[69.5880249,42.1133013],[69.586028,42.1125589],[69.5812846,42.1110843],[69.5806387,42.1099844],[69.5798222,42.1091478],[69.5789628,42.1085023],[69.5785508,42.1061591],[69.5781559,42.1030964],[69.5774068,42.0995568],[69.5766833,42.0972472],[69.5758146,42.0916903],[69.5717142,42.0916349],[69.5701806,42.0921656],[69.5676139,42.0925968],[69.5670213,42.0926459],[69.565879,42.0924893],[69.5645215,42.0923376],[69.5580397,42.0929221],[69.5573744,42.0937005],[69.5568379,42.094033],[69.5555074,42.0941567],[69.5553355,42.0956142],[69.5543724,42.0966609],[69.5542742,42.0968437],[69.5540127,42.0969269],[69.5538539,42.0969615],[69.5536578,42.096913],[69.553527,42.0969477],[69.5534243,42.0969199],[69.553088,42.0969546],[69.5527798,42.0968091],[69.5526864,42.0968299],[69.5526677,42.096913],[69.5526023,42.0969546],[69.5525183,42.0969199],[69.5524155,42.0969407],[69.5524622,42.0968645],[69.5523502,42.0967605],[69.5521634,42.0968021],[69.5521167,42.0968992],[69.5520886,42.09701],[69.5519485,42.0969962],[69.5518178,42.0969685],[69.5516403,42.0969962],[69.5514909,42.0970655],[69.5513788,42.0970516],[69.5512947,42.0969685],[69.5511827,42.0969754],[69.5511266,42.0970516],[69.5506223,42.0971417],[69.5504261,42.0972249],[69.5503047,42.0972873],[69.550286,42.0973704],[69.5501459,42.0973912],[69.5499965,42.0974467],[69.5498657,42.0973427],[69.5497723,42.0974051],[69.5496883,42.0974605],[69.5496135,42.0974051],[69.5493987,42.0973912],[69.549268,42.0974328],[69.5491465,42.0974189],[69.5491372,42.0975229],[69.5489971,42.0976615],[69.5488944,42.0976684],[69.5488196,42.0977169],[69.5487262,42.0976892],[69.5486609,42.0977447],[69.5485301,42.0977724],[69.5483713,42.097814],[69.5483246,42.0978971],[69.5481845,42.0979387],[69.5481005,42.0980219],[69.547979,42.0980634],[69.5478389,42.0981674],[69.5477549,42.0982575],[69.5475681,42.0983614],[69.5474934,42.0984377],[69.547456,42.098507],[69.5473252,42.0985139],[69.5472225,42.0984515],[69.5471571,42.098507],[69.5472132,42.0985763],[69.5473252,42.0986317],[69.5471291,42.0986664],[69.5470264,42.0987357],[69.5470824,42.0988188],[69.5469423,42.0988119],[69.5469236,42.0989782],[69.5469516,42.0990683],[69.5468489,42.0991376],[69.5469049,42.0991931],[69.5470357,42.0992416],[69.5470731,42.0993247],[69.5470824,42.0994287],[69.5471851,42.0996435],[69.5470077,42.0997267],[69.546989,42.0998306],[69.5468302,42.0998861],[69.5467835,42.099997],[69.5466247,42.1000385],[69.5464753,42.1000524],[69.5464753,42.1001425],[69.5463632,42.100191],[69.5462418,42.1002118],[69.5461858,42.1002811],[69.5460363,42.1003088],[69.5461297,42.1004128],[69.5462138,42.1006137],[69.5461204,42.1006692],[69.5461017,42.1007523],[69.5459896,42.1008216],[69.5459896,42.100988],[69.5457935,42.100981],[69.5457561,42.1011127],[69.5458122,42.1012236],[69.5457655,42.1014384],[69.5458495,42.1015216],[69.5458402,42.1016047],[69.5459896,42.1016116],[69.5459429,42.1017225],[69.5458962,42.1019512],[69.5457748,42.1020413],[69.5457374,42.102166],[69.545644,42.1022353],[69.5456067,42.1024224],[69.545644,42.1025402],[69.5457094,42.1026858],[69.5456814,42.1028382],[69.5455413,42.1029144],[69.5453452,42.1029768],[69.5453078,42.1030738],[69.5453171,42.1032055],[69.5452518,42.1032609],[69.5452518,42.103351],[69.5451023,42.103351],[69.5449435,42.1034203],[69.5449249,42.1034965],[69.5446727,42.1036975],[69.5442804,42.1037183],[69.5441029,42.1036559],[69.5439161,42.1036836],[69.5435892,42.1036351],[69.543309,42.1036351],[69.543225,42.1037321],[69.5430942,42.1037599],[69.5428887,42.1038153],[69.542814,42.1037599],[69.5426739,42.1037114],[69.5425338,42.1036421],[69.5424404,42.1037391],[69.5424404,42.1038153],[69.542347,42.103843],[69.5423097,42.1039054],[69.5421602,42.1038777],[69.5421135,42.1039678],[69.5421602,42.104044],[69.5420108,42.1041063],[69.5420108,42.1041756],[69.5418987,42.1042934],[69.5418894,42.1044113],[69.5417586,42.1044944],[69.5415811,42.1045221],[69.5415064,42.1046122],[69.5415251,42.1047854],[69.5414597,42.1050141],[69.5416465,42.1051666],[69.5416278,42.1052359],[69.5414597,42.1052913],[69.5412169,42.1052982],[69.5411702,42.10552],[69.5410301,42.1055269],[69.5407872,42.1056516],[69.5404697,42.1057625],[69.5403576,42.1058664],[69.540395,42.106012],[69.540451,42.1061783],[69.5403856,42.1063515],[69.5402642,42.1066356],[69.5403109,42.106795],[69.5401895,42.107086],[69.5401615,42.1073008],[69.5401054,42.1074255],[69.5399373,42.1075226],[69.5399093,42.1076196],[69.5397225,42.1077235],[69.5396384,42.1077997],[69.5395263,42.1078066],[69.5393115,42.107772],[69.5391247,42.107869],[69.5390033,42.1078552],[69.5386951,42.1079452],[69.5386297,42.1080284],[69.5385456,42.1082293],[69.5384429,42.1083194],[69.5382468,42.1083679],[69.5379759,42.1085758],[69.5377984,42.1086451],[69.5377984,42.1087421],[69.5379385,42.1088114],[69.5379385,42.1089361],[69.5377798,42.1090331],[69.5376189,42.1090168],[69.5374943,42.1090891],[69.5370503,42.1093468],[69.5365153,42.1100184],[69.5366101,42.1102096],[69.5362039,42.1106779],[69.5351979,42.1111316],[69.5352291,42.111475],[69.535332,42.1117383],[69.5352741,42.1119524],[69.5353914,42.112149],[69.5353939,42.1124488],[69.5360237,42.1132789],[69.5361505,42.1137281],[69.5364133,42.1139295],[69.536438,42.1146514],[69.5368612,42.115313],[69.5370718,42.1155202],[69.5371184,42.1157394],[69.537251,42.1159831],[69.5376851,42.1161643],[69.5378972,42.1165382],[69.5377574,42.1167665],[69.5378396,42.1172354],[69.5380359,42.1173204],[69.5387724,42.1172837],[69.538871,42.1174721],[69.5389335,42.1178078],[69.5388569,42.1184551],[69.539077,42.1188983],[69.5390458,42.1193506],[69.5389734,42.1198817],[69.5388954,42.1207956],[69.5389904,42.1210089],[69.5387247,42.1213406],[69.5389248,42.1216229],[69.5392081,42.1216104],[69.5393436,42.121757],[69.5390199,42.1218446],[69.5389955,42.1220446],[69.5393629,42.1222678],[69.5395628,42.1220919],[69.539764,42.1220872],[69.5398526,42.1225816],[69.5390305,42.122664],[69.538507,42.1231376],[69.5391229,42.1236059],[69.5388939,42.1239683],[69.5384208,42.124159],[69.5385705,42.1244017],[69.5390146,42.1245253],[69.5393704,42.1254268],[69.5389604,42.1256015],[69.5391765,42.1261973],[69.5389154,42.1265127],[69.5395154,42.1275936],[69.5400342,42.1278189],[69.5397527,42.1282129],[69.5391213,42.1283965],[69.5374149,42.1312161],[69.5382445,42.1319975],[69.5372694,42.1327246],[69.537519,42.1335402],[69.5360488,42.1343717],[69.5361159,42.1348112],[69.5357559,42.1359202],[69.5344924,42.1362323],[69.5336721,42.136945],[69.5179271,42.1363657],[69.5133379,42.1240979],[69.4904148,42.1245404],[69.4903476,42.1230858],[69.490452,42.1222679],[69.4854587,42.1219312],[69.4858192,42.1246012],[69.4801155,42.1253688],[69.4804875,42.1271903],[69.4808023,42.1281647],[69.4813148,42.1346724],[69.4826129,42.1393353],[69.4800755,42.1391946],[69.4776668,42.138672],[69.4775272,42.1404909],[69.4771272,42.1421333],[69.4763479,42.1438614],[69.4754613,42.1462577],[69.474181,42.1462637],[69.4728149,42.1461105],[69.4632377,42.1455338],[69.460992,42.1457644],[69.4551271,42.1471379],[69.4551845,42.147716],[69.4546985,42.1478539],[69.4525067,42.1464477],[69.4508299,42.1460915],[69.4340645,42.1401856],[69.4288005,42.1381301],[69.4267267,42.137456],[69.4261358,42.1352429],[69.4252874,42.1325207],[69.4233761,42.124912],[69.4226779,42.1224603],[69.4215506,42.1195948],[69.4206263,42.1162831],[69.4195868,42.110299],[69.4179036,42.0998577],[69.4274179,42.0939526],[69.4361108,42.0816908],[69.448061,42.0747965],[69.4455519,42.0574186],[69.4415155,42.0518754],[69.4427305,42.046401],[69.4424372,42.0385309],[69.448787,42.0337925],[69.4574147,42.022463],[69.4611285,42.0164447],[69.4706228,42.0100469],[69.4718153,42.010042],[69.4767922,42.013757],[69.4950193,42.0200275],[69.5034225,42.0225253],[69.5110556,42.025572],[69.5222509,42.0267126],[69.5239456,42.027169],[69.5262515,42.0462068],[69.5256096,42.0498877],[69.5174232,42.0473871],[69.5139884,42.0530507],[69.5142541,42.0647865],[69.5166999,42.0731357],[69.5197019,42.0720361],[69.5255747,42.0719639],[69.5255755,42.0771671],[69.5257499,42.0778678],[69.5288088,42.0846039],[69.5321242,42.0933525],[69.5353836,42.1016071],[69.5376189,42.1090168],[69.5394924,42.115217],[69.5406395,42.1176269],[69.5409801,42.1223759],[69.5412813,42.1233023],[69.5421399,42.1241156],[69.5425049,42.124761],[69.5427411,42.1260111],[69.5443516,42.1283846],[69.5454302,42.1295796],[69.5482891,42.1327387],[69.5489466,42.1326654],[69.5502833,42.1323503],[69.5509617,42.1325351],[69.5529294,42.1324263],[69.5537037,42.1326709],[69.5544795,42.1325359],[69.5547375,42.1320628],[69.5553727,42.1322016],[69.5557523,42.1320046],[69.556524,42.1314013],[69.557846,42.1310543],[69.5585917,42.1312883],[69.559503,42.1313974],[69.5602258,42.1312023],[69.5610937,42.1312442],[69.5616193,42.1313871],[69.5619132,42.1317476],[69.5628209,42.1314344],[69.5631865,42.1318158],[69.563898,42.1319543],[69.564635,42.1317519],[69.5661864,42.1320068],[69.5668192,42.1326594],[69.5679068,42.1327476],[69.5681997,42.13243],[69.5709484,42.1388707],[69.5767688,42.1387947],[69.5888734,42.1350131],[69.6009225,42.1300617],[69.6118696,42.1278841],[69.6120698,42.1288827],[69.6123877,42.1299398],[69.612977,42.1310019],[69.6137336,42.1318591],[69.6152414,42.1327173],[69.6167843,42.1334459],[69.6186353,42.1341538],[69.6192391,42.1346052],[69.6194995,42.1350567],[69.6198069,42.1358368],[69.6200999,42.1370231],[69.6200714,42.1379729],[69.6199967,42.1387675],[69.6192782,42.1402146],[69.6186384,42.1410466],[69.6179557,42.1416877],[69.6170541,42.1422843],[69.6159185,42.1428612],[69.6149119,42.1432157],[69.6135191,42.1433475],[69.6117179,42.1434318],[69.6106989,42.1437658],[69.6098488,42.1442848],[69.6088448,42.1457549],[69.6090508,42.1466332],[69.6162307,42.1602065],[69.6170902,42.1603627],[69.6194511,42.1601545],[69.6216187,42.1600504],[69.6237968,42.1598075],[69.6260445,42.1597179],[69.6302664,42.1592465],[69.6309258,42.1593057],[69.6313843,42.1594626],[69.6320427,42.1601136],[69.6331731,42.1607965],[69.6351615,42.1612016],[69.6386137,42.1616215],[69.6410142,42.1613038],[69.6434992,42.1580103],[69.6456554,42.1562982],[69.6505784,42.1531902],[69.6513922,42.154397],[69.6502572,42.155324],[69.6493362,42.1558362],[69.6491617,42.1568857],[69.6488511,42.1575717],[69.6484817,42.1579422],[69.6489922,42.1584545],[69.6494207,42.1587271],[69.6500903,42.1587894],[69.6505428,42.1591106],[69.6508799,42.1591435],[69.6511642,42.1590305],[69.6529046,42.1590415],[69.6534926,42.1593549],[69.6539939,42.1594216],[69.6542457,42.1597927],[69.6538572,42.1597705],[69.6534342,42.1595815],[69.6527083,42.159509],[69.6522414,42.1596091],[69.6519811,42.1597707],[69.6513299,42.1596804],[69.6505692,42.1598693],[69.6500898,42.1596492],[69.6478245,42.1595611],[69.6474855,42.1597696],[69.6475072,42.1605179],[69.6477133,42.161004],[69.647831,42.161529],[69.6477822,42.1622498],[69.6485247,42.163276],[69.6472775,42.1640444],[69.6481753,42.1651338],[69.6493317,42.1675012],[69.6521398,42.1716853],[69.6518686,42.1720967],[69.6537477,42.1744764],[69.6460058,42.1716108],[69.6456611,42.1720225],[69.646762,42.1737374],[69.6506665,42.1748491],[69.6515796,42.1761416],[69.6550808,42.1906508],[69.6583908,42.1988218],[69.6685156,42.1979866],[69.6827894,42.1950274],[69.6900353,42.1929551],[69.6903193,42.1928456],[69.6916164,42.1923454],[69.6967122,42.2063784],[69.7108882,42.2285666],[69.7151728,42.227133],[69.7201264,42.2263713],[69.7217455,42.2297487],[69.7316309,42.2287094],[69.7321084,42.2310626],[69.7469882,42.2318206],[69.7575603,42.2313415],[69.7590919,42.2326154],[69.7593563,42.2324361],[69.7592866,42.2319926],[69.7581642,42.2295823],[69.758271,42.2285229],[69.7588467,42.2282596],[69.7605377,42.2282689],[69.7617959,42.2274341],[69.7608463,42.2248861],[69.7575804,42.220256],[69.7559192,42.2149869],[69.7539326,42.2107274],[69.7553326,42.2104671],[69.7522613,42.2023738],[69.7530267,42.1989979],[69.7546327,42.198601],[69.7550312,42.1960677],[69.7557547,42.1935517],[69.7570518,42.191225],[69.7585298,42.1910027],[69.7603296,42.19332],[69.760006,42.193881],[69.7603593,42.1962644],[69.7610115,42.1975736],[69.7669802,42.2013298],[69.7688267,42.2014816],[69.7720452,42.204729],[69.7724566,42.2065307],[69.7736994,42.207499],[69.7779611,42.2083014],[69.7848625,42.2144526],[69.7859503,42.2142884],[69.7869736,42.2135087],[69.7888507,42.2119118],[69.789099,42.2115044],[69.7880134,42.2093579],[69.7874613,42.2088401],[69.785772,42.2077603],[69.7857488,42.2074658],[69.786143,42.2067725],[69.783813,42.204311],[69.7819585,42.1983075],[69.7818976,42.1980517],[69.7819769,42.1978167],[69.782134,42.1976221],[69.7824393,42.197456],[69.7852243,42.196682],[69.7861336,42.1963649],[69.7884253,42.1953559],[69.7886811,42.195326],[69.7889749,42.1953929],[69.7892746,42.1955877],[69.7928005,42.201002],[69.7936574,42.2023177],[69.7938613,42.2025242],[69.7940652,42.20262],[69.7943897,42.2026707],[69.7947329,42.2026522],[69.7950838,42.2025945],[69.7952686,42.2025311],[69.7954907,42.2023846],[69.7984646,42.1982125],[69.7996691,42.1970068],[69.7998209,42.1968012],[69.8004771,42.1953361],[69.8005725,42.1952259],[69.8019381,42.1944376],[69.8021224,42.1942665],[69.8025868,42.1929743],[69.8064239,42.1943121],[69.8111715,42.1922104],[69.8114403,42.1921333],[69.8116984,42.1921755],[69.8124092,42.1925168],[69.813206,42.1929622],[69.813573,42.1931559],[69.8138584,42.1932119],[69.8143726,42.1932048],[69.8155872,42.1930186],[69.8197867,42.1926734],[69.8197992,42.1927761],[69.8223296,42.1925959],[69.8224879,42.1927922],[69.8212822,42.1931518],[69.8215689,42.1938477],[69.8208652,42.1940365],[69.8218553,42.1946939],[69.8235383,42.1950172],[69.8236977,42.1949136],[69.8237823,42.1947116],[69.824219,42.1958046],[69.8242851,42.1973545],[69.8245406,42.1986401],[69.8248869,42.1995871],[69.8243408,42.1994604],[69.8222137,42.1966352],[69.8217074,42.1965466],[69.8209986,42.1960702],[69.8205301,42.1959728],[69.8202262,42.1962067],[69.8206524,42.1970285],[69.8210253,42.1978731],[69.8212485,42.1987217],[69.8211235,42.1995714],[69.8207175,42.1997743],[69.8197523,42.1984285],[69.8184217,42.1960339],[69.8180618,42.1957584],[69.8176558,42.1956194],[69.8170449,42.1958997],[69.8174553,42.1968992],[69.8174889,42.1974311],[69.8170045,42.1976348],[69.8163718,42.1981477],[69.8163651,42.1985561],[69.8156152,42.1994287],[69.8164631,42.200559],[69.81636,42.2011129],[69.8157135,42.2014144],[69.8141152,42.1993928],[69.8135487,42.19959],[69.8132878,42.2000248],[69.8131733,42.2008055],[69.8130948,42.2022084],[69.8129478,42.20328],[69.8127676,42.2040577],[69.8123516,42.2037094],[69.811846,42.2036857],[69.8114077,42.2038868],[69.81129,42.2047414],[69.8114628,42.2053207],[69.8122481,42.2063874],[69.8128919,42.2085957],[69.8128808,42.2091627],[69.8124657,42.2098742],[69.8136506,42.2115947],[69.8130207,42.2124674],[69.8176114,42.2107869],[69.8183426,42.210649],[69.8196057,42.2107395],[69.8203912,42.2108618],[69.8235226,42.2124977],[69.8241975,42.2129335],[69.8267524,42.2138437],[69.8315386,42.2115475],[69.8334065,42.2109042],[69.836945,42.2103307],[69.8374779,42.2138865],[69.8323522,42.2150671],[69.8293541,42.2196564],[69.8289316,42.2195173],[69.8278258,42.2197717],[69.8264547,42.2210627],[69.8263423,42.2221221],[69.8258632,42.2234054],[69.824888,42.2246721],[69.8258758,42.2271375],[69.8258807,42.2275127],[69.8253375,42.2287227],[69.8242218,42.2288983],[69.8210807,42.2307031],[69.8127653,42.2401072],[69.8093569,42.2459648],[69.8026611,42.2491248],[69.8121211,42.2543233],[69.8138528,42.2561776],[69.8173585,42.2591635],[69.8210639,42.2615776],[69.8223661,42.2628482],[69.8240707,42.2654647],[69.8260344,42.2668577],[69.8269748,42.2670689],[69.8280252,42.2669002],[69.828825,42.2666768],[69.8288667,42.266449],[69.8286581,42.2661047],[69.8291792,42.2658875],[69.8294651,42.2658714],[69.8298237,42.2659778],[69.8299885,42.265896],[69.8299294,42.2652805],[69.8301415,42.2649142],[69.8305896,42.2650389],[69.8313809,42.2655496],[69.8320934,42.2658855],[69.832477,42.2659538],[69.8326609,42.2658672],[69.832661,42.2644269],[69.8325056,42.2632767],[69.8325109,42.260287],[69.8329565,42.2602174],[69.8335318,42.2608007],[69.8340435,42.260906],[69.8348344,42.261393],[69.8338849,42.2628689],[69.8339055,42.2630249],[69.8348382,42.2640936],[69.8353842,42.2643881],[69.8358226,42.264257],[69.8363484,42.2634998],[69.8368576,42.2634156],[69.8378887,42.2627684],[69.8381456,42.2628944],[69.8381259,42.2633352],[69.8385847,42.2637867],[69.838561,42.2639243],[69.8380131,42.2639709],[69.8380169,42.2642599],[69.8376783,42.2646983],[69.8377148,42.2650486],[69.8380255,42.2653875],[69.8384305,42.2656262],[69.8395557,42.2658169],[69.8399448,42.2658141],[69.840428,42.2656921],[69.8409057,42.2651627],[69.8414646,42.2654618],[69.8428296,42.2658775],[69.8446731,42.2658829],[69.8450881,42.2659082],[69.8450732,42.2652735],[69.8453797,42.2648211],[69.8458945,42.2646752],[69.8458908,42.264263],[69.8461347,42.2641483],[69.8465266,42.2643017],[69.847003,42.2651653],[69.8476328,42.2655112],[69.848241,42.2656156],[69.8486618,42.2661385],[69.8500705,42.2665355],[69.8519997,42.2666189],[69.8526457,42.2665639],[69.8529763,42.266315],[69.8538825,42.2663461],[69.8548281,42.2666368],[69.8557872,42.2670603],[69.8581956,42.2669354],[69.8605467,42.2674049],[69.8628466,42.2676526],[69.8631879,42.2677257],[69.8641086,42.2677989],[69.8646191,42.2678103],[69.8648367,42.267832],[69.8651709,42.2679777],[69.8654835,42.26806],[69.8657962,42.2682815],[69.8659929,42.268451],[69.8659667,42.2685796],[69.8662003,42.2688106],[69.8663104,42.2690313],[69.8663386,42.2691533],[69.8663809,42.2697835],[69.8664395,42.2699077],[69.8666586,42.2703003],[69.8670745,42.2715751],[69.8672068,42.2717173],[69.8674278,42.2718783],[69.8679466,42.2720776],[69.8684583,42.2722741],[69.8688915,42.2724345],[69.8695489,42.2725742],[69.8698158,42.2726703],[69.8699585,42.2727667],[69.870142,42.2729601],[69.8705793,42.2734922],[69.8708485,42.2737893],[69.8713847,42.2745671],[69.8716062,42.2750666],[69.8716314,42.2752137],[69.871605,42.2755055],[69.8716221,42.2756528],[69.8716119,42.2757887],[69.8717563,42.2758981],[69.8722276,42.2766433],[69.8728912,42.2771764],[69.8733535,42.2776987],[69.8737739,42.2781333],[69.8740897,42.2785541],[69.8748701,42.279237],[69.8754912,42.2797149],[69.8757386,42.2798888],[69.8760328,42.2801318],[69.8762709,42.2803057],[69.8764915,42.2803844],[69.8768147,42.280401],[69.877149,42.2804231],[69.8773351,42.2804744],[69.8777454,42.2806501],[69.8781187,42.280909],[69.8785201,42.2814927],[69.8786246,42.2818444],[69.8787456,42.2821484],[69.879184,42.2830052],[69.8792951,42.2831221],[69.8794684,42.283239],[69.8795924,42.2834149],[69.879651,42.2836392],[69.8796297,42.2840324],[69.8795536,42.2843257],[69.8795436,42.2845346],[69.879571,42.2846674],[69.8797199,42.2848761],[69.8799563,42.2850638],[69.8802954,42.2852515],[69.8814234,42.2856803],[69.8814643,42.2857704],[69.8826074,42.2862059],[69.8831924,42.2865394],[69.8835906,42.2865137],[69.8839574,42.2864897],[69.8848778,42.2865248],[69.8868494,42.2865812],[69.8868363,42.2864458],[69.8867775,42.2863738],[69.8867948,42.2860891],[69.8869528,42.2858707],[69.8883158,42.284526],[69.8884881,42.2844265],[69.8905189,42.2839054],[69.8920454,42.2835536],[69.8931542,42.2831843],[69.8935778,42.2830618],[69.89374,42.2829877],[69.8938557,42.2828594],[69.8939317,42.2827068],[69.8940725,42.2826304],[69.8945912,42.2825232],[69.8949907,42.2823797],[69.8956703,42.2822086],[69.8960368,42.2820618],[69.8962561,42.2820426],[69.8969518,42.2823412],[69.8972064,42.2823687],[69.8976119,42.28233],[69.8990448,42.2819872],[69.8994471,42.2819708],[69.8999064,42.282036],[69.9002499,42.2820124],[69.9008981,42.2819211],[69.9013407,42.281816],[69.9019887,42.2817316],[69.9017777,42.2814641],[69.9017455,42.2812867],[69.9018004,42.2810507],[69.9019086,42.2809083],[69.9021961,42.2807195],[69.9024961,42.2806149],[69.9036964,42.2803977],[69.9040161,42.28041],[69.9045506,42.2805122],[69.9049621,42.2804801],[69.9051679,42.2804226],[69.9052989,42.2803237],[69.9053573,42.2801064],[69.905285,42.2799306],[69.9051754,42.279716],[69.905214,42.2794359],[69.9053834,42.2789762],[69.905497,42.2787959],[69.9089178,42.2781359],[69.9091436,42.2782108],[69.9093441,42.2789251],[69.9094916,42.2793544],[69.9105527,42.2809311],[69.9108086,42.2813658],[69.9111205,42.2816969],[69.9131089,42.2805842],[69.9136052,42.2801923],[69.9145211,42.2797374],[69.9151344,42.2794098],[69.9151256,42.2792818],[69.914584,42.2781577],[69.9160146,42.2776859],[69.9161623,42.2775185],[69.9166022,42.2773689],[69.9170109,42.2773202],[69.9179549,42.2771013],[69.9183243,42.2769198],[69.9189046,42.2768713],[69.9193004,42.2769726],[69.9197271,42.2768385],[69.9200657,42.2768805],[69.9225588,42.2796304],[69.9230862,42.2797058],[69.9238678,42.2795944],[69.9242632,42.2793082],[69.9247536,42.2790376],[69.9249619,42.278798],[69.925231,42.278185],[69.9254679,42.2778577],[69.9263065,42.2776159],[69.9268679,42.2775133],[69.9281374,42.2774351],[69.9286568,42.277278],[69.9296268,42.2768511],[69.930532,42.277796],[69.9321132,42.2789077],[69.9326361,42.2805914],[69.9320513,42.2820376],[69.9325549,42.2825713],[69.9330474,42.2828859],[69.9339682,42.2832294],[69.9355009,42.2847693],[69.9357152,42.2852463],[69.9401922,42.290742],[69.9416086,42.2914304],[69.9476468,42.2897863],[69.9481002,42.2903305],[69.9514235,42.2888511],[69.9529712,42.2887277],[69.9534581,42.2886086],[69.954205,42.2883457],[69.9558284,42.2881065],[69.957045,42.2877164],[69.9572667,42.2876019],[69.9575432,42.2874963],[69.9579552,42.2874334],[69.958259,42.2874559],[69.9588991,42.2874318],[69.9591715,42.2873294],[69.959422,42.2871771],[69.96043,42.2872281],[69.9612793,42.2871021],[69.9621761,42.2870476],[69.9627127,42.2868679],[69.9633394,42.2867876],[69.9634668,42.2865768],[69.9637928,42.2863989],[69.9640864,42.2863088],[69.9645223,42.2861518],[69.9649521,42.2861513],[69.965338,42.2860354],[69.9659659,42.2860364],[69.9662097,42.2859968],[69.9668452,42.2856726],[69.9674567,42.2857016],[69.9677741,42.2857896],[69.9679724,42.2858005],[69.9686516,42.2855788],[69.9690896,42.2852841],[69.9694554,42.2852341],[69.9701062,42.2853538],[69.9707112,42.2855114],[69.9713028,42.2853405],[69.9719634,42.2853961],[69.9728962,42.2855312],[69.9734091,42.2854486],[69.9757583,42.2853066],[69.9769312,42.285133],[69.9776907,42.2849263],[69.9781658,42.2843089],[69.9785844,42.283861],[69.9786505,42.2835801],[69.9800534,42.2832896],[69.9807912,42.2830424],[69.9815297,42.2826698],[69.9817666,42.2827673],[69.9828012,42.2824244],[69.983341,42.2824616],[69.9838385,42.2822626],[69.9841518,42.2819059],[69.9848744,42.2816253],[69.9861886,42.2814503],[69.9864699,42.2813373],[69.9871633,42.2808999],[69.9885419,42.2802685],[69.9888033,42.2802198],[69.9891632,42.279991],[69.989203,42.2798689],[69.9895265,42.2796007],[69.9895422,42.2794589],[69.9896624,42.2793318],[69.9899365,42.2793316],[69.9911296,42.2789205],[69.9919724,42.278382],[69.992678,42.2781591],[69.99366,42.2777081],[69.9942435,42.2773004],[69.9951347,42.2766456],[69.9961287,42.2761989],[69.9971388,42.2757137],[69.9991655,42.2751522],[70.0014069,42.2735427],[70.0057585,42.2792661],[70.0079662,42.2813855],[70.009113,42.283493],[70.0115901,42.2863942],[70.0120241,42.2865072],[70.013531,42.2863978],[70.0140986,42.2868142],[70.0154913,42.2870436],[70.0168605,42.2868993],[70.0186374,42.2872788],[70.020058,42.2879213],[70.0205344,42.2873574],[70.0222597,42.2876742],[70.0266263,42.2891585],[70.0312719,42.2910713],[70.0333612,42.2917473],[70.035393,42.2925138],[70.0383688,42.2931692],[70.0397665,42.2926743],[70.0403765,42.2926173],[70.0414375,42.2929003],[70.0420475,42.2924493],[70.0428795,42.2921713],[70.0437185,42.2925073],[70.0441765,42.2923923],[70.0446265,42.2926173],[70.0453895,42.2926173],[70.0463735,42.2919463],[70.0466785,42.2921143],[70.0471365,42.2919993],[70.0494175,42.2923923],[70.0496385,42.2919993],[70.0500205,42.2919993],[70.0501725,42.2917783],[70.0517675,42.2918313],[70.0522255,42.2913283],[70.0522255,42.2908783],[70.0526825,42.2905423],[70.0526675,42.2905653],[70.0580385,42.2894553],[70.0620675,42.2907403],[70.0630135,42.2909163],[70.0653855,42.2898333],[70.0670795,42.2898333],[70.0684605,42.2902103],[70.0685365,42.2902643],[70.0697575,42.2905463],[70.0704365,42.2904353],[70.0709705,42.2907143],[70.0718785,42.2904893],[70.0721835,42.2906603],[70.0724885,42.2905463],[70.0732515,42.2907713],[70.0737015,42.2906033],[70.0752965,42.2909393],[70.0811186,42.2935335],[70.0906492,42.2991892],[70.091224,42.2999177],[70.089975,42.3019401],[70.0909678,42.3127674],[70.0898535,42.3131173],[70.0876865,42.3141553],[70.0863205,42.3163563],[70.0853065,42.3171423],[70.0848132,42.3173106],[70.0830935,42.3178973],[70.0824145,42.3189043],[70.0824145,42.3206673],[70.0819415,42.3210413],[70.0813465,42.3210413],[70.0793475,42.3231503],[70.0790955,42.3245013],[70.0784545,42.3248483],[70.0768835,42.3250043],[70.0749685,42.3258203],[70.0730155,42.3261983],[70.0699635,42.3288263],[70.0667285,42.3290133],[70.0645165,42.3286053],[70.0628985,42.3291393],[70.0618385,42.3305243],[70.0599685,42.3312793],[70.0569855,42.3311843],[70.0537125,42.3300853],[70.0529495,42.3300513],[70.0525225,42.3303683],[70.0514165,42.3305543],[70.0498688,42.3316176],[70.0498353,42.3317743],[70.0492195,42.3328893],[70.0475635,42.3333623],[70.0458395,42.3338813],[70.0454735,42.3344453],[70.0435885,42.3350293],[70.0427115,42.3350753],[70.0414675,42.3355443],[70.0398885,42.3366243],[70.0397355,42.3371613],[70.0388505,42.3374323],[70.0379125,42.3372303],[70.0364245,42.3367803],[70.0351735,42.3370933],[70.0344485,42.3379703],[70.0336855,42.3398133],[70.0325335,42.3408243],[70.0327004,42.3416389],[70.0324717,42.3426235],[70.0320686,42.3431909],[70.0313719,42.3435648],[70.0307842,42.3442671],[70.0300497,42.344592],[70.0289665,42.3448541],[70.0283277,42.344896],[70.0247687,42.3382727],[70.0139392,42.3413185],[69.9982533,42.3461452],[69.9977287,42.3463066],[69.992764,42.3475503],[69.9862328,42.3504794],[69.9833732,42.3516437],[69.9815371,42.3523118],[69.9794664,42.3530095],[69.9791231,42.3530729],[69.9775567,42.3535645],[69.974971,42.3543891],[69.9744506,42.3545395],[69.9744324,42.3549278],[69.9744024,42.3550075],[69.9744561,42.3558637],[69.9745097,42.3561095],[69.9745419,42.3566169],[69.9746599,42.357164],[69.9749496,42.3582343],[69.9749818,42.3584959],[69.9754217,42.3599705],[69.975647,42.3605254],[69.9757757,42.3607395],[69.9758986,42.3611542],[69.9763229,42.3625866],[69.9764409,42.3628641],[69.9789622,42.3683576],[69.9792416,42.3689606]],[[69.5013332,41.9862126],[69.5013612,41.9865549],[69.5012701,41.9868364],[69.5013098,41.9869928],[69.5013496,41.987243],[69.5013075,41.9873142],[69.5011602,41.9873142],[69.501055,41.9873941],[69.5010667,41.9875592],[69.5011228,41.9876444],[69.5012444,41.9877973],[69.5014688,41.9879919],[69.501761,41.9881656],[69.5019293,41.9884037],[69.5018919,41.9885548],[69.5020111,41.988633],[69.5019807,41.9887147],[69.5020298,41.9888589],[69.5021304,41.9889597],[69.5022519,41.989024],[69.5022706,41.989097],[69.5023548,41.9892186],[69.5024366,41.9893333],[69.5025652,41.9893611],[69.5026937,41.9894167],[69.5027919,41.9894966],[69.5028036,41.9896443],[69.5028761,41.9898024],[69.5028293,41.9899605],[69.5028597,41.9900752],[69.502855,41.990209],[69.5029322,41.9904279],[69.5030117,41.9905461],[69.5031052,41.9905704],[69.5031706,41.9906486],[69.5031893,41.990732],[69.5031963,41.990791],[69.5032501,41.9908345],[69.5032501,41.9908605],[69.5031987,41.990904],[69.5031379,41.9910065],[69.5031379,41.9910777],[69.5032361,41.9911281],[69.5033202,41.9912324],[69.5033506,41.9913088],[69.5034324,41.9913505],[69.5034348,41.9913835],[69.503381,41.9914148],[69.5033647,41.9914339],[69.5034278,41.991486],[69.5035517,41.9915277],[69.503533,41.9915833],[69.5035587,41.9916129],[69.5036545,41.9916181],[69.5037504,41.9916233],[69.5037925,41.9916563],[69.5038112,41.9917223],[69.5039023,41.9917866],[69.5039982,41.9918109],[69.5041735,41.9919187],[69.5042366,41.9919916],[69.5043301,41.9920507],[69.5043629,41.9921967],[69.5044049,41.9922801],[69.5045008,41.9923235],[69.5046106,41.9923878],[69.5046855,41.9926206],[69.5047088,41.9926467],[69.5047486,41.9926675],[69.5047416,41.9927214],[69.5047603,41.9927509],[69.5050081,41.9927839],[69.5051133,41.9928569],[69.5052395,41.9928934],[69.505333,41.9929629],[69.5054475,41.9931106],[69.505527,41.9931592],[69.505693,41.9932148],[69.5058426,41.9934441],[69.5059244,41.9935084],[69.5060787,41.9936474],[69.5061231,41.9937273],[69.5061582,41.9938994],[69.5062166,41.9939741],[69.5062283,41.9940331],[69.5063172,41.9941304],[69.5062821,41.9942069],[69.5063592,41.9943233],[69.5063709,41.9944171],[69.5063967,41.9945248],[69.5063756,41.9946673],[69.5064457,41.994709],[69.5064504,41.9947559],[69.5063592,41.9948254],[69.5062377,41.9948445],[69.506226,41.9948775],[69.506247,41.9949105],[69.5062915,41.9949765],[69.5062821,41.9950339],[69.5062003,41.9952076],[69.50624,41.9952406],[69.5014673,42.0007904],[69.5038813,42.0053657],[69.5121746,42.022776],[69.5235043,42.0263147],[69.5315295,42.0248483],[69.5320552,42.0252468],[69.5328545,42.0252866],[69.5337262,42.024653],[69.53507,42.0253265],[69.5356708,42.0256453],[69.5371085,42.028084],[69.5375162,42.0285781],[69.5378487,42.0287614],[69.5378219,42.0289805],[69.5375162,42.0290084],[69.536336,42.0282992],[69.535542,42.0284984],[69.5351451,42.0287215],[69.5336752,42.0302198],[69.5331173,42.0325308],[69.532023,42.0367383],[69.5314007,42.0381567],[69.5303493,42.039846],[69.5293622,42.041838],[69.5290189,42.0428419],[69.5456901,42.0542714],[69.5458737,42.0541535],[69.5456741,42.0536816],[69.545451,42.0528346],[69.5454022,42.0522077],[69.54543,42.052017],[69.5455181,42.0518194],[69.5456915,42.0516217],[69.5459493,42.0514195],[69.5462923,42.0512552],[69.5508628,42.049869],[69.5571714,42.0486103],[69.5576904,42.0483902],[69.558026,42.048157],[69.5583327,42.0478826],[69.5586223,42.0473932],[69.5587083,42.04715],[69.5591179,42.0467741],[69.568594,42.0493174],[69.5725994,42.0478773],[69.5762043,42.0458058],[69.5777064,42.0438936],[69.5824485,42.0358777],[69.5851736,42.032754],[69.5887356,42.0296141],[69.5917611,42.0277811],[69.5943361,42.026777],[69.5965248,42.0264582],[69.5977612,42.0264255],[69.6022244,42.0268718],[69.6105715,42.026011],[69.6105286,42.0162871],[69.6074387,42.0153784],[69.6021442,41.9959195],[69.6012644,41.9922675],[69.6008138,41.9915499],[69.5996551,41.9909279],[69.5971875,41.9904813],[69.5957927,41.9900986],[69.594355,41.9902102],[69.5934753,41.9900667],[69.5929174,41.9897158],[69.5919303,41.9882644],[69.5909862,41.9878657],[69.5895914,41.9874829],[69.5885829,41.9866217],[69.587038,41.9854733],[69.5850639,41.9836231],[69.5839266,41.9830648],[69.5828537,41.9821237],[69.5812444,41.9812305],[69.5792918,41.9808636],[69.5780776,41.9805985],[69.5746872,41.9789077],[69.5725844,41.9770573],[69.5707605,41.9757493],[69.5679066,41.9748559],[69.5657823,41.9743614],[69.564409,41.9737073],[69.5639584,41.9733564],[69.5632503,41.9732607],[69.5622203,41.9729097],[69.5599244,41.9722556],[69.5585725,41.9719685],[69.5568774,41.9710432],[69.554796,41.97007],[69.5511267,41.9691606],[69.5512984,41.9685544],[69.5451946,41.9672732],[69.5445723,41.967353],[69.5430917,41.9677678],[69.5386071,41.969427],[69.5411391,41.974548],[69.5439715,41.9810563],[69.5445723,41.9827471],[69.5458168,41.9892067],[69.5471687,41.9920455],[69.5478553,41.992827],[69.5492715,41.9960803],[69.5501727,41.9966225],[69.5503873,41.9968457],[69.5505375,41.9977547],[69.5503332,41.9980951],[69.5499898,41.9983343],[69.5493676,41.9983981],[69.5485093,41.9985894],[69.5478012,41.9986692],[69.5469428,41.9989083],[69.5459987,41.9988924],[69.5455266,41.99902],[69.5449902,41.99902],[69.5440395,41.9982905],[69.5432988,41.9980194],[69.5426513,41.9975688],[69.5424654,41.9974569],[69.5419432,41.9972339],[69.5411536,41.9970161],[69.540887,41.9969094],[69.5391416,41.9960593],[69.538872,41.995945],[69.538052,41.9957287],[69.5378538,41.995604],[69.5376088,41.9953681],[69.5372243,41.9951888],[69.5370079,41.9950651],[69.5368763,41.9949426],[69.5366887,41.9946951],[69.5365376,41.9945611],[69.5358611,41.9942097],[69.5355488,41.9941083],[69.5349931,41.994032],[69.5347362,41.9939557],[69.5345712,41.9938554],[69.5341634,41.9934287],[69.5337873,41.9929505],[69.5335326,41.9926666],[69.5333591,41.9923872],[69.5330597,41.9916683],[69.5327808,41.9912695],[69.5318548,41.9902262],[69.531649,41.9898223],[69.5307213,41.9898154],[69.5304849,41.9895718],[69.5301458,41.9891615],[69.5299159,41.9886464],[69.5294806,41.9878537],[69.5297074,41.9868266],[69.5296914,41.9864659],[69.5295024,41.9858709],[69.5294349,41.9854911],[69.5293896,41.9844274],[69.5294377,41.9837387],[69.5293705,41.9816119],[69.5278023,41.9796486],[69.5277314,41.9794425],[69.5276044,41.978431],[69.5274626,41.9778938],[69.5271321,41.9778749],[69.5264121,41.9776773],[69.5255437,41.9775939],[69.5249369,41.9775798],[69.524377,41.9776074],[69.5223023,41.9778947],[69.5216567,41.9779599],[69.5209632,41.9779652],[69.5195391,41.9778785],[69.5169708,41.9811228],[69.515855,41.9819203],[69.5145031,41.9822234],[69.5094391,41.9824627],[69.5068427,41.9831804],[69.5063492,41.9836589],[69.5048686,41.9852699],[69.5028087,41.9859876],[69.5013332,41.9862126]]]}},{"type":"Feature","properties":{"osmId":"relation/5496366","name":"Туркестан Г.А."},"geometry":{"type":"MultiLineString","coordinates":[[[68.1547916,43.3174894],[68.1648123,43.3119625],[68.1659281,43.3126027],[68.166132,43.3128837],[68.1660461,43.3131803],[68.1660569,43.31368],[68.1661963,43.314039],[68.166368,43.3141718],[68.1667435,43.3142108],[68.1670332,43.3141405],[68.1674516,43.3137424],[68.1677627,43.313555],[68.1682777,43.3135472],[68.1686962,43.3136409],[68.1693828,43.3138205],[68.1701231,43.3138751],[68.1706273,43.3138127],[68.1711531,43.3138205],[68.1717539,43.3139063],[68.1718612,43.3141171],[68.1717753,43.314523],[68.1715608,43.3150851],[68.1713569,43.3156081],[68.1713998,43.3159282],[68.17155,43.3162014],[68.1718933,43.3165136],[68.172183,43.3166853],[68.1725478,43.3166697],[68.1726444,43.3165839],[68.1727087,43.3163107],[68.1727302,43.3159203],[68.1729126,43.3156237],[68.173331,43.3152646],[68.1737172,43.3151007],[68.1742322,43.3149055],[68.1748009,43.3150617],[68.175112,43.3152568],[68.1757665,43.3157096],[68.1757557,43.316256],[68.1755841,43.3167712],[68.175627,43.3169507],[68.1759703,43.3172318],[68.1765604,43.317544],[68.1770003,43.317825],[68.1773114,43.3181372],[68.1776333,43.3187617],[68.177923,43.31923],[68.1782341,43.3194642],[68.1790066,43.3195891],[68.1798863,43.3197452],[68.1803155,43.3200106],[68.1804657,43.3203853],[68.1803477,43.3208458],[68.1801867,43.3215795],[68.1799936,43.3221493],[68.1796503,43.3224771],[68.1789958,43.3228206],[68.1778049,43.3232108],[68.1775796,43.3233591],[68.1771934,43.3236635],[68.1765711,43.3237728],[68.1764638,43.3240538],[68.1767428,43.3245065],[68.1772578,43.3250138],[68.1775045,43.3253104],[68.1777942,43.3254196],[68.1781483,43.3254743],[68.1785238,43.3254196],[68.1795215,43.3254587],[68.1797254,43.3255523],[68.1798005,43.3259113],[68.1797576,43.3273708],[68.1797254,43.3281123],[68.1794894,43.3287054],[68.1795323,43.3289083],[68.1797361,43.3290566],[68.1799292,43.3290566],[68.1803048,43.329041],[68.1807232,43.3290098],[68.1809592,43.3291425],[68.1815278,43.3298995],[68.181957,43.3306643],[68.1825578,43.3311013],[68.1825364,43.3313823],[68.182472,43.3317023],[68.1822789,43.3319988],[68.1818282,43.3320612],[68.1812274,43.3321783],[68.1808412,43.3323578],[68.1807983,43.3325295],[68.1812382,43.3329899],[68.1818819,43.3333879],[68.182311,43.3337079],[68.1823969,43.3341137],[68.1825685,43.3342541],[68.1830406,43.3343244],[68.1832981,43.3343634],[68.1836522,43.3343088],[68.1838667,43.3341995],[68.1841135,43.333903],[68.1841135,43.3334738],[68.1842852,43.3331616],[68.184607,43.3330992],[68.1852615,43.333263],[68.1858408,43.3334425],[68.1863344,43.334059],[68.186506,43.3345585],[68.1864095,43.3349643],[68.1864202,43.3354403],[68.1872892,43.3358461],[68.1873965,43.336127],[68.1873321,43.3365406],[68.1870639,43.3369308],[68.186506,43.3370166],[68.1860018,43.337001],[68.1854117,43.3369386],[68.184886,43.3369386],[68.1845748,43.3367903],[68.1844139,43.3366732],[68.1841779,43.3364704],[68.1839526,43.3364782],[68.1835341,43.336564],[68.1832445,43.3367513],[68.1829333,43.3368137],[68.1826866,43.3369386],[68.182826,43.3371571],[68.183223,43.3375628],[68.1840384,43.3381637],[68.1844783,43.3383354],[68.1851435,43.3386007],[68.1855297,43.3387099],[68.185873,43.3387099],[68.1862914,43.3386319],[68.1869137,43.3385304],[68.1875145,43.338507],[68.1879651,43.3382729],[68.1883621,43.3381481],[68.1887805,43.3382183],[68.189038,43.338468],[68.1889629,43.3388504],[68.1887162,43.3390923],[68.1879973,43.3396073],[68.1873,43.3400677],[68.1869244,43.3403095],[68.1865811,43.3405592],[68.1860661,43.3407075],[68.1857335,43.3408323],[68.1856263,43.3411679],[68.1859374,43.3412771],[68.1863022,43.3413005],[68.1864631,43.3412147],[68.1867421,43.3412537],[68.1869674,43.3413785],[68.1871068,43.3415814],[68.1874823,43.3418155],[68.1878257,43.3419325],[68.1881261,43.3418311],[68.1881583,43.341558],[68.1879437,43.3412771],[68.1877935,43.3409338],[68.1879651,43.3404266],[68.1882977,43.3403251],[68.1886947,43.3404344],[68.1888986,43.3406529],[68.1892204,43.3411289],[68.1894243,43.3413083],[68.1897354,43.3413161],[68.1902933,43.3413317],[68.1907117,43.3413785],[68.190937,43.3416282],[68.1908727,43.3419638],[68.1907868,43.3427518],[68.1914305,43.3443123],[68.1920957,43.3441251],[68.1928253,43.3436413],[68.1932759,43.3428611],[68.1931257,43.3421588],[68.1935334,43.3416282],[68.1944775,43.3411913],[68.1948852,43.3408792],[68.1954646,43.3410976],[68.1963873,43.3407387],[68.1983185,43.341597],[68.1997347,43.3422837],[68.2006788,43.3425958],[68.2013654,43.342112],[68.2020521,43.3414722],[68.2009148,43.340848],[68.2030391,43.3400833],[68.2046056,43.3408636],[68.2075453,43.3418935],[68.20791,43.3433448],[68.2083607,43.3443748],[68.2090902,43.3450302],[68.2098198,43.3442967],[68.2107854,43.3406919],[68.211751,43.3405983],[68.2128238,43.340848],[68.2145619,43.3414878],[68.21527,43.3430327],[68.2162785,43.34322],[68.2181239,43.3434229],[68.2188749,43.343376],[68.2196688,43.34322],[68.2200336,43.3426738],[68.2172441,43.3377579],[68.2175874,43.3326387],[68.2177806,43.3310155],[68.2174587,43.3302819],[68.2170939,43.3294703],[68.2163429,43.3293298],[68.2177806,43.3276596],[68.2183814,43.3278625],[68.2231235,43.3305941],[68.2235312,43.3302039],[68.2250333,43.3310467],[68.2298827,43.3329197],[68.229754,43.333107],[68.2365882,43.3358539],[68.2369208,43.3354169],[68.2418024,43.3373834],[68.2458687,43.3389674],[68.2459116,43.3386085],[68.2524294,43.3412771],[68.2525259,43.3411679],[68.2560289,43.342627],[68.2563722,43.3416985],[68.25899,43.3422134],[68.2630992,43.3439612],[68.2651591,43.3448351],[68.2667684,43.3441095],[68.2669562,43.3441914],[68.2675087,43.3443474],[68.2682007,43.3447025],[68.2699066,43.3454242],[68.2701641,43.3455997],[68.271693,43.3468793],[68.2725245,43.3475035],[68.2729214,43.3478936],[68.2746541,43.3487518],[68.2771808,43.3496139],[68.2808715,43.3509714],[68.2828242,43.3517008],[68.2859623,43.3534249],[68.2900929,43.355738],[68.2906508,43.3535654],[68.2952213,43.352871],[68.2983112,43.3527852],[68.307023,43.3560149],[68.3112287,43.3576999],[68.312087,43.3571382],[68.3137822,43.3562489],[68.3150267,43.357185],[68.3205199,43.3593224],[68.3225798,43.3594316],[68.3245539,43.356795],[68.3282447,43.3562489],[68.3352613,43.3537526],[68.3376539,43.3551022],[68.3401,43.3549072],[68.3396816,43.3545561],[68.3389199,43.3525122],[68.3396065,43.3522859],[68.3400357,43.3517476],[68.3410227,43.3513498],[68.3407438,43.3509675],[68.3411622,43.3505852],[68.3414733,43.3501327],[68.3421063,43.3498596],[68.3428788,43.3506242],[68.3511829,43.3465282],[68.3489728,43.3446244],[68.3540261,43.3422368],[68.3547771,43.3420574],[68.3550453,43.3420652],[68.3557212,43.3420262],[68.3564508,43.3420574],[68.3572125,43.342073],[68.357749,43.3418623],[68.3581567,43.339381],[68.3583605,43.3349174],[68.3584249,43.3338796],[68.3589077,43.3315852],[68.3589399,43.3313042],[68.3619547,43.3313823],[68.3630061,43.3298292],[68.3683169,43.3273474],[68.3720183,43.3180904],[68.3739281,43.3126105],[68.3741212,43.3126807],[68.3759022,43.3091443],[68.3752692,43.3088632],[68.3757305,43.3057481],[68.3764064,43.3052641],[68.3769643,43.304335],[68.37749,43.3037962],[68.3790994,43.3022894],[68.3749795,43.3006809],[68.3742499,43.3005716],[68.369894,43.3006497],[68.3724904,43.2976982],[68.3768248,43.2916385],[68.3785414,43.2887022],[68.3794856,43.2867185],[68.3714175,43.2841412],[68.3751297,43.2781427],[68.3687782,43.2764086],[68.3625018,43.2689953],[68.3604741,43.2665813],[68.362931,43.2657141],[68.3603668,43.2613858],[68.3592832,43.2594247],[68.3584356,43.2583152],[68.3548736,43.2535644],[68.3513224,43.2495947],[68.3510649,43.2497197],[68.3477068,43.2457811],[68.3460653,43.2464688],[68.3427286,43.242608],[68.342852,43.2424713],[68.3425998,43.2422642],[68.3341455,43.2371369],[68.3365058,43.2292264],[68.3223438,43.234792],[68.3152628,43.2388878],[68.3008003,43.2418265],[68.2978606,43.2408573],[68.2962942,43.2401227],[68.2937622,43.2395443],[68.2899642,43.2376997],[68.289299,43.2407323],[68.2803511,43.2388096],[68.279922,43.239091],[68.2792997,43.239091],[68.2776689,43.2385595],[68.2767033,43.2391535],[68.2740426,43.23845],[68.2725405,43.2384657],[68.269279,43.237731],[68.2687265,43.2381765],[68.2680237,43.2443978],[68.2639575,43.2438116],[68.264054,43.2405603],[68.2632816,43.2405916],[68.2631636,43.241295],[68.262831,43.2421547],[68.2625842,43.2432723],[68.2619834,43.2437335],[68.2617259,43.244007],[68.2613933,43.2446478],[68.2612002,43.2452653],[68.2545698,43.2430691],[68.2533467,43.2424752],[68.2518017,43.2419281],[68.2530784,43.2389972],[68.2450533,43.2370744],[68.2438302,43.2406072],[68.2417166,43.2401695],[68.2412338,43.2398882],[68.2288742,43.2389503],[68.2286596,43.2368868],[68.2237243,43.2348858],[68.2184457,43.2394192],[68.2128667,43.2374183],[68.2067728,43.2371369],[68.200593,43.2371369],[68.1978464,43.2374809],[68.1930828,43.2384501],[68.1838131,43.2481412],[68.1705522,43.2512045],[68.1645441,43.2549553],[68.1622695,43.2584559],[68.157978,43.255768],[68.1540727,43.2623625],[68.1525278,43.2634875],[68.1502533,43.2662064],[68.1493091,43.2681751],[68.148837,43.2701437],[68.1487083,43.2718623],[68.1463909,43.2724873],[68.1499528,43.2792362],[68.147335,43.2799235],[68.1492233,43.2850159],[68.1466484,43.2894519],[68.1466269,43.2946059],[68.1347608,43.2952931],[68.1371641,43.3007746],[68.1390953,43.3006653],[68.1408119,43.3023362],[68.1381297,43.3023518],[68.1474208,43.3127198],[68.1547916,43.3174894]]]}},{"type":"Feature","properties":{"osmId":"relation/5498009","name":"Тюлькубасский район"},"geometry":{"type":"MultiLineString","coordinates":[[[69.7967286,42.5519947],[69.7969568,42.5524261],[69.7982149,42.553395],[69.801512,42.5542356],[69.8025597,42.5543233],[69.8035586,42.5545012],[69.8043043,42.5544352],[69.8047246,42.5543398],[69.8048679,42.5540932],[69.8050513,42.5540231],[69.8055023,42.5541357],[69.8058126,42.5542978],[69.8063728,42.5542603],[69.8067452,42.5541494],[69.8072654,42.5541382],[69.809214,42.5539216],[69.8100248,42.5539132],[69.8117312,42.5537813],[69.8128142,42.5535544],[69.8139843,42.5534378],[69.8146691,42.5536337],[69.8152343,42.553973],[69.8155196,42.5544797],[69.8152238,42.5548411],[69.8151542,42.5556511],[69.8147366,42.5567226],[69.8140998,42.5577351],[69.8133273,42.5584194],[69.8122903,42.560006],[69.8114795,42.5606468],[69.8109123,42.5608339],[69.8097883,42.5618207],[69.8083999,42.5627818],[69.8070776,42.5632431],[69.8067087,42.5637686],[69.806706,42.5638245],[69.8066843,42.5642683],[69.8069782,42.5648171],[69.8073144,42.5651274],[69.8077557,42.5655348],[69.8091897,42.5664109],[69.8105756,42.5668686],[69.8113728,42.5674195],[69.8127507,42.5680682],[69.814542,42.5686554],[69.8157182,42.5689127],[69.8180477,42.5691663],[69.8194634,42.569171],[69.8222532,42.5690827],[69.8233624,42.5687121],[69.8243945,42.5687333],[69.8244621,42.5694592],[69.8243069,42.5698884],[69.8241635,42.5703419],[69.8242779,42.5713172],[69.8237169,42.5715636],[69.8234856,42.572158],[69.8229148,42.5724515],[69.8203262,42.5739772],[69.8200506,42.5749158],[69.8198833,42.5752239],[69.8194601,42.575434],[69.8171555,42.5762477],[69.8170294,42.5763915],[69.8170338,42.5765092],[69.8171662,42.5766302],[69.8174412,42.5767838],[69.8183608,42.5771833],[69.819985,42.5773408],[69.8212699,42.5778139],[69.8222087,42.5786818],[69.8229735,42.5804146],[69.8229716,42.5808323],[69.822778,42.5811808],[69.8220149,42.5817504],[69.8218053,42.5825546],[69.8214972,42.5831263],[69.8209779,42.5834587],[69.8206786,42.5831523],[69.8202293,42.5828696],[69.81989,42.5828137],[69.8197126,42.5828714],[69.8193413,42.5832936],[69.8192401,42.5837217],[69.8190059,42.5837114],[69.8187857,42.5835281],[69.8177512,42.583296],[69.8175405,42.5832962],[69.8172941,42.5834483],[69.8170678,42.5834885],[69.8168847,42.583531],[69.8167674,42.5836423],[69.816741,42.5838261],[69.8166361,42.5840676],[69.8163244,42.5843266],[69.8159836,42.5844208],[69.8155623,42.5844118],[69.815031,42.5842613],[69.8147563,42.5840384],[69.814559,42.583815],[69.8140105,42.583449],[69.813761,42.583089],[69.8135193,42.5830521],[69.8132755,42.583131],[69.8128979,42.5832986],[69.8126729,42.5834413],[69.8124868,42.5836647],[69.812324,42.5837457],[69.8114086,42.5838187],[69.810075,42.5837084],[69.8095063,42.5837204],[69.8091416,42.5837789],[69.8086654,42.5839818],[69.8083306,42.5840018],[69.808048,42.5841474],[69.8079452,42.5842706],[69.8077111,42.5848063],[69.8076005,42.5848175],[69.807525,42.5847841],[69.8075223,42.584676],[69.8076296,42.5842068],[69.807599,42.5841101],[69.807377,42.5840656],[69.807319,42.5840142],[69.807306,42.5838939],[69.806977,42.583865],[69.8067842,42.5839191],[69.806498,42.5838345],[69.8062459,42.5838288],[69.8060389,42.5839676],[69.805796,42.5838884],[69.8052177,42.5840561],[69.8048536,42.5840549],[69.8046276,42.5842936],[69.8043886,42.5843216],[69.8041844,42.5844792],[69.8038916,42.5844756],[69.8037269,42.5845388],[69.8034421,42.5845596],[69.8030852,42.5847221],[69.8023284,42.5848741],[69.8017099,42.5846847],[69.8013575,42.5848],[69.8008284,42.5848376],[69.7988153,42.584496],[69.7966543,42.5851338],[69.7958051,42.5852206],[69.7949564,42.5853507],[69.7944142,42.5853601],[69.7932176,42.5851539],[69.7923255,42.5850773],[69.7920971,42.5849321],[69.7914732,42.5847201],[69.7910372,42.5846742],[69.7904141,42.5845223],[69.7898309,42.5841049],[69.7894624,42.5841526],[69.7892348,42.584077],[69.7885239,42.5840274],[69.7881065,42.5838327],[69.787611,42.5833018],[69.7873422,42.5827806],[69.7869993,42.5826381],[69.786877,42.5826371],[69.7867545,42.582811],[69.7861224,42.5833628],[69.7858499,42.5833553],[69.7856575,42.5832381],[69.7852452,42.5832522],[69.785006,42.5834627],[69.7847151,42.5838108],[69.7842254,42.5839421],[69.783884,42.5839275],[69.7826815,42.5836517],[69.7807958,42.5831095],[69.7802885,42.5828496],[69.7797366,42.5826859],[69.7791223,42.5826299],[69.7777098,42.58225],[69.7772897,42.5820478],[69.7745309,42.5802991],[69.7734515,42.5800957],[69.7715288,42.5800409],[69.7711074,42.5799328],[69.7702588,42.5798614],[69.7696187,42.5797678],[69.7688951,42.5797162],[69.768147,42.5795406],[69.7677137,42.5794965],[69.7673512,42.5794105],[69.767093,42.5792526],[69.7632375,42.5800019],[69.7570256,42.5797986],[69.75596,42.5812799],[69.756118,42.5865723],[69.7566915,42.58813],[69.758845,42.591942],[69.7597308,42.5951394],[69.7601095,42.5965953],[69.760229,42.5998219],[69.7600835,42.6044209],[69.7613087,42.6096537],[69.7604998,42.6128437],[69.7701334,42.6220942],[69.773543,42.6269516],[69.7760495,42.6319488],[69.782032,42.6397301],[69.7861848,42.6459191],[69.788825,42.6541909],[69.7886057,42.6583374],[69.7890103,42.6616774],[69.7921173,42.6709487],[69.7916972,42.678215],[69.7947002,42.6831794],[69.7996898,42.6801843],[69.8037619,42.6722842],[69.8115714,42.6612235],[69.8155286,42.6525079],[69.8171884,42.6508631],[69.8191956,42.6494984],[69.8229972,42.6493375],[69.825902,42.6498514],[69.8282414,42.648698],[69.8305035,42.6485479],[69.8335142,42.6501974],[69.8341615,42.6511955],[69.8355234,42.6514529],[69.8363286,42.6507117],[69.8383683,42.6502606],[69.8390575,42.6422866],[69.8389039,42.6308568],[69.8342425,42.6262532],[69.8386996,42.6222361],[69.8458295,42.6197015],[69.8631445,42.618266],[69.8803251,42.6198988],[69.8864942,42.6183489],[69.8916101,42.6173947],[69.9026374,42.6154793],[69.904092,42.6182113],[69.9042135,42.6204965],[69.9024439,42.6204452],[69.9007712,42.6209809],[69.9001672,42.6220307],[69.898675,42.6228263],[69.8978207,42.6249232],[69.8983795,42.6268784],[69.8981461,42.6291011],[69.8962181,42.6303573],[69.8973011,42.6318512],[69.8903591,42.635106],[69.888239,42.6353184],[69.8897623,42.6428837],[69.8726126,42.6439301],[69.8736012,42.645033],[69.8692635,42.6448701],[69.8650728,42.6425503],[69.8640682,42.646673],[69.8641333,42.6513755],[69.8695733,42.6544043],[69.8724203,42.6554931],[69.8777404,42.6562363],[69.8827235,42.6644282],[69.8931933,42.6662413],[69.8971964,42.667647],[69.9084818,42.6649873],[69.90832,42.6662445],[69.9086602,42.6672898],[69.9083434,42.6678502],[69.9078313,42.6681046],[69.9064474,42.6691375],[69.9061226,42.6696354],[69.9065612,42.6701585],[69.9071402,42.6706232],[69.9072501,42.6713732],[69.9076928,42.6716929],[69.9087847,42.6714705],[69.9103072,42.6712133],[69.9117046,42.6715881],[69.9119838,42.6723158],[69.9113122,42.6737446],[69.9117357,42.674685],[69.9117062,42.6750815],[69.9123341,42.6754988],[69.9121267,42.6758081],[69.9123329,42.67638],[69.9135132,42.6768763],[69.9131417,42.6775675],[69.9135315,42.6776479],[69.9138559,42.6780832],[69.9135881,42.678612],[69.9136674,42.6792058],[69.9142339,42.6792847],[69.9142542,42.6797068],[69.914746,42.6799897],[69.9146171,42.6803557],[69.9150107,42.6806915],[69.9145726,42.6811799],[69.9145346,42.6814774],[69.9150346,42.682318],[69.9154698,42.683081],[69.9153628,42.683499],[69.9156842,42.6837259],[69.9164445,42.6835269],[69.9172171,42.6851214],[69.9183832,42.6856021],[69.9189092,42.6867659],[69.9194494,42.6869701],[69.9194855,42.6875016],[69.9196803,42.6877764],[69.9206511,42.6879459],[69.9213639,42.6878776],[69.9218141,42.6882129],[69.9220315,42.6895303],[69.9221698,42.6898003],[69.9219042,42.6900006],[69.9221131,42.6902648],[69.9225103,42.6903607],[69.9223531,42.6907269],[69.9226667,42.6909017],[69.9229775,42.6908887],[69.9228469,42.6911401],[69.923271,42.6911366],[69.923134,42.6914297],[69.9234257,42.6915629],[69.9233594,42.6918555],[69.924121,42.6922195],[69.924106,42.6926315],[69.9235767,42.6926879],[69.9238437,42.6930612],[69.9237772,42.6933433],[69.9240062,42.6935344],[69.9246997,42.6935861],[69.9251099,42.6936037],[69.9256158,42.6938759],[69.9260315,42.6942636],[69.9273539,42.6957285],[69.9276949,42.6963201],[69.9291831,42.6963127],[69.92947,42.6974533],[69.9305091,42.6974153],[69.9314661,42.6979016],[69.931403,42.6990303],[69.9322495,42.6994879],[69.9322079,42.7000487],[69.933111,42.7002699],[69.9330759,42.7012657],[69.934748,42.7021],[69.9351115,42.703004],[69.9360244,42.7032178],[69.9378838,42.7052008],[69.9377514,42.7057033],[69.9385114,42.7057118],[69.9385579,42.7061465],[69.9394075,42.7061248],[69.9394278,42.7068104],[69.9404082,42.7068466],[69.9403816,42.7070754],[69.9403422,42.7077762],[69.9409868,42.708088],[69.9409137,42.7085457],[69.9414418,42.7084234],[69.9419094,42.709592],[69.9422904,42.7096626],[69.9427811,42.7090539],[69.9431984,42.7095372],[69.9430137,42.7098852],[69.9444896,42.7109496],[69.9448849,42.7106441],[69.945072,42.7107592],[69.9449617,42.7110932],[69.9453853,42.7113331],[69.9460466,42.7114235],[69.9462764,42.7120704],[69.9461032,42.7131705],[69.9475352,42.7139698],[69.9471964,42.7147026],[69.9477092,42.7168589],[69.9493295,42.7181948],[69.9500859,42.7199287],[69.9509645,42.7204892],[69.9511811,42.7222276],[69.9522706,42.7228453],[69.9518835,42.7230403],[69.9517833,42.7236826],[69.9527039,42.7237118],[69.9526922,42.7242576],[69.9521143,42.7250514],[69.9529258,42.7257967],[69.9536601,42.7267271],[69.9546305,42.7267411],[69.9551596,42.727334],[69.956996,42.7277316],[69.9585388,42.7291934],[69.9593692,42.7292159],[69.9594071,42.7297244],[69.9605773,42.729722],[69.9622314,42.730615],[69.9634241,42.7307746],[69.9639225,42.7313161],[69.9648192,42.7317362],[69.9650867,42.7322132],[69.9658112,42.7324947],[69.968648,42.7335325],[69.9690471,42.7341117],[69.9698395,42.7342524],[69.9697847,42.7345847],[69.9705051,42.7352422],[69.9715606,42.7358969],[69.9725617,42.7362719],[69.9727531,42.7366721],[69.9724464,42.7372093],[69.9729661,42.7378243],[69.9728733,42.7382859],[69.9722747,42.7387039],[69.9722877,42.7392163],[69.9726845,42.7393235],[69.9726562,42.7397551],[69.9733191,42.740885],[69.9737336,42.7427581],[69.9741107,42.7428876],[69.9743128,42.7433357],[69.9746834,42.743362],[69.9749815,42.7438756],[69.9752642,42.744677],[69.9753059,42.7451006],[69.9758495,42.7453172],[69.9758333,42.745557],[69.9754398,42.7459861],[69.9756681,42.7465096],[69.9752881,42.747158],[69.9755702,42.7479188],[69.9753329,42.7484185],[69.9756196,42.7496939],[69.9756933,42.7505101],[69.9760794,42.7508828],[69.9762149,42.7512282],[69.9768819,42.7516502],[69.9772719,42.7522737],[69.9786641,42.7530065],[69.9788351,42.7536982],[69.9792672,42.7540721],[69.979395,42.7545559],[69.9799697,42.7548821],[69.9799009,42.7552268],[69.9802756,42.7556616],[69.9809287,42.7559674],[69.9807544,42.7563302],[69.9810023,42.7568221],[69.9807194,42.7572891],[69.9812224,42.7580885],[69.9828436,42.7599991],[69.9837568,42.760795],[69.9845338,42.7612086],[69.9850101,42.7622147],[69.9856227,42.7627324],[69.9851502,42.7632231],[69.9855623,42.7636546],[69.9858901,42.765392],[69.986255,42.7663179],[69.98723,42.7665823],[69.9878813,42.7678966],[69.9883428,42.7679663],[69.9886329,42.7692173],[69.9894574,42.7707144],[69.989283,42.7710772],[69.9894479,42.7713781],[69.9892539,42.77239],[69.9894793,42.7733466],[69.990219,42.7739154],[69.9903575,42.7744451],[69.9910564,42.7749626],[69.991294,42.7766785],[69.9917344,42.7773089],[69.9917935,42.7778761],[69.9922035,42.7784772],[69.9920296,42.7788695],[69.9923638,42.7791099],[69.9924012,42.7795742],[69.9930135,42.7803062],[69.9932305,42.7813588],[69.9939475,42.7823775],[69.9934271,42.783957],[69.9936676,42.785656],[69.9952561,42.7858403],[70.0005726,42.7871809],[70.0082154,42.7870304],[70.0207606,42.7793695],[70.0468143,42.7939163],[70.0609339,42.8054756],[70.0524254,42.8139452],[70.021841,42.827427],[70.0618876,42.832468],[70.0626685,42.8279482],[70.0647878,42.8236988],[70.0675489,42.8194192],[70.0720135,42.8155603],[70.0740017,42.8086553],[70.0937027,42.8008512],[70.10843,42.7984761],[70.120887,42.7859634],[70.1325863,42.7784862],[70.1792494,42.7534264],[70.2065763,42.747031],[70.2118851,42.7440428],[70.2256029,42.7333485],[70.2365057,42.7302327],[70.2380085,42.720595],[70.2779175,42.7173733],[70.2945318,42.7190959],[70.3030577,42.7146963],[70.307322,42.7079797],[70.3128972,42.7085144],[70.3252025,42.6948372],[70.3231947,42.6930651],[70.3460155,42.6962187],[70.3798067,42.6852446],[70.3905579,42.6702683],[70.4097411,42.6547685],[70.4152694,42.6553854],[70.4269398,42.648833],[70.4459678,42.6480023],[70.4661781,42.6333988],[70.4910307,42.6170791],[70.502242,42.6124795],[70.5165411,42.6037432],[70.5183206,42.6023661],[70.5025796,42.5974158],[70.5246562,42.5845016],[70.5301623,42.5855364],[70.5353497,42.588026],[70.5413409,42.5865956],[70.5420278,42.5856997],[70.5568439,42.5558784],[70.5703248,42.5469041],[70.5842483,42.548423],[70.6060124,42.5393495],[70.6198641,42.5315884],[70.6243028,42.519383],[70.6270824,42.5161554],[70.6277466,42.5161569],[70.6282843,42.5158326],[70.6291797,42.5156452],[70.6309754,42.5143203],[70.6348381,42.5102036],[70.6363981,42.5094716],[70.6373471,42.5079513],[70.6383624,42.5072707],[70.6414269,42.5037002],[70.6421837,42.5032963],[70.6439346,42.501415],[70.644433,42.4990385],[70.6448377,42.4987161],[70.645145,42.4980566],[70.6469162,42.4941441],[70.6481051,42.4923649],[70.6488875,42.4890126],[70.6494167,42.4883826],[70.6513597,42.4876558],[70.6521874,42.4865957],[70.6530954,42.4846609],[70.6539606,42.4816677],[70.6559164,42.4688016],[70.6669005,42.452186],[70.6913746,42.450403],[70.7218996,42.4588021],[70.7394241,42.45115],[70.7442334,42.4505941],[70.7714135,42.450322],[70.7870647,42.4387437],[70.7934449,42.414204],[70.7788714,42.3926207],[70.783466,42.3890168],[70.7480091,42.3656389],[70.7446037,42.3673657],[70.7441641,42.3675886],[70.7391128,42.3672543],[70.7295378,42.3685912],[70.7238834,42.3713763],[70.7114435,42.3710421],[70.7100111,42.3750523],[70.7029241,42.3756093],[70.7006306,42.3781759],[70.699776,42.3780232],[70.6874095,42.375813],[70.6764457,42.3807154],[70.6754934,42.3804878],[70.671319,42.3794902],[70.6467409,42.3826089],[70.6394546,42.3806762],[70.6172949,42.3747979],[70.6108976,42.369599],[70.6000222,42.3692052],[70.5977832,42.3637695],[70.5889335,42.3604606],[70.5809369,42.3559697],[70.5770985,42.3583334],[70.5649436,42.3596728],[70.5629716,42.3609661],[70.5538829,42.3669266],[70.5469246,42.3714896],[70.5460716,42.3683387],[70.5404206,42.3665268],[70.5358796,42.3673398],[70.5326447,42.3667667],[70.5300532,42.367017],[70.5278736,42.3679707],[70.527375,42.3690952],[70.523608,42.3697232],[70.5219294,42.3705153],[70.5178128,42.3657457],[70.5164794,42.3626846],[70.5082023,42.363088],[70.5012219,42.3602094],[70.4969975,42.3605044],[70.4915486,42.3590223],[70.4871205,42.3506466],[70.4880119,42.3467123],[70.4866268,42.344831],[70.4862506,42.3438497],[70.4856198,42.3435265],[70.4850206,42.3427792],[70.4839669,42.3421379],[70.4830625,42.3412777],[70.4813107,42.3401726],[70.4763905,42.3379804],[70.4689931,42.3353568],[70.4674705,42.3342975],[70.4667701,42.3334818],[70.4672528,42.3327673],[70.467072,42.3313449],[70.4653089,42.3317764],[70.4644955,42.3318523],[70.4641055,42.3324273],[70.4636607,42.3334719],[70.4619551,42.3337007],[70.4609165,42.3338083],[70.4575975,42.3336823],[70.4540425,42.3349113],[70.4502205,42.3353653],[70.4489235,42.3353993],[70.4443075,42.3378823],[70.4399205,42.3388403],[70.4360145,42.3385583],[70.4310555,42.3371883],[70.4278205,42.3362153],[70.4257375,42.3360253],[70.4240365,42.3365933],[70.4219765,42.3365243],[70.4214645,42.3362613],[70.4206485,42.3365243],[70.4197025,42.3362233],[70.4187795,42.3363153],[70.4177875,42.3360323],[70.4143695,42.3355253],[70.4121495,42.3348653],[70.4099525,42.3348733],[70.4092045,42.3353693],[70.4086555,42.3354333],[70.4082355,42.3352433],[70.4068925,42.3350063],[70.4063815,42.3348193],[70.4057255,42.3348043],[70.4036885,42.3344873],[70.4032615,42.3343203],[70.4030245,42.3343203],[70.4027505,42.3345713],[70.4017425,42.3346823],[70.4011245,42.3345793],[70.4005375,42.3342973],[70.3991565,42.3340533],[70.3982025,42.3336903],[70.3973635,42.3329623],[70.3962725,42.3325113],[70.3925415,42.3313973],[70.3921375,42.3310123],[70.3915345,42.3301623],[70.3893525,42.3297003],[70.3881935,42.3292803],[70.3876135,42.3292803],[70.3858665,42.3283763],[70.3841115,42.3284413],[70.3819145,42.3280253],[70.3805865,42.3273693],[70.3799615,42.3272893],[70.3790225,42.3273543],[70.3782675,42.3272663],[70.3777945,42.3274613],[70.3771995,42.3274343],[70.3766885,42.3272053],[70.3761695,42.3271403],[70.3753985,42.3272743],[70.3740175,42.3264193],[70.3736895,42.3264043],[70.3731935,42.3265573],[70.3720115,42.3264803],[70.3712105,42.3265723],[70.3696765,42.3271063],[70.3677385,42.3269533],[70.3671975,42.3266943],[70.3663955,42.3266023],[70.3657555,42.3263283],[70.3656105,42.3257633],[70.3637635,42.3252183],[70.3624892,42.3249591],[70.360837,42.324623],[70.3600044,42.3246574],[70.3590175,42.3240863],[70.3583437,42.3268009],[70.3550312,42.3265936],[70.3501814,42.3256021],[70.349403,42.3246636],[70.3479181,42.3239819],[70.3456309,42.3243272],[70.3439664,42.3233179],[70.3395238,42.3224413],[70.337057,42.3215205],[70.3339435,42.3194221],[70.3276208,42.3172174],[70.3232261,42.3154465],[70.3173736,42.314715],[70.3158269,42.3145797],[70.3130319,42.31394],[70.311456,42.3140025],[70.3091936,42.3133714],[70.3088596,42.3136321],[70.3083993,42.3138991],[70.2893923,42.3336814],[70.286388,42.3368077],[70.2554364,42.3554066],[70.2532972,42.3577436],[70.2528662,42.3582145],[70.2528529,42.358548],[70.2533477,42.3589802],[70.2538339,42.3595127],[70.2549129,42.3608345],[70.2549298,42.3613529],[70.253654,42.3614525],[70.2523515,42.3622514],[70.2518076,42.3623237],[70.2511928,42.3616907],[70.2508093,42.3608197],[70.2499456,42.3603248],[70.2489503,42.3597925],[70.2476652,42.3594202],[70.2455797,42.3601369],[70.2450528,42.3606557],[70.2440022,42.3610292],[70.2433487,42.3609036],[70.242288,42.3611806],[70.2412062,42.3620373],[70.2404089,42.3622965],[70.2397932,42.3623841],[70.2379134,42.3615479],[70.2369095,42.36133],[70.2364212,42.3613292],[70.236201,42.3617239],[70.235889,42.3619989],[70.235427,42.3625108],[70.2350126,42.3625455],[70.2333027,42.3620871],[70.2330849,42.362186],[70.2329491,42.3627307],[70.2327217,42.3627572],[70.2325011,42.3627113],[70.2319985,42.3623968],[70.2313862,42.3623008],[70.2308146,42.3626208],[70.2300284,42.3627862],[70.2287976,42.3626907],[70.2271818,42.3624666],[70.2251164,42.3625611],[70.2252964,42.36303],[70.2252733,42.363951],[70.2249595,42.3641354],[70.2242034,42.3641797],[70.2237002,42.3642515],[70.2222727,42.3640856],[70.2198214,42.3635866],[70.2186758,42.3636893],[70.2175773,42.363701],[70.2156027,42.3634383],[70.2144224,42.3637132],[70.2142547,42.3640199],[70.2137136,42.3642369],[70.2131124,42.3647141],[70.2123524,42.3649756],[70.2121338,42.3654608],[70.2114475,42.3657457],[70.2106652,42.3659629],[70.2103046,42.3659931],[70.2092968,42.3656416],[70.2094151,42.3654472],[70.2084883,42.3650768],[70.2081666,42.3648508],[70.2072562,42.3640637],[70.2058688,42.3634385],[70.2052486,42.3633484],[70.2041023,42.3624897],[70.2026793,42.3619369],[70.20244,42.3616034],[70.2021446,42.3614798],[70.2018344,42.3612653],[70.2002058,42.3613794],[70.1991416,42.3613029],[70.1987194,42.360908],[70.1980058,42.3608169],[70.1973359,42.3605572],[70.1965237,42.360354],[70.1944903,42.3601681],[70.193805,42.3603115],[70.1928463,42.3603939],[70.1914541,42.3603661],[70.1882859,42.359379],[70.1868425,42.3587904],[70.1860818,42.358581],[70.1846079,42.3585358],[70.183845,42.3582118],[70.183053,42.3580751],[70.181903,42.3575015],[70.1815385,42.3567091],[70.1809723,42.3565136],[70.1795478,42.3564766],[70.1784155,42.3566087],[70.1779317,42.3562547],[70.1772928,42.3564541],[70.1760138,42.3567714],[70.1745378,42.3571723],[70.1738383,42.3570282],[70.1733535,42.3566779],[70.1734137,42.3564212],[70.1730547,42.3563464],[70.1722399,42.3562422],[70.1715912,42.356034],[70.1706144,42.3554478],[70.1700237,42.3555593],[70.1696653,42.3557633],[70.1687965,42.3565162],[70.1683406,42.3566707],[70.1675414,42.3574277],[70.1672565,42.3576175],[70.1659846,42.3578707],[70.1645802,42.358545],[70.1635127,42.3589154],[70.1629161,42.3587239],[70.1621124,42.3587854],[70.1617384,42.3589603],[70.1616116,42.3595796],[70.1616991,42.3601502],[70.1607443,42.3607795],[70.1602423,42.3613308],[70.158741,42.3619947],[70.158479,42.3624583],[70.1575106,42.3633131],[70.1571513,42.3634918],[70.1564972,42.3635965],[70.1548711,42.3643641],[70.1533715,42.3653997],[70.1532599,42.3659466],[70.1529302,42.3664877],[70.1526501,42.3665929],[70.1525899,42.3667642],[70.1525961,42.3671013],[70.1518326,42.3678388],[70.1516575,42.3683356],[70.15109,42.3687767],[70.1505517,42.3695546],[70.1505225,42.3701609],[70.1503384,42.3704828],[70.1505834,42.3716071],[70.1508447,42.3723959],[70.1505651,42.374532],[70.150071,42.3754317],[70.1491411,42.3771264],[70.1488864,42.3773431],[70.1482732,42.3774901],[70.1478374,42.3781355],[70.1471761,42.3785037],[70.1469859,42.3787633],[70.1465509,42.3789645],[70.1459846,42.379414],[70.1452025,42.3801088],[70.1445741,42.3808302],[70.1443714,42.3815195],[70.1439509,42.3817977],[70.1439515,42.3821281],[70.1442303,42.3823879],[70.1440157,42.3833133],[70.1433481,42.383482],[70.1422414,42.3838531],[70.1417189,42.384077],[70.1414669,42.3845471],[70.1408922,42.3852115],[70.1403095,42.3861041],[70.13867,42.3885429],[70.1379747,42.3891117],[70.1371087,42.3894754],[70.1363339,42.3895648],[70.1357425,42.3895654],[70.1353296,42.3894924],[70.1350525,42.3894914],[70.134763,42.3896474],[70.1338766,42.3896674],[70.1333978,42.3899373],[70.1318741,42.390662],[70.1317071,42.3909027],[70.1312136,42.3911989],[70.1306813,42.3915776],[70.1302891,42.3921866],[70.1299014,42.3924817],[70.1296411,42.3925739],[70.12927,42.3926747],[70.1289011,42.3931751],[70.1288954,42.3934216],[70.1273498,42.3946208],[70.1270953,42.3947578],[70.1266229,42.3948259],[70.1257528,42.3954806],[70.1253306,42.3955408],[70.1246547,42.3960666],[70.1242044,42.3968105],[70.1236169,42.3973522],[70.1236288,42.3974529],[70.1236883,42.3975364],[70.1235115,42.3977996],[70.1230244,42.398176],[70.1224589,42.3985363],[70.1212788,42.3994723],[70.1205128,42.4000381],[70.1202611,42.4000537],[70.1201264,42.400126],[70.1199729,42.4002825],[70.1197912,42.4008314],[70.1185195,42.4024312],[70.1181903,42.402623],[70.1177722,42.4027783],[70.1172685,42.4029345],[70.1169107,42.4030725],[70.1164544,42.4034877],[70.1160377,42.4042873],[70.1157172,42.4048302],[70.115699,42.4050825],[70.1151699,42.4066507],[70.1149705,42.4070579],[70.1148526,42.4072345],[70.1146515,42.4074027],[70.1143987,42.4075004],[70.1141451,42.4075477],[70.1135129,42.4075688],[70.1132744,42.4076159],[70.1130177,42.4076371],[70.1127754,42.4077571],[70.1123889,42.4078449],[70.1118173,42.4081548],[70.1116795,42.4083448],[70.1112383,42.4086179],[70.1107138,42.4088863],[70.11016,42.4092054],[70.1097094,42.4095179],[70.1093802,42.4098517],[70.1092254,42.410081],[70.10913,42.4103863],[70.108696,42.4107846],[70.1084785,42.4110257],[70.10835,42.4113145],[70.1082041,42.4114709],[70.1079954,42.4116392],[70.1076419,42.4120329],[70.1071803,42.412295],[70.1068443,42.4125336],[70.1065852,42.4128461],[70.1059357,42.4133155],[70.1055195,42.4135809],[70.105229,42.4136902],[70.1048954,42.4137812],[70.1045442,42.4137285],[70.1042907,42.4136413],[70.1040257,42.4136215],[70.1037388,42.4136467],[70.1034283,42.4137561],[70.1022735,42.4142994],[70.1021304,42.4144801],[70.1018589,42.4145163],[70.1016862,42.4145833],[70.101585,42.4147057],[70.1013466,42.4147659],[70.1010818,42.4147572],[70.1006902,42.4148413],[70.1004862,42.4149945],[70.1001182,42.4149943],[70.0997533,42.4150258],[70.0995563,42.4149978],[70.0993276,42.4148936],[70.099143,42.4147123],[70.0989252,42.4143633],[70.098494,42.4140575],[70.0983101,42.4139687],[70.0981995,42.413937],[70.0980011,42.4139726],[70.0977265,42.4141227],[70.0969759,42.4144362],[70.0967239,42.4145702],[70.0963744,42.4149219],[70.0960429,42.4151683],[70.0960248,42.4153958],[70.0960807,42.4157014],[70.0964654,42.4156925],[70.0966037,42.4162616],[70.0962066,42.4167936],[70.0948804,42.4180053],[70.0944489,42.4181996],[70.0941841,42.4185454],[70.0934794,42.419017],[70.0930181,42.4191376],[70.0924054,42.4191593],[70.0915778,42.4191196],[70.0908167,42.4192166],[70.0894997,42.419731],[70.0877129,42.420704],[70.087402,42.4212774],[70.0868747,42.4217049],[70.0862089,42.4219542],[70.0859578,42.4226908],[70.0854989,42.4233659],[70.0847568,42.4241494],[70.08429,42.4243704],[70.083635,42.4244189],[70.0835606,42.424652],[70.0835176,42.4250538],[70.083321,42.42523],[70.0829831,42.4258934],[70.0827591,42.4261385],[70.0823559,42.4263219],[70.0819999,42.4263517],[70.0815705,42.4262554],[70.0812119,42.426132],[70.0795203,42.4268504],[70.0777629,42.4274797],[70.0768104,42.4276471],[70.0763096,42.4275461],[70.0758384,42.4275083],[70.0751512,42.427351],[70.0746279,42.4271816],[70.073622,42.4267315],[70.0732712,42.426645],[70.0725293,42.4266203],[70.0721095,42.4266717],[70.07106,42.4270037],[70.0703237,42.4273064],[70.06952,42.4274248],[70.0668422,42.4280202],[70.0656262,42.4286284],[70.0644555,42.4293841],[70.0643596,42.4296173],[70.0641697,42.4297723],[70.0634586,42.4298845],[70.0612988,42.4299204],[70.0608816,42.4297024],[70.0607767,42.4294023],[70.0603144,42.4290474],[70.0597956,42.4283022],[70.0597035,42.4279122],[70.0593604,42.4274378],[70.0580664,42.4268053],[70.057381,42.4267482],[70.0567689,42.4268067],[70.0560958,42.4266333],[70.0549705,42.4267071],[70.0548957,42.4264965],[70.0551768,42.4262509],[70.0548692,42.4257678],[70.0548313,42.4252083],[70.0543696,42.424885],[70.0540897,42.4243488],[70.0514412,42.4245633],[70.0499224,42.424123],[70.0485985,42.4242513],[70.0483088,42.4239793],[70.0469428,42.4241502],[70.0469486,42.4244988],[70.0459936,42.4245181],[70.0456742,42.4241724],[70.0440053,42.4241348],[70.0433232,42.424216],[70.043328,42.4237416],[70.0500419,42.4213488],[70.0494409,42.4188691],[70.0504793,42.4094467],[70.0503709,42.4086895],[70.0460858,42.4098342],[70.0429677,42.4117637],[70.0419308,42.4130617],[70.0273811,42.4129403],[70.0233683,42.4150715],[70.0173697,42.4131612],[70.0120068,42.4102615],[70.0068838,42.4113824],[70.0029517,42.413706],[69.9982903,42.4172504],[69.9991736,42.4183328],[70.0069131,42.4222913],[70.0144585,42.427098],[70.0127219,42.4281697],[70.0087008,42.4299588],[70.0045317,42.4314216],[70.0035859,42.4320214],[70.0025023,42.4329289],[70.0023355,42.433205],[70.0024199,42.4351753],[70.0023199,42.4355422],[70.0021416,42.4357455],[70.0015357,42.4360122],[69.9995167,42.4361904],[69.9992454,42.4362563],[69.9990257,42.4363889],[69.9986844,42.436489],[69.9971404,42.4364203],[69.9964317,42.4365646],[69.9958099,42.4367792],[69.9950172,42.4367114],[69.9942902,42.4369717],[69.9940407,42.4371382],[69.993723,42.4374546],[69.9936059,42.4376984],[69.9935319,42.4384423],[69.9930608,42.4405417],[69.9928858,42.4409541],[69.9918279,42.4416616],[69.9917503,42.4421777],[69.9922591,42.4434208],[69.9920857,42.443934],[69.9918195,42.4443247],[69.9916899,42.444423],[69.98982,42.4448051],[69.9892052,42.4448329],[69.988405,42.4446119],[69.9879808,42.4445745],[69.9875293,42.4447241],[69.9862043,42.44577],[69.986027,42.4460405],[69.9858592,42.4469196],[69.9856616,42.4471828],[69.9850591,42.4476735],[69.984879,42.4480859],[69.9843755,42.4487812],[69.9832485,42.4499188],[69.9830919,42.4502301],[69.9829531,42.4516693],[69.9829394,42.452084],[69.9826615,42.4526951],[69.9822057,42.4532219],[69.9818668,42.4534825],[69.9808856,42.4539503],[69.979898,42.454336],[69.9790498,42.4549259],[69.9786421,42.4553066],[69.9772782,42.456796],[69.9768885,42.4575258],[69.9768731,42.4575657],[69.9765099,42.458508],[69.9761653,42.4587239],[69.975658,42.4591913],[69.9752308,42.4597908],[69.9749096,42.4600214],[69.9815659,42.4583113],[69.9817518,42.4585658],[69.9817525,42.4589554],[69.9814868,42.4594132],[69.9805087,42.4606153],[69.9805892,42.4612009],[69.9799893,42.4616128],[69.9789442,42.4627573],[69.9783517,42.4631783],[69.9782992,42.4633692],[69.9785514,42.4636957],[69.9785591,42.46386],[69.9784292,42.4639433],[69.9781818,42.4639267],[69.9775672,42.4636556],[69.9772233,42.4632775],[69.9768804,42.4632842],[69.9759744,42.4636381],[69.9752136,42.4641824],[69.9752215,42.4646903],[69.9756922,42.4656354],[69.9761441,42.4662815],[69.9768904,42.466792],[69.9769042,42.466879],[69.9768947,42.4669525],[69.9766511,42.4671824],[69.9766008,42.467519],[69.9766804,42.4677723],[69.9766337,42.4680117],[69.9760413,42.4691671],[69.9756268,42.4700931],[69.9756765,42.4703654],[69.9758526,42.4706627],[69.9764278,42.4713151],[69.9768253,42.4715732],[69.9770827,42.4715784],[69.9773791,42.4715012],[69.9775765,42.4715369],[69.9783525,42.4721278],[69.9784545,42.4725191],[69.9783525,42.4730989],[69.9782536,42.4732305],[69.9773963,42.4739026],[69.9772984,42.4740939],[69.9772814,42.4742958],[69.97747,42.4745465],[69.977852,42.4747785],[69.9780019,42.4750088],[69.978119,42.475075],[69.9780383,42.4752363],[69.9778708,42.4753367],[69.977712,42.4753418],[69.9773526,42.475104],[69.9769453,42.4750327],[69.9766942,42.4751059],[69.9762331,42.4754646],[69.9760855,42.475873],[69.9759655,42.4759375],[69.9755819,42.4759333],[69.9751447,42.476204],[69.9746743,42.4762939],[69.9743246,42.4765173],[69.9734328,42.4769245],[69.9732881,42.4770284],[69.9731451,42.4772388],[69.9731581,42.4775879],[69.973087,42.4777248],[69.9723499,42.4783455],[69.9722991,42.478486],[69.9722838,42.4786392],[69.9723145,42.4788294],[69.972503,42.4794366],[69.9724707,42.479633],[69.972398,42.4798222],[69.9720611,42.4802266],[69.9720343,42.480449],[69.9721342,42.4807078],[69.9721959,42.4809444],[69.9721357,42.4811317],[69.9720489,42.4812295],[69.9706008,42.4817217],[69.9703505,42.4818508],[69.9697968,42.4822645],[69.9696991,42.4827957],[69.9697424,42.482827],[69.9691872,42.4833079],[69.9685437,42.4836252],[69.9685223,42.4838719],[69.9694496,42.4852611],[69.9696396,42.4857772],[69.9700695,42.486579],[69.9704535,42.4871858],[69.9707326,42.4872389],[69.9710036,42.487683],[69.9710206,42.487839],[69.9705471,42.488952],[69.9706347,42.4890793],[69.9706321,42.4891414],[69.970092,42.4899805],[69.9701346,42.4906132],[69.9702855,42.4910143],[69.9693782,42.4937426],[69.9681302,42.4945489],[69.9663243,42.4953235],[69.9618735,42.4973053],[69.9580469,42.4983053],[69.9438042,42.5011998],[69.9370927,42.5020471],[69.929481,42.5021012],[69.9284546,42.500573],[69.9252519,42.496854],[69.9225269,42.4940449],[69.9212873,42.492259],[69.9081647,42.4964561],[69.8959815,42.502165],[69.8943673,42.5057272],[69.8848075,42.5216581],[69.8824595,42.525096],[69.8812007,42.5264204],[69.8750327,42.5258701],[69.8695109,42.5344064],[69.8677773,42.5354211],[69.8639084,42.5369222],[69.8563332,42.5386217],[69.8539172,42.533164],[69.8527598,42.5299529],[69.8524898,42.529972],[69.8514271,42.5305141],[69.8507018,42.5308555],[69.8502495,42.5309289],[69.8497081,42.5311243],[69.8490662,42.5312692],[69.8481541,42.5317381],[69.8475188,42.5318764],[69.8465241,42.5318912],[69.8458994,42.5320022],[69.8455033,42.532022],[69.8438448,42.5322377],[69.843504,42.5322421],[69.8419864,42.5324609],[69.8408199,42.5325461],[69.8399689,42.5326651],[69.8395155,42.5326997],[69.8390157,42.5328561],[69.8381507,42.5330578],[69.8374865,42.5333242],[69.8366628,42.533395],[69.8351263,42.533733],[69.8344,42.5337719],[69.832975,42.5337532],[69.8322171,42.5337799],[69.8318234,42.5337692],[69.8302125,42.5337723],[69.8296534,42.5338036],[69.8292617,42.533865],[69.8289385,42.5338801],[69.8280191,42.5340267],[69.8275972,42.5341208],[69.8273468,42.5341574],[69.8271251,42.5342035],[69.8259544,42.5344817],[69.8257061,42.5345325],[69.8253561,42.53462],[69.8247844,42.5347053],[69.8244719,42.5347806],[69.824308,42.5348509],[69.8239622,42.5349734],[69.8236508,42.5351417],[69.8232348,42.5355291],[69.8229862,42.5357093],[69.8224122,42.5359859],[69.8221222,42.5361699],[69.8216973,42.5363116],[69.8207604,42.5365584],[69.8201869,42.5366774],[69.8197271,42.5367441],[69.8189747,42.5369327],[69.8184226,42.5370436],[69.8179688,42.5371878],[69.8175005,42.5373948],[69.8170908,42.5376612],[69.8169246,42.5377862],[69.8167959,42.5378647],[69.8161039,42.5383365],[69.8157018,42.5385228],[69.8153582,42.5386627],[69.8142979,42.538966],[69.8140066,42.5390365],[69.8137322,42.5390995],[69.8134687,42.5391733],[69.8131973,42.539245],[69.8104326,42.5397164],[69.80955,42.5398727],[69.8085201,42.5402679],[69.8072755,42.5405999],[69.8066532,42.5408213],[69.8059237,42.5413746],[69.8042285,42.5424655],[69.8037135,42.5430504],[69.8031127,42.5435563],[69.8021901,42.5440464],[69.7994184,42.5454106],[69.7986947,42.5458014],[69.797257,42.5462914],[69.7967206,42.546497],[69.7956048,42.5473506],[69.7953258,42.5477142],[69.7950855,42.5482622],[69.7950723,42.548563],[69.7950275,42.5491971],[69.7951643,42.549627],[69.7957657,42.5507299],[69.795984,42.5510452],[69.7964187,42.551411],[69.7967286,42.5519947]]]}},{"type":"Feature","properties":{"osmId":"relation/3407327","name":"Шардаринский район"},"geometry":{"type":"MultiLineString","coordinates":[[[68.3007285,41.013042],[68.3021521,41.0132006],[68.3056372,41.0141879],[68.3074077,41.0147591],[68.3084425,41.0149671],[68.3089785,41.0149654],[68.3097387,41.0147523],[68.3107397,41.0141608],[68.3117221,41.0131606],[68.3135507,41.010812],[68.3146517,41.0098703],[68.3160704,41.0088933],[68.3167072,41.0080038],[68.3173581,41.0063467],[68.3183887,41.004972],[68.3193663,41.0030088],[68.3209323,41.001384],[68.324154,40.999919],[68.3261334,40.9982214],[68.3372808,41.0104621],[68.4389223,41.0177401],[68.5103337,41.047551],[68.5119494,41.0445905],[68.5125093,41.0434283],[68.5171629,41.0309553],[68.5176143,41.0301534],[68.5181777,41.0295347],[68.5190432,41.0287143],[68.5214902,41.0263949],[68.5228856,41.0248217],[68.5251841,41.021823],[68.5265207,41.0203252],[68.5311573,41.0161688],[68.5332763,41.0143805],[68.5339635,41.0140161],[68.5362846,41.0127849],[68.5395204,41.0118531],[68.5432863,41.0113301],[68.5469856,41.0104363],[68.5522267,41.0081482],[68.5530112,41.0078648],[68.5541913,41.0075988],[68.5557154,41.0073459],[68.5572394,41.0071776],[68.558773,41.0071143],[68.5598099,41.0071611],[68.5612727,41.0074066],[68.5628642,41.007814],[68.5645074,41.008369],[68.5678781,41.0098394],[68.568631,41.0102412],[68.5708958,41.0116013],[68.5723711,41.0127209],[68.5735459,41.0138244],[68.5749535,41.0155479],[68.5767121,41.0183967],[68.5775051,41.0195132],[68.5786496,41.0208411],[68.5805799,41.0225201],[68.5806674,41.0225964],[68.5834733,41.0250405],[68.5860385,41.026873],[68.5895394,41.028847],[68.5924683,41.0298806],[68.5952911,41.0305491],[68.5982994,41.0310573],[68.6008293,41.031288],[68.6026901,41.0313488],[68.6037588,41.0313076],[68.6045742,41.0312267],[68.6057758,41.0310162],[68.6065697,41.0308058],[68.6074495,41.0304659],[68.6080503,41.0300774],[68.6086082,41.029608],[68.6091232,41.0291385],[68.6094021,41.0287824],[68.6095919,41.0283587],[68.6132002,41.0309515],[68.6136079,41.0314856],[68.6139726,41.0321007],[68.6139297,41.0327644],[68.6137581,41.0332823],[68.6133504,41.0337517],[68.6127281,41.034302],[68.6121273,41.0348038],[68.6118698,41.0353865],[68.6114621,41.0361796],[68.6107969,41.0367623],[68.6096596,41.0372964],[68.6088228,41.0374744],[68.6079859,41.0374744],[68.6076426,41.0376848],[68.6075139,41.0383484],[68.6075353,41.0392062],[68.6077285,41.0398698],[68.6080503,41.0405657],[68.6090588,41.0415691],[68.6095738,41.0426858],[68.6092519,41.0433331],[68.6090159,41.0436083],[68.606441,41.0456797],[68.6041879,41.0470715],[68.6031365,41.0474113],[68.6024069,41.0475246],[68.6018276,41.0474922],[68.6012697,41.0473142],[68.5992098,41.0467316],[68.5972571,41.0463271],[68.5940814,41.0456797],[68.5928154,41.0455826],[68.5918069,41.0456474],[68.5907769,41.0458254],[68.5903693,41.0462106],[68.5884919,41.0470181],[68.5867163,41.0475514],[68.5850775,41.0476724],[68.5843653,41.0475225],[68.5842131,41.0468892],[68.5838044,41.0468234],[68.5837503,41.048077],[68.5834335,41.0486553],[68.5830391,41.0488959],[68.5823658,41.049088],[68.5817693,41.0491835],[68.5808059,41.0495792],[68.5793585,41.0499065],[68.5777659,41.0503048],[68.5768193,41.050423],[68.5761529,41.0505793],[68.5754007,41.0506384],[68.5743032,41.0509289],[68.5731627,41.0510576],[68.5720834,41.0509913],[68.5705344,41.0515839],[68.571147,41.0517643],[68.5729512,41.0512788],[68.5746025,41.0512141],[68.5796211,41.0502108],[68.5780707,41.0540457],[68.5779116,41.0542916],[68.5777766,41.0542747],[68.5773008,41.0544316],[68.5772915,41.0545161],[68.5773942,41.0545654],[68.577525,41.0546006],[68.5772635,41.0550373],[68.577114,41.0553754],[68.5770487,41.0556923],[68.5770206,41.05646],[68.5769739,41.0567065],[68.5770393,41.0568826],[68.5770127,41.0573957],[68.5769179,41.0577278],[68.5766909,41.0576862],[68.5765945,41.0577855],[68.5764638,41.0578954],[68.5761463,41.0579066],[68.5758215,41.0579876],[68.5754966,41.0579982],[68.5753108,41.057945],[68.5747514,41.0573988],[68.574663,41.0572568],[68.5745933,41.0570021],[68.5745757,41.0566872],[68.5746142,41.0561046],[68.5744856,41.0560945],[68.5743423,41.056227],[68.5741483,41.0567342],[68.5739916,41.0567625],[68.5739958,41.0566501],[68.5739556,41.0565565],[68.5737472,41.0565757],[68.5734959,41.0567993],[68.5731885,41.0569173],[68.5728043,41.0568985],[68.5726683,41.0570916],[68.5723174,41.0574115],[68.5720393,41.0576549],[68.5718172,41.0577293],[68.5717465,41.05785],[68.5715543,41.05802],[68.5716517,41.0583027],[68.5717359,41.0584325],[68.5720784,41.0587033],[68.5729906,41.0590445],[68.5730666,41.0590244],[68.5734789,41.0592861],[68.5738178,41.0595488],[68.5741071,41.0598434],[68.5745085,41.0605887],[68.5749801,41.061107],[68.5753117,41.0613719],[68.5754684,41.0616024],[68.5755877,41.0619456],[68.5755677,41.0621624],[68.5754543,41.062499],[68.5748206,41.0632973],[68.5745045,41.0636168],[68.5743299,41.0640374],[68.5738705,41.0644705],[68.5736501,41.0645216],[68.5733811,41.0648217],[68.5729571,41.0650352],[68.5723462,41.0654458],[68.5719048,41.0658197],[68.5708528,41.0662918],[68.5704856,41.0664927],[68.5701558,41.066595],[68.5684389,41.0673757],[68.5666183,41.0684185],[68.5660959,41.0686304],[68.5650628,41.0694454],[68.5637764,41.0709221],[68.5635267,41.0711032],[68.5627732,41.07221],[68.5621007,41.0730056],[68.5611574,41.0741604],[68.560709,41.0746744],[68.5603354,41.0752517],[68.560242,41.075639],[68.56013,41.0757868],[68.5598311,41.0760896],[68.5598056,41.0761794],[68.5598057,41.076372],[68.5596282,41.0772688],[68.5596027,41.0786204],[68.5596267,41.0789835],[68.5597754,41.0801551],[68.5600353,41.0814369],[68.5600905,41.0821271],[68.5602909,41.0826834],[68.5607435,41.0833242],[68.5611549,41.0839359],[68.5615113,41.0845545],[68.5616065,41.0851028],[68.561769,41.0854178],[68.5618783,41.0857777],[68.5620715,41.0863558],[68.5621779,41.0865406],[68.563514,41.0874589],[68.5637898,41.0877455],[68.5640398,41.088093],[68.5642582,41.0886187],[68.5644327,41.088776],[68.5647567,41.0896794],[68.5646782,41.0898891],[68.5647024,41.0900495],[68.5648256,41.0900887],[68.564885,41.0901954],[68.5647985,41.0903945],[68.5648496,41.0905817],[68.5650639,41.0907448],[68.565175,41.0910992],[68.5653784,41.0915404],[68.5653929,41.0917612],[68.5654781,41.0919213],[68.565427,41.0920889],[68.5655253,41.092334],[68.5655165,41.0925143],[68.5653868,41.0924105],[68.5652977,41.0924877],[68.5652128,41.0925999],[68.5650431,41.0925287],[68.5649279,41.0926819],[68.5649458,41.0930422],[68.565177,41.0933938],[68.565146,41.0931919],[68.5652238,41.0932035],[68.5653655,41.0933712],[68.5654698,41.0936234],[68.5656631,41.0937728],[68.5657321,41.0939169],[68.5657207,41.0940641],[68.5657539,41.0942179],[68.5658297,41.0944762],[68.5658186,41.0950681],[68.5658944,41.0952999],[68.5658253,41.0956794],[68.565836,41.0959724],[68.565819,41.0967454],[68.5657682,41.0971047],[68.5652727,41.0971602],[68.5646517,41.0972964],[68.563844,41.0975453],[68.5633494,41.097508],[68.5631913,41.0930203],[68.5610176,41.0923738],[68.560286,41.0952532],[68.5606667,41.0980706],[68.5600387,41.1001755],[68.5415514,41.1043964],[68.5375673,41.1068284],[68.527212,41.1095502],[68.5250839,41.1094693],[68.5234235,41.1085892],[68.5222895,41.107975],[68.5215517,41.107857],[68.5208944,41.1076628],[68.5203492,41.1075953],[68.5198378,41.1074039],[68.5192051,41.1073815],[68.5188794,41.1073421],[68.5182921,41.107176],[68.5174797,41.1067782],[68.5168261,41.1066158],[68.5161541,41.1066289],[68.5154453,41.1067255],[68.5141207,41.1069451],[68.5125663,41.1073898],[68.5113459,41.1076323],[68.5101926,41.1076969],[68.5094308,41.1076322],[68.5081353,41.1078121],[68.5073333,41.1081213],[68.5058152,41.1083194],[68.5036372,41.1081981],[68.5019893,41.1077292],[68.498764,41.1069392],[68.4981913,41.1068389],[68.4968158,41.1067915],[68.4958223,41.1067017],[68.4950156,41.1065274],[68.4937198,41.1064182],[68.4926806,41.1064108],[68.4924726,41.1063472],[68.4917765,41.1060996],[68.4893271,41.1055062],[68.4882993,41.1051909],[68.4873444,41.1050818],[68.4858316,41.105005],[68.484866,41.1050777],[68.4825427,41.1048089],[68.4797044,41.1043623],[68.4789631,41.1043097],[68.4782958,41.104431],[68.4771478,41.1049484],[68.475871,41.1048513],[68.4739612,41.1050453],[68.472863,41.1053161],[68.4719794,41.1057163],[68.4714566,41.1062256],[68.4707115,41.1065328],[68.4699937,41.1066945],[68.4691161,41.1071795],[68.4678072,41.1079839],[68.4652108,41.1092247],[68.4621209,41.1107041],[68.4607608,41.1116508],[68.4601302,41.1119024],[68.4579249,41.1131169],[68.4558317,41.114382],[68.4551217,41.1146856],[68.4547107,41.1147781],[68.4537391,41.1153711],[68.4518599,41.1163835],[68.4503149,41.117019],[68.4489416,41.1174818],[68.4468817,41.1181163],[68.4455091,41.1185741],[68.4448846,41.1187502],[68.4439964,41.1189137],[68.4411785,41.1192703],[68.4407091,41.1192777],[68.4397951,41.1191701],[68.4386689,41.1190157],[68.4383233,41.1189225],[68.4378923,41.1188708],[68.4367537,41.1187063],[68.4360609,41.1184832],[68.4357747,41.1183336],[68.4350049,41.1179571],[68.4341943,41.1176358],[68.4334677,41.1172137],[68.4330682,41.1169702],[68.4326443,41.1168021],[68.4324772,41.1167048],[68.4323751,41.1165584],[68.4322164,41.1165787],[68.4320578,41.116501],[68.4318544,41.1165048],[68.4315909,41.1164171],[68.4315062,41.1163172],[68.4313044,41.1163747],[68.4313903,41.11629],[68.4310859,41.1162605],[68.4310137,41.1163363],[68.4309449,41.1164792],[68.4307948,41.1164078],[68.4306551,41.1162744],[68.4304094,41.1161576],[68.4303019,41.1160347],[68.4297294,41.1156572],[68.4291082,41.1151449],[68.4286831,41.1147946],[68.4285669,41.1147872],[68.4279741,41.1148443],[68.4277877,41.1149258],[68.4275777,41.1149297],[68.4275968,41.1148393],[68.4275616,41.1147139],[68.4271545,41.114841],[68.4267175,41.1151508],[68.4256546,41.115721],[68.424518,41.1162466],[68.4240955,41.1165408],[68.423137,41.1174337],[68.422356,41.1181155],[68.4219946,41.1184067],[68.4215865,41.118909],[68.4211423,41.1195543],[68.4206982,41.1200449],[68.4204875,41.1204229],[68.4201087,41.1211456],[68.4198199,41.1215905],[68.4195167,41.122024],[68.4194118,41.1222056],[68.4191632,41.1224934],[68.4189146,41.1226827],[68.4182945,41.1231682],[68.4181629,41.1234197],[68.4180499,41.1235024],[68.4178799,41.1234988],[68.4177053,41.1235692],[68.4172505,41.1236818],[68.4162661,41.1241321],[68.4153084,41.1246886],[68.414101,41.1255649],[68.4125107,41.1266241],[68.412045,41.1269622],[68.4115693,41.1271454],[68.4112941,41.1272721],[68.4108788,41.12742],[68.4105435,41.1275421],[68.4094424,41.1278049],[68.4090146,41.1278943],[68.4081779,41.1280027],[68.4072403,41.1282139],[68.4068258,41.1283125],[68.4063308,41.1285239],[68.4060924,41.1286844],[68.4057793,41.1288166],[68.404546,41.1291938],[68.4046574,41.129304],[68.4045871,41.1294224],[68.4044678,41.1294324],[68.4041805,41.1296816],[68.4039924,41.1298035],[68.4038031,41.129977],[68.4037515,41.1301552],[68.4034196,41.1301013],[68.4033025,41.1302162],[68.4030118,41.1302044],[68.4028039,41.1301246],[68.4023787,41.1301127],[68.4019699,41.1301876],[68.4018041,41.1302063],[68.4014747,41.1301651],[68.4012587,41.1302219],[68.4011931,41.1303398],[68.4006046,41.1305],[68.4002867,41.1305669],[68.3997238,41.130815],[68.3992357,41.1309575],[68.398745,41.1309612],[68.3986046,41.1310573],[68.3983148,41.1310338],[68.3978708,41.1311933],[68.3975461,41.1312484],[68.3972063,41.1312478],[68.3963621,41.1313668],[68.3955878,41.1316097],[68.3951446,41.1316572],[68.394692,41.1318033],[68.3942212,41.132018],[68.3938271,41.1321957],[68.3934338,41.1322002],[68.3931527,41.1323453],[68.392792,41.1325781],[68.392492,41.1326561],[68.3921733,41.1326356],[68.3907585,41.1326522],[68.38978,41.1325942],[68.38902,41.1324526],[68.3886242,41.1324728],[68.388115,41.1325747],[68.387808,41.132673],[68.3872061,41.1330538],[68.3867963,41.1334074],[68.3866153,41.1334655],[68.3866556,41.1333117],[68.386509,41.133186],[68.385757,41.1330597],[68.3848602,41.1328141],[68.384688,41.1326294],[68.384801,41.1325247],[68.3845586,41.1324723],[68.3844187,41.1325587],[68.3842647,41.1325456],[68.384113,41.1324406],[68.3839718,41.132578],[68.3837517,41.1325834],[68.3835389,41.1325158],[68.3834663,41.1324059],[68.3832757,41.1323434],[68.3830123,41.1324036],[68.3827218,41.1323633],[68.3823991,41.1324839],[68.3821537,41.1324738],[68.3819749,41.1324969],[68.3817081,41.1324874],[68.3815347,41.1325833],[68.3812641,41.1325855],[68.3811662,41.1325303],[68.3809958,41.1325309],[68.3809199,41.1326648],[68.3807699,41.1327036],[68.3805735,41.1326457],[68.3803539,41.1325182],[68.380132,41.1325318],[68.3799183,41.132602],[68.3793444,41.13263],[68.3789548,41.1325104],[68.3785558,41.1325314],[68.378352,41.1324756],[68.378054,41.1325322],[68.3768029,41.1323635],[68.3756636,41.1321314],[68.3753275,41.132149],[68.374954,41.132237],[68.3746653,41.1322056],[68.3743435,41.1321195],[68.3739304,41.132182],[68.3735651,41.1321148],[68.3732517,41.1321304],[68.3724131,41.1319624],[68.3717043,41.1319979],[68.3711818,41.1320438],[68.3704432,41.1320091],[68.3703211,41.1319461],[68.3702823,41.1318203],[68.3702234,41.1319344],[68.3701055,41.1319656],[68.3700006,41.1318874],[68.3698654,41.131942],[68.3698005,41.1321334],[68.3698098,41.1323796],[68.3697538,41.132464],[68.3696323,41.1324077],[68.3695296,41.132253],[68.3694455,41.1320982],[68.3694455,41.1319856],[68.3692774,41.1319223],[68.3693521,41.1318449],[68.3692494,41.1317887],[68.3692307,41.1317183],[68.3692774,41.131662],[68.369184,41.1314228],[68.3690906,41.131458],[68.3690066,41.1316198],[68.3687264,41.131662],[68.3685769,41.1315635],[68.3683247,41.1313666],[68.3679792,41.1313666],[68.3676523,41.1313173],[68.3674561,41.131247],[68.3673254,41.1310852],[68.3669798,41.1309726],[68.366765,41.1308178],[68.3666435,41.1307264],[68.366326,41.1306701],[68.3659524,41.1303746],[68.3657936,41.1302621],[68.3651585,41.1300862],[68.3649997,41.1300159],[68.3646728,41.1298681],[68.3643085,41.1298189],[68.3641311,41.1297063],[68.3637201,41.1296219],[68.3635613,41.1295515],[68.3630476,41.129439],[68.3625993,41.1293757],[68.3624219,41.1293053],[68.3623565,41.1292068],[68.3622257,41.1293123],[68.362123,41.1293053],[68.3619922,41.129242],[68.3619549,41.1291224],[68.3617681,41.1290239],[68.3614972,41.1289958],[68.3614599,41.1291716],[68.3612731,41.1293334],[68.3610302,41.1293757],[68.3609088,41.1293757],[68.3608061,41.1294108],[68.360666,41.1294179],[68.3606193,41.1295234],[68.3604885,41.1296149],[68.3603577,41.1297344],[68.3598534,41.1299596],[68.3596572,41.1299947],[68.3594051,41.1298963],[68.3589567,41.1296922],[68.3586579,41.1296149],[68.3584057,41.1294742],[68.3583216,41.1292772],[68.3580881,41.1292701],[68.3578826,41.1293757],[68.3575838,41.1294319],[68.3574063,41.1294671],[68.3572662,41.1294742],[68.3570794,41.1294671],[68.3569113,41.1295164],[68.3567992,41.1296008],[68.356575,41.1295726],[68.3564256,41.1296711],[68.3562668,41.1297133],[68.3561361,41.1297204],[68.3560333,41.1297837],[68.3559026,41.1297837],[68.3558559,41.129854],[68.3557344,41.1298752],[68.355641,41.1298259],[68.3555757,41.1299174],[68.3554542,41.1299736],[68.3553422,41.1299877],[68.3549499,41.1299736],[68.3546697,41.1299736],[68.3541186,41.1300862],[68.353717,41.1301988],[68.3530539,41.1304098],[68.3525121,41.1305224],[68.3523067,41.1306209],[68.3519704,41.1307686],[68.3516062,41.130853],[68.350971,41.1309163],[68.35042,41.1310922],[68.3502986,41.1313736],[68.3498596,41.1315073],[68.3494673,41.1315987],[68.3492618,41.1316128],[68.3490003,41.1316128],[68.3488695,41.131662],[68.3488322,41.1317605],[68.3486454,41.1318379],[68.3484492,41.1318942],[68.3482998,41.1320138],[68.3478888,41.1321826],[68.3477207,41.1321685],[68.3477581,41.132267],[68.3476834,41.1323022],[68.3475806,41.1322952],[68.3474592,41.1324288],[68.3474218,41.1325344],[68.3473191,41.1326047],[68.3471883,41.1328791],[68.3470669,41.1330971],[68.3466746,41.1332167],[68.34575,41.1332871],[68.3454791,41.1331956],[68.3453203,41.1330338],[68.3452176,41.1330057],[68.3450028,41.1327876],[68.3445825,41.1327524],[68.3439941,41.1326891],[68.3435457,41.1327032],[68.3431348,41.132661],[68.3428733,41.1327384],[68.3427425,41.1327032],[68.3424436,41.132668],[68.3421541,41.1325836],[68.3416684,41.1324921],[68.3411454,41.1324781],[68.3396136,41.132471],[68.3393427,41.1325695],[68.3390625,41.1325906],[68.3386703,41.1326258],[68.3381566,41.1327032],[68.3377082,41.132668],[68.3374747,41.1327454],[68.337316,41.1327173],[68.3370825,41.132661],[68.3368957,41.1326539],[68.3366341,41.1326891],[68.3364847,41.1327524],[68.3362138,41.1329072],[68.335943,41.1332027],[68.335943,41.1333785],[68.3357468,41.1333645],[68.3356161,41.1332871],[68.3356067,41.1329987],[68.3354573,41.1329283],[68.3352985,41.1329424],[68.335093,41.1329987],[68.3348595,41.1329775],[68.3344486,41.1329916],[68.334159,41.1332449],[68.3338788,41.1333574],[68.3336827,41.1336529],[68.3335706,41.1337443],[68.3334492,41.1337584],[68.3333278,41.1337584],[68.3332344,41.1338006],[68.3330476,41.1337162],[68.3330569,41.1336318],[68.3329729,41.1335825],[68.3329355,41.133674],[68.332674,41.1336951],[68.3321976,41.1337865],[68.3318894,41.1337584],[68.3316092,41.1338217],[68.3313944,41.1338006],[68.3308807,41.133871],[68.3301428,41.1340398],[68.3298346,41.1342156],[68.3296105,41.1342156],[68.3293116,41.1343423],[68.3290407,41.1344337],[68.3288633,41.1344619],[68.3286578,41.134687],[68.3282282,41.1348417],[68.3280414,41.1349332],[68.3278172,41.1349824],[68.3274903,41.1352708],[68.3271074,41.135503],[68.3268739,41.1356226],[68.326631,41.1356999],[68.3262387,41.1359321],[68.3255009,41.1365722],[68.325146,41.1367903],[68.3249218,41.1367903],[68.324296,41.1368747],[68.3239785,41.1368747],[68.323773,41.1368325],[68.3235115,41.1369239],[68.3233807,41.1370787],[68.3230351,41.1371983],[68.3225401,41.1375078],[68.3224187,41.1374937],[68.3220824,41.1376836],[68.3217555,41.1378524],[68.3218863,41.1382534],[68.3217836,41.1382956],[68.3215314,41.1383941],[68.3214006,41.1382745],[68.3213819,41.1383519],[68.3215407,41.1385629],[68.3215314,41.1386754],[68.3213633,41.1386754],[68.3211484,41.1386754],[68.3208309,41.1385348],[68.320532,41.1385137],[68.3203732,41.1384714],[68.3201771,41.138577],[68.319542,41.1389357],[68.3192244,41.1390694],[68.3189255,41.1390764],[68.3183931,41.1393366],[68.3180289,41.1395899],[68.317702,41.1396321],[68.3175245,41.1397446],[68.3172163,41.1398923],[68.3170295,41.1400682],[68.3168614,41.1401174],[68.3166185,41.1401174],[68.3163197,41.1401878],[68.3160862,41.1402159],[68.315834,41.1403706],[68.3154604,41.1405676],[68.3151895,41.1406379],[68.3148813,41.1406942],[68.3144423,41.1409123],[68.3140407,41.1410037],[68.3138539,41.1411373],[68.3135457,41.1411444],[68.3134056,41.1412358],[68.3132468,41.141271],[68.3129853,41.141271],[68.3125276,41.1414046],[68.3122007,41.1414609],[68.3119299,41.1415945],[68.311687,41.1416297],[68.3110426,41.14189],[68.3105569,41.1419181],[68.3104915,41.1420236],[68.3101179,41.1420869],[68.3098937,41.1421924],[68.3091559,41.1423823],[68.3090531,41.14253],[68.3089037,41.1425863],[68.3087823,41.1425863],[68.3086982,41.1426707],[68.3087076,41.1428465],[68.3088103,41.1430998],[68.3087729,41.1434092],[68.3086515,41.1435218],[68.3084087,41.143775],[68.3082966,41.143986],[68.3081939,41.1441056],[68.3081939,41.1441759],[68.3082125,41.1442744],[68.3080818,41.1442533],[68.3079137,41.1443166],[68.3077549,41.1442744],[68.3073626,41.1442744],[68.3071571,41.1443377],[68.3069516,41.1442814],[68.3065967,41.1443236],[68.3064006,41.1443236],[68.3062505,41.144369],[68.3059734,41.1444654],[68.3056465,41.144585],[68.305385,41.1447186],[68.3050114,41.1448733],[68.3047966,41.1449929],[68.3045818,41.1450703],[68.3043296,41.1451898],[68.3037318,41.1455275],[68.3035544,41.1457174],[68.3031247,41.1461253],[68.3027511,41.1463715],[68.302527,41.146695],[68.3020039,41.1472576],[68.3017611,41.1477359],[68.301649,41.1478555],[68.3016677,41.1479469],[68.3015369,41.1482353],[68.3015182,41.1484181],[68.3014155,41.1486713],[68.3013688,41.1487768],[68.3009859,41.1490863],[68.3006309,41.1491355],[68.300304,41.1490792],[68.2997623,41.149023],[68.2995008,41.1490792],[68.2986602,41.1495926],[68.2976141,41.1505632],[68.2966895,41.1516462],[68.2962879,41.152251],[68.2959516,41.1525675],[68.2955126,41.1530668],[68.2953725,41.1532919],[68.2950176,41.1538334],[68.2947561,41.1540725],[68.2942144,41.1543467],[68.2935139,41.1550078],[68.293159,41.1553805],[68.2924024,41.1560486],[68.2915618,41.1569557],[68.2910575,41.1577996],[68.2903756,41.1587559],[68.2903383,41.1588825],[68.2902262,41.158981],[68.2902075,41.1591005],[68.2900954,41.1591427],[68.2900301,41.1592622],[68.289918,41.1592763],[68.2898433,41.1593747],[68.2898433,41.1595084],[68.2897592,41.1599162],[68.2897592,41.1601412],[68.2896284,41.1603451],[68.2893482,41.1605209],[68.2892081,41.1606405],[68.288956,41.160767],[68.2889186,41.1608866],[68.2887785,41.1608866],[68.2887038,41.160971],[68.2886384,41.1610343],[68.2884796,41.1610835],[68.2884516,41.1612804],[68.288134,41.1616109],[68.2878912,41.1619624],[68.2873495,41.1623773],[68.2867424,41.1630312],[68.2863688,41.1633125],[68.2861353,41.163657],[68.2852947,41.1646907],[68.2850145,41.1651196],[68.2848744,41.1655766],[68.2846502,41.1659563],[68.2844167,41.1667157],[68.2842579,41.1671305],[68.2841832,41.1678547],[68.2841645,41.1680445],[68.2840244,41.1681851],[68.283819,41.1682344],[68.2835388,41.1682625],[68.2829877,41.1687054],[68.2822377,41.1691805],[68.2820228,41.1694266],[68.2818454,41.1695953],[68.2816025,41.1697851],[68.2814344,41.1698484],[68.280818,41.1698133],[68.279968,41.1704109],[68.27895,41.1714725],[68.2787071,41.1717608],[68.2779319,41.1723443],[68.2773809,41.1726607],[68.2769606,41.1728646],[68.2765216,41.1732161],[68.276232,41.1735043],[68.2760919,41.173666],[68.2758584,41.1740738],[68.2754008,41.1747909],[68.2751579,41.1754095],[68.2751019,41.1756626],[68.2749151,41.175993],[68.2748217,41.1765203],[68.2748217,41.1769983],[68.2746349,41.1773639],[68.2739904,41.1782919],[68.2737476,41.1787839],[68.2736635,41.1791565],[68.2735608,41.1794658],[68.2735608,41.1797189],[68.2735234,41.1799579],[68.2733086,41.1804851],[68.2731872,41.1812162],[68.2731312,41.1816731],[68.2731592,41.1818208],[68.2730751,41.1820246],[68.2731779,41.182109],[68.2732059,41.1824183],[68.2732713,41.1826151],[68.2733833,41.1830439],[68.2736822,41.1838101],[68.2737289,41.1843513],[68.2737569,41.1849418],[68.273813,41.1853003],[68.2737383,41.1863195],[68.2737569,41.1867904],[68.2736822,41.1873387],[68.2735982,41.1878167],[68.2735608,41.1887655],[68.2736262,41.1892013],[68.2735701,41.1895879],[68.2734674,41.1898409],[68.2732246,41.1902345],[68.2728229,41.1909023],[68.2726455,41.1912958],[68.27244,41.191577],[68.2721972,41.1916754],[68.2719263,41.1916613],[68.2716554,41.1916332],[68.2712351,41.1917316],[68.2706,41.1920127],[68.2701424,41.1923501],[68.2697968,41.1924696],[68.2693765,41.1925539],[68.2684518,41.193074],[68.2679475,41.1934184],[68.2671816,41.1941704],[68.2669294,41.1943602],[68.2667146,41.1946483],[68.2655938,41.1956393],[68.265463,41.1957236],[68.2650894,41.1961172],[68.26494,41.1962437],[68.2646505,41.1964827],[68.2642582,41.1967919],[68.2640527,41.1970941],[68.2636884,41.1978109],[68.263483,41.1980077],[68.2631187,41.1981342],[68.2627825,41.1983029],[68.2623622,41.1987175],[68.2619325,41.1990689],[68.2616336,41.1995749],[68.2613534,41.1997787],[68.2607837,41.2006712],[68.2603821,41.2010788],[68.2598497,41.201901],[68.2595602,41.2023999],[68.2592052,41.2029129],[68.2590091,41.2032994],[68.2589131,41.2035237],[68.2579605,41.2048588],[68.2578857,41.2050556],[68.2575215,41.2055966],[68.2570825,41.2060815],[68.2570078,41.2062642],[68.2565968,41.2065874],[68.2563633,41.2067139],[68.2559804,41.2071215],[68.2557656,41.2072339],[68.2556441,41.2073955],[68.2553733,41.2076696],[68.2549623,41.2079928],[68.2544393,41.2084074],[68.254103,41.2087306],[68.2532998,41.2091522],[68.2520202,41.2097565],[68.2515906,41.2099602],[68.2512637,41.2101289],[68.2510489,41.210171],[68.2505258,41.2102202],[68.2501616,41.2103537],[68.2498907,41.2105294],[68.2493677,41.2108877],[68.2489193,41.2110915],[68.2483683,41.2112742],[68.2479667,41.2112672],[68.2473035,41.2115201],[68.2471354,41.2115412],[68.2468739,41.2114779],[68.246547,41.2113023],[68.2462294,41.2112039],[68.2459586,41.2112039],[68.2457157,41.2110634],[68.2454729,41.2101008],[68.2455196,41.2099673],[68.2454822,41.209623],[68.2455289,41.2094262],[68.2455009,41.2090187],[68.2454822,41.2089063],[68.2452674,41.2090046],[68.245174,41.2091592],[68.2451553,41.2092997],[68.245174,41.2094965],[68.2451553,41.2096722],[68.245174,41.21015],[68.2450619,41.2108175],[68.2449312,41.211232],[68.2444175,41.2118784],[68.2438104,41.2122298],[68.2430351,41.2126373],[68.242428,41.2131221],[68.2420871,41.2135155],[68.2417649,41.2137474],[68.2415968,41.2137685],[68.2414567,41.2137052],[68.2414754,41.213563],[68.2415688,41.2132802],[68.2415314,41.2132204],[68.2413353,41.2134593],[68.241438,41.2132064],[68.2415034,41.2130747],[68.2415688,41.2129218],[68.241438,41.2129956],[68.2412419,41.213375],[68.2412045,41.2132415],[68.2412605,41.2131783],[68.2412419,41.2129886],[68.2411204,41.2129675],[68.2412045,41.2128621],[68.2413259,41.2129113],[68.241382,41.2125389],[68.2412699,41.2124546],[68.2410457,41.2127919],[68.2409243,41.2129886],[68.2408122,41.213101],[68.2407749,41.2133399],[68.2408776,41.2135647],[68.2408589,41.2141128],[68.2409523,41.2143868],[68.2411298,41.2145624],[68.2413166,41.2146678],[68.2416528,41.2148224],[68.2420918,41.2149137],[68.2422506,41.214998],[68.24225,41.2151131],[68.2424483,41.2151133],[68.242656,41.2150643],[68.2432763,41.2148202],[68.2434633,41.2147758],[68.2437529,41.2148039],[68.2440144,41.2149304],[68.2443693,41.2151482],[68.2446775,41.2152676],[68.245406,41.2155065],[68.2455928,41.215633],[68.2456676,41.2157665],[68.2457143,41.2160194],[68.2457143,41.216188],[68.2456022,41.2163566],[68.2453033,41.2164831],[68.2451258,41.2166166],[68.244827,41.2169047],[68.244472,41.2170452],[68.2437809,41.2171787],[68.2432111,41.2173473],[68.2430524,41.2174667],[68.2429496,41.2176564],[68.2429496,41.2178742],[68.2430617,41.2180007],[68.2432392,41.218106],[68.2434446,41.2181482],[68.2446121,41.2182395],[68.2449204,41.2182395],[68.2454434,41.2181974],[68.2457329,41.2181903],[68.2460785,41.2182817],[68.2465735,41.2184924],[68.2466669,41.2186049],[68.246695,41.2187524],[68.2466389,41.2188859],[68.2464895,41.2190404],[68.2460318,41.2193355],[68.2457702,41.2196256],[68.2456861,41.2198785],[68.2457048,41.2200541],[68.2457889,41.2201806],[68.2460037,41.2202509],[68.2467135,41.2203703],[68.2470124,41.2204757],[68.2472926,41.2206443],[68.2475261,41.2209534],[68.2476289,41.2211852],[68.2476382,41.2213819],[68.2475635,41.221691],[68.2470404,41.2228291],[68.246919,41.223342],[68.246891,41.2236159],[68.246891,41.2239321],[68.246863,41.2241709],[68.2469003,41.2243216],[68.2470124,41.2244269],[68.2475821,41.2247079],[68.2480117,41.22501],[68.2483013,41.2253472],[68.248404,41.2256212],[68.2485348,41.2260707],[68.2485815,41.2264009],[68.2485068,41.2266468],[68.2483246,41.2268716],[68.247881,41.2272368],[68.2475914,41.2276443],[68.2475634,41.2278058],[68.2476757,41.2280006],[68.2478531,41.2281833],[68.2485163,41.2286328],[68.2488618,41.228956],[68.2489833,41.2291526],[68.2490113,41.2293704],[68.2489926,41.2296092],[68.2488712,41.229834],[68.2483108,41.2306699],[68.2478905,41.2312389],[68.2478158,41.2314496],[68.2478811,41.2315901],[68.2481427,41.231864],[68.2484322,41.2320466],[68.2487404,41.2323136],[68.2488618,41.2324962],[68.2488618,41.2326437],[68.2487498,41.2328544],[68.2485002,41.233272],[68.2483507,41.2338339],[68.2482013,41.2341851],[68.2479771,41.23474],[68.2477623,41.2353019],[68.2475008,41.2358076],[68.2473873,41.2360959],[68.2472939,41.2363769],[68.2472939,41.2366016],[68.2473687,41.2369388],[68.2474247,41.2372548],[68.2474901,41.237599],[68.2476395,41.2378659],[68.2479571,41.2382171],[68.2483587,41.238498],[68.2488537,41.2387157],[68.2494888,41.2388702],[68.2501146,41.2389334],[68.250731,41.2389686],[68.2513101,41.2389334],[68.2517958,41.2389756],[68.252104,41.2390528],[68.2523375,41.2392144],[68.2524029,41.2394532],[68.2523655,41.2396569],[68.2521881,41.240008],[68.2518425,41.2405769],[68.2518051,41.2408578],[68.2518985,41.2413003],[68.2522068,41.2419745],[68.252954,41.2426838],[68.2532061,41.2428453],[68.2538058,41.2430131],[68.2542915,41.2431465],[68.2545997,41.2433362],[68.2549173,41.24361],[68.254992,41.2437435],[68.254964,41.2439261],[68.2544316,41.2446845],[68.2543382,41.2449725],[68.2543475,41.2452464],[68.2544596,41.2454641],[68.2546464,41.2455905],[68.254964,41.2456256],[68.255487,41.2456045],[68.2558513,41.2455343],[68.2564397,41.2453798],[68.2567105,41.2453938],[68.2569814,41.2454641],[68.2571589,41.2455905],[68.257355,41.2458995],[68.2578407,41.2465174],[68.258317,41.2470582],[68.2587747,41.2475498],[68.2593071,41.2480132],[68.25969,41.2484627],[68.2605026,41.2490666],[68.2607081,41.2492913],[68.2608762,41.2493545],[68.2612498,41.2493966],[68.2620343,41.2494107],[68.2622865,41.2494739],[68.2624453,41.2495933],[68.262464,41.2497337],[68.2623239,41.251419],[68.2623986,41.2515454],[68.2626601,41.2516578],[68.262987,41.251721],[68.2634167,41.251721],[68.2638276,41.2517139],[68.2643226,41.251749],[68.2646028,41.2518193],[68.2648924,41.2519457],[68.2653781,41.2521984],[68.265761,41.2525004],[68.2665456,41.253343],[68.2669565,41.2538696],[68.2674329,41.254319],[68.2679092,41.2546069],[68.2681614,41.2548316],[68.2683388,41.2549369],[68.2684416,41.2550282],[68.2684976,41.2551687],[68.2683295,41.256264],[68.2683949,41.2564396],[68.268535,41.2566011],[68.2689273,41.2568047],[68.269553,41.2570996],[68.2698426,41.2571136],[68.2702815,41.2570223],[68.2706738,41.25691],[68.2708886,41.25691],[68.2710194,41.2569521],[68.2711035,41.2570645],[68.2711035,41.2572049],[68.270954,41.2574085],[68.2704497,41.2578158],[68.2703189,41.2580475],[68.2702629,41.2583143],[68.2702629,41.2585109],[68.270431,41.2588409],[68.2706645,41.2591498],[68.2712716,41.2597115],[68.2718507,41.2603293],[68.2720188,41.2604487],[68.272299,41.260561],[68.2725698,41.2606102],[68.2733544,41.2606804],[68.2740269,41.2607506],[68.274223,41.2608068],[68.2743538,41.2609332],[68.2744659,41.2612],[68.2744659,41.2613614],[68.2743538,41.2615089],[68.2735786,41.2622391],[68.2732797,41.2626463],[68.2732703,41.2628218],[68.2733824,41.2630464],[68.2735599,41.2631588],[68.2738214,41.26325],[68.2744659,41.2633483],[68.2748208,41.2633905],[68.2753999,41.2635239],[68.2759696,41.2637345],[68.2761938,41.2637626],[68.2775761,41.2637064],[68.277987,41.2637766],[68.2781925,41.263903],[68.2782486,41.2640434],[68.2782205,41.2641908],[68.2778563,41.2647314],[68.2777349,41.2650684],[68.2777162,41.2653001],[68.2777162,41.2655318],[68.2780991,41.2664163],[68.2784634,41.2669007],[68.2789584,41.2672869],[68.279388,41.2674904],[68.279771,41.2676379],[68.2801913,41.2677291],[68.2806489,41.2677993],[68.2810319,41.2679046],[68.2812654,41.268045],[68.2814055,41.2682908],[68.2814055,41.2684803],[68.281228,41.2688313],[68.2810319,41.2690419],[68.280789,41.2691262],[68.2803314,41.2691121],[68.2801633,41.2690981],[68.2798737,41.2690068],[68.2796589,41.2690138],[68.2794441,41.269056],[68.2792853,41.2691823],[68.2792479,41.2693648],[68.279304,41.2696105],[68.2795095,41.2699264],[68.2797616,41.2702353],[68.2802567,41.2705653],[68.2804435,41.2707618],[68.2805742,41.2709584],[68.280705,41.271183],[68.2808824,41.2720254],[68.2810319,41.2723764],[68.281256,41.2728467],[68.2814522,41.2734644],[68.2814522,41.2736821],[68.2814148,41.2738786],[68.2812934,41.274012],[68.2809478,41.2741804],[68.2800325,41.2745244],[68.2796309,41.2747841],[68.2795375,41.2749245],[68.2795375,41.2751],[68.2797056,41.2752264],[68.2799578,41.2753597],[68.2805836,41.2755633],[68.2812093,41.2757669],[68.2813121,41.2758792],[68.2815362,41.2760546],[68.2817324,41.2761248],[68.2819379,41.2761389],[68.2824889,41.2761038],[68.2826477,41.2761319],[68.2828158,41.2762933],[68.2828905,41.2764548],[68.2828905,41.2766373],[68.2827224,41.2769461],[68.2825076,41.2771918],[68.2820873,41.2775919],[68.2820406,41.2777323],[68.282106,41.2778516],[68.2823115,41.2779218],[68.2826384,41.2779779],[68.2829372,41.2779077],[68.2834509,41.2778586],[68.2842262,41.2779077],[68.284964,41.2780271],[68.2854497,41.2781745],[68.2856272,41.2782868],[68.2857392,41.2784412],[68.2857392,41.2785746],[68.2856085,41.278736],[68.2850854,41.2792414],[68.2849827,41.2792975],[68.2848146,41.2792905],[68.2841608,41.2788202],[68.2839086,41.2787009],[68.2836658,41.2786798],[68.2834042,41.2787711],[68.2824142,41.2791852],[68.282078,41.2794309],[68.2819846,41.2796204],[68.2820219,41.2798029],[68.28219,41.2799503],[68.2823582,41.2799994],[68.2825076,41.2799573],[68.283068,41.2795853],[68.2832641,41.2795502],[68.2834509,41.2795783],[68.2836471,41.2797046],[68.2838619,41.2798871],[68.2841888,41.2803644],[68.2842448,41.2805188],[68.2842448,41.2806732],[68.2840394,41.281333],[68.284058,41.2815927],[68.2841795,41.2818524],[68.2843476,41.2819577],[68.2848426,41.282084],[68.2851695,41.2821893],[68.2854217,41.2822735],[68.2855151,41.2823788],[68.2855618,41.2825402],[68.2855307,41.2827869],[68.2852505,41.2834116],[68.2851291,41.2836362],[68.2845313,41.2842538],[68.2843072,41.2846679],[68.2842978,41.2847661],[68.2845407,41.2850188],[68.2847275,41.28511],[68.2849796,41.2851451],[68.2856801,41.2850469],[68.2860817,41.2850469],[68.2863526,41.2851171],[68.286502,41.2852294],[68.2865207,41.2853627],[68.2864647,41.2855171],[68.2862779,41.2856434],[68.2856148,41.2858961],[68.2849236,41.2860435],[68.2841857,41.286261],[68.2839149,41.2863944],[68.2837094,41.2865839],[68.2836067,41.2867523],[68.2835693,41.2870611],[68.283644,41.2871243],[68.2842138,41.2872927],[68.2846341,41.287398],[68.2851664,41.2876085],[68.2854186,41.2876507],[68.2857735,41.2877349],[68.2859883,41.2878542],[68.2860724,41.2879945],[68.2861004,41.288163],[68.2861098,41.2883033],[68.285923,41.2885349],[68.2844286,41.2897631],[68.284083,41.2899876],[68.2837841,41.2902894],[68.2836347,41.2906122],[68.2834946,41.291328],[68.2835226,41.2916438],[68.2836347,41.2918263],[68.2837935,41.2919175],[68.2840363,41.2919737],[68.2841951,41.2920509],[68.2844473,41.292107],[68.2846808,41.2920649],[68.2849049,41.2919105],[68.2851384,41.2916088],[68.2853439,41.2914333],[68.2856148,41.2913702],[68.2859323,41.2914052],[68.2861751,41.2915316],[68.2866421,41.2917561],[68.2872212,41.2921842],[68.2877536,41.2923947],[68.2879684,41.2925702],[68.2880151,41.2926965],[68.2880338,41.2928228],[68.287791,41.2931386],[68.2872306,41.2938123],[68.2869504,41.2942824],[68.286885,41.2944789],[68.2868289,41.2950824],[68.286885,41.2954052],[68.2870438,41.2956087],[68.2872866,41.295721],[68.287408,41.295721],[68.2877349,41.2956017],[68.2880338,41.2954263],[68.2886409,41.2951666],[68.2888557,41.2949982],[68.2892293,41.2947316],[68.2894722,41.2946474],[68.289743,41.2945982],[68.2900699,41.2946193],[68.2913215,41.2949772],[68.291527,41.2950193],[68.2917885,41.2950123],[68.292106,41.2950614],[68.2922742,41.2951737],[68.2923489,41.295307],[68.2923489,41.2954754],[68.2922368,41.2956298],[68.2918072,41.2959315],[68.2913121,41.2964929],[68.2908451,41.2968859],[68.2902941,41.2975174],[68.2899392,41.2978612],[68.2895656,41.2982752],[68.2891733,41.2985629],[68.2884728,41.2989629],[68.2883514,41.2991103],[68.28837,41.2992506],[68.2886783,41.2994471],[68.2891453,41.2997418],[68.2898644,41.300268],[68.2908638,41.3008925],[68.2920126,41.3018538],[68.2921994,41.301938],[68.2924423,41.3020012],[68.2926197,41.3019801],[68.2927972,41.3017907],[68.293012,41.3014047],[68.2931334,41.3012784],[68.2933202,41.3012013],[68.2935164,41.3012293],[68.2939273,41.3013837],[68.2946278,41.3014889],[68.29488,41.301503],[68.2950762,41.3015802],[68.2953003,41.3017065],[68.2953097,41.3018398],[68.2952536,41.3020924],[68.2950201,41.3025555],[68.2949547,41.3029133],[68.2950108,41.3030326],[68.2951696,41.3031448],[68.2955151,41.3034536],[68.29573,41.3036991],[68.2958234,41.3040289],[68.295758,41.3041412],[68.2956646,41.3042324],[68.2953377,41.3042885],[68.2947306,41.3042675],[68.2933483,41.3039167],[68.2928999,41.3038184],[68.2926011,41.3038535],[68.292461,41.3039167],[68.2923209,41.3040149],[68.2921994,41.3042745],[68.2922181,41.3045341],[68.2923582,41.3047516],[68.2925824,41.304927],[68.2929933,41.3051866],[68.2933202,41.3054673],[68.2936191,41.3056286],[68.29389,41.3059584],[68.2941608,41.3061268],[68.2945438,41.3061759],[68.2948987,41.3061478],[68.2950855,41.3061057],[68.2953003,41.3059584],[68.295842,41.3054953],[68.2961689,41.305362],[68.2966173,41.3053339],[68.2969068,41.3053901],[68.2972524,41.3055304],[68.2975326,41.3057409],[68.2978128,41.3060426],[68.2979716,41.3063373],[68.2981303,41.3071301],[68.2980836,41.3074247],[68.2979902,41.3076493],[68.2978221,41.3077405],[68.2968227,41.3080281],[68.2966266,41.3080281],[68.2961129,41.3080071],[68.2952349,41.3080562],[68.2949174,41.3081404],[68.2947493,41.3082456],[68.2945998,41.3083929],[68.2945998,41.3085333],[68.2947399,41.3086596],[68.2950014,41.3086736],[68.2951696,41.3086104],[68.2960195,41.3084912],[68.2961876,41.3085613],[68.2963371,41.3087016],[68.2964398,41.308877],[68.2964398,41.3090103],[68.2963651,41.3093401],[68.2961783,41.3095155],[68.2960942,41.3096909],[68.2960008,41.3099294],[68.2959168,41.3100767],[68.2959168,41.3102381],[68.2960102,41.3103714],[68.296225,41.3104837],[68.2963464,41.3105398],[68.2965425,41.3107222],[68.2967013,41.3107853],[68.296776,41.3109256],[68.2967107,41.3111291],[68.2965425,41.3115149],[68.2965425,41.3116693],[68.2965892,41.3118026],[68.2969535,41.311971],[68.2973831,41.3120832],[68.2975793,41.3120832],[68.2982798,41.311999],[68.298588,41.3120201],[68.2987935,41.3121253],[68.2988962,41.3123708],[68.2988682,41.312918],[68.2987748,41.3130864],[68.2985039,41.3132899],[68.2982704,41.313332],[68.2977007,41.3132127],[68.2974018,41.3130092],[68.2971963,41.31289],[68.2969815,41.31289],[68.2968134,41.3129742],[68.2965892,41.3131496],[68.2963277,41.3135705],[68.2962437,41.3139774],[68.2962437,41.3141598],[68.2965145,41.3151349],[68.2965052,41.3153874],[68.2964772,41.3158013],[68.2965052,41.3159697],[68.2966173,41.3160258],[68.2968321,41.3160258],[68.2971403,41.3159416],[68.2973738,41.3158434],[68.2979716,41.3152752],[68.2983545,41.3148052],[68.2987655,41.3139984],[68.2989523,41.3138441],[68.2991484,41.313816],[68.3001011,41.3138651],[68.300923,41.3138721],[68.3012312,41.3137809],[68.3018477,41.3135424],[68.3020251,41.3135144],[68.3022306,41.3135775],[68.3023427,41.3137248],[68.302296,41.3139563],[68.3021746,41.3142299],[68.3014927,41.3150437],[68.3010164,41.3157101],[68.3008389,41.3160679],[68.300867,41.3162222],[68.3010444,41.3163625],[68.3019411,41.3167413],[68.3023427,41.3170219],[68.3025773,41.3172159],[68.3029124,41.3177725],[68.3029778,41.3180812],[68.3029311,41.3182285],[68.3027069,41.3183407],[68.3020718,41.3183407],[68.3015581,41.3183898],[68.3011565,41.3184179],[68.300979,41.3183197],[68.3007829,41.3181022],[68.3002879,41.3176392],[68.300017,41.317534],[68.2996434,41.3174779],[68.2992325,41.3174709],[68.2988869,41.3175691],[68.2986857,41.3177015],[68.2929686,41.3179645],[68.239699,41.3247603],[68.2307328,41.3088855],[68.2223662,41.3051364],[68.2151779,41.2853277],[68.2079997,41.274169],[68.1770545,41.2849798],[68.1785849,41.2884468],[68.1784274,41.2898579],[68.1779694,41.2909465],[68.1461716,41.3538368],[68.1277055,41.34908],[68.1095534,41.3580967],[68.1091394,41.3546229],[68.1054959,41.3610973],[68.104248,41.3639906],[68.1025314,41.3674691],[68.1011152,41.3713017],[68.1009435,41.3756815],[68.1028962,41.3801898],[68.1103613,41.3865288],[68.111844,41.3901875],[68.111093,41.3951455],[68.1079817,41.3977209],[68.1036607,41.397876],[68.1013297,41.3974446],[68.0945276,41.3976748],[68.0886314,41.4003463],[68.0872106,41.4012137],[68.0848932,41.4031773],[68.0831337,41.4086171],[68.0836486,41.4134128],[68.0843353,41.4176932],[68.0845412,41.4203842],[68.0845069,41.4245156],[68.0860519,41.4288918],[68.0875539,41.4295675],[68.0965662,41.4295353],[68.1044947,41.430099],[68.1113698,41.4326843],[68.1162578,41.439727],[68.1125843,41.4456528],[68.1118633,41.4536188],[68.109872,41.4596157],[68.10522,41.4640635],[68.1011602,41.4703761],[68.0980575,41.4777502],[68.0983794,41.4826211],[68.0928347,41.4865375],[68.0872578,41.4869233],[68.0820071,41.4911731],[68.0808806,41.4952443],[68.078179,41.4976695],[68.0742502,41.5004621],[68.0725765,41.5039333],[68.0701818,41.5085136],[68.0671477,41.5123051],[68.0699393,41.5174167],[68.0728125,41.5203867],[68.0778057,41.5244759],[68.0808592,41.5270537],[68.0846572,41.5308447],[68.0910558,41.5318557],[68.0928702,41.5337998],[68.0926333,41.5427498],[68.0915493,41.5463974],[68.0892426,41.5505631],[68.0862621,41.5542483],[68.0843116,41.5599854],[68.0799643,41.5643396],[68.0755784,41.5663047],[68.0679416,41.5681006],[68.0630493,41.5697702],[68.0588436,41.5726598],[68.0566999,41.5768323],[68.0580282,41.5849229],[68.0602276,41.5888871],[68.0644655,41.5936213],[68.0698943,41.6016125],[68.0709505,41.6084659],[68.0707496,41.6125141],[68.0691365,41.6150963],[68.0659444,41.6171906],[68.0624909,41.6183101],[68.0596064,41.6192035],[68.0528108,41.6229314],[68.0494989,41.6247155],[68.0469659,41.6291085],[68.0446937,41.6322396],[68.0432471,41.635613],[68.0430367,41.6405058],[68.0451519,41.6443225],[68.0447244,41.6536595],[68.0413224,41.6678144],[68.0408621,41.6740498],[68.042407,41.6782168],[68.0425572,41.6817266],[68.0411839,41.6850758],[68.0367422,41.6909246],[68.0351329,41.6985112],[68.0346673,41.7003994],[68.0321717,41.7105182],[68.0358289,41.7212854],[68.0403382,41.7269682],[68.0421254,41.7331262],[68.0411606,41.7384877],[68.0377507,41.7435559],[68.0341887,41.7458453],[68.0312061,41.7454451],[68.0234384,41.7433478],[68.019619,41.7432997],[68.016488,41.7472984],[68.0194957,41.7536069],[68.022375,41.7564709],[68.0266827,41.7573411],[68.0299401,41.7579795],[68.0331266,41.7582917],[68.0353796,41.7581796],[68.0366564,41.7579715],[68.038255,41.7574433],[68.0394673,41.756763],[68.0409264,41.7556025],[68.0421066,41.7543859],[68.0430937,41.7531053],[68.0458724,41.7488791],[68.0469561,41.7476304],[68.0479431,41.7468539],[68.0489838,41.7463416],[68.0502391,41.7459334],[68.0515695,41.7457333],[68.0527174,41.7457012],[68.053962,41.7457573],[68.0546379,41.7460134],[68.0551743,41.7464137],[68.0557966,41.7471821],[68.0570519,41.7494874],[68.0594981,41.7539697],[68.0607963,41.7562348],[68.0621266,41.7586838],[68.0640775,41.7619437],[68.0648088,41.7631655],[68.0662946,41.7659936],[68.0679524,41.7675816],[68.075007,41.7799268],[68.081817,41.7885439],[68.0841296,41.7927606],[68.0904465,41.7953096],[68.1008022,41.8023902],[68.10818,41.8063566],[68.1130852,41.8096521],[68.1152476,41.81285],[68.1141291,41.8217381],[68.1088424,41.8292732],[68.1015306,41.8359881],[68.1007377,41.8367162],[68.0979273,41.8389627],[68.0912697,41.8442842],[68.0868636,41.8485443],[68.0851424,41.8523111],[68.0859109,41.8571221],[68.0878891,41.8614385],[68.0878164,41.8689995],[68.0877042,41.8702959],[68.08779,41.8716381],[68.0880904,41.8727086],[68.0894208,41.8755846],[68.0909443,41.8781089],[68.0926609,41.8801859],[68.0939269,41.8813042],[68.0951734,41.8820433],[68.0975766,41.8834012],[68.0997419,41.8842517],[68.1015873,41.8848188],[68.1039905,41.8852501],[68.1070161,41.8859849],[68.1089258,41.88656],[68.1104493,41.8870872],[68.1116295,41.887854],[68.1122303,41.8884769],[68.1125734,41.8892119],[68.1125092,41.8898507],[68.1121123,41.8904178],[68.1116509,41.8909209],[68.1101918,41.8921988],[68.109355,41.8929336],[68.10884,41.8936523],[68.108561,41.8943551],[68.1084323,41.8966551],[68.1083248,41.8979171],[68.1075954,41.9033311],[68.1075096,41.9053274],[68.1077027,41.9064293],[68.1087756,41.9084893],[68.1099129,41.9100383],[68.113904,41.9143497],[68.1148803,41.9154994],[68.115567,41.916146],[68.1166828,41.9167927],[68.1176913,41.9173356],[68.1189358,41.9181658],[68.1194615,41.9186848],[68.1198156,41.9192276],[68.1200838,41.9197066],[68.120513,41.9203532],[68.1212425,41.9210957],[68.121959,41.9217233],[68.1229913,41.9229237],[68.1233883,41.9236581],[68.1235707,41.9244324],[68.1236887,41.9252227],[68.123635,41.9262045],[68.123281,41.9274817],[68.1228197,41.9281761],[68.1224441,41.9285194],[68.1215858,41.9289265],[68.1203627,41.9290861],[68.1185281,41.9289025],[68.117069,41.9287987],[68.1156633,41.9288149],[68.1120784,41.9293233],[68.1076424,41.9320739],[68.1068131,41.9391994],[68.1079021,41.9426957],[68.1104577,41.9456331],[68.1133491,41.9499621],[68.1197778,41.9545596],[68.1259651,41.9540458],[68.1358228,41.95305],[68.137081,41.9527481],[68.1380653,41.9523413],[68.140962,41.950678],[68.1430333,41.9496893],[68.145817,41.9486005],[68.1473176,41.9481563],[68.1484571,41.9479784],[68.1500985,41.9479146],[68.151927,41.9481282],[68.1535148,41.9485431],[68.1571412,41.9506337],[68.1578493,41.9512561],[68.1583643,41.9518945],[68.1588793,41.9528998],[68.1595082,41.9544194],[68.1609884,41.9593188],[68.1614678,41.9606456],[68.1629989,41.9638614],[68.1639559,41.9658095],[68.1648185,41.9677848],[68.1671619,41.9743916],[68.1675536,41.9757917],[68.1684474,41.9877274],[68.1718664,41.9962114],[68.1794802,42.0044479],[68.1861709,42.0111383],[68.1852936,42.0182041],[68.183204,42.0220855],[68.1824455,42.0282263],[68.1778273,42.0282989],[68.1065867,42.0293954],[68.1082375,42.0342118],[68.122666,42.0418486],[68.1373889,42.0544496],[68.1443314,42.0654431],[68.1433386,42.0700258],[68.1349554,42.0701764],[68.1349547,42.0702298],[68.1346623,42.0759385],[68.1328692,42.0760851],[68.1328249,42.0793405],[68.1229817,42.0865779],[68.0315931,42.0863281],[68.0317247,42.0906747],[68.0321758,42.1060313],[68.0325706,42.1186234],[68.0332755,42.1403714],[68.0334165,42.1440511],[68.0347852,42.1506283],[68.0359267,42.1570058],[68.0367341,42.1616688],[68.0391929,42.1779542],[68.0045889,42.1776207],[67.9970253,42.178342],[67.9849887,42.1782006],[67.9637397,42.1755912],[67.9631795,42.1758396],[67.9626162,42.1773823],[67.9620731,42.1776843],[67.9563353,42.1776194],[67.9560749,42.1775404],[67.9484971,42.1706975],[67.9475895,42.1685076],[67.9470918,42.1679239],[67.9426569,42.1638935],[67.9420149,42.1636741],[67.9390922,42.1636338],[67.9388983,42.1634319],[67.9389911,42.1585987],[67.9430198,42.1494079],[67.9491046,42.1466665],[67.9491668,42.1429056],[67.9379922,42.1341265],[67.9222954,42.1339802],[67.9221647,42.1297662],[67.9251291,42.1257818],[67.9254168,42.1207192],[67.9315898,42.1141567],[67.9338131,42.1141272],[67.9338138,42.1100649],[67.9258029,42.1058276],[67.9258884,42.100763],[67.9282467,42.1006848],[67.9285692,42.0975282],[67.9256871,42.0927368],[67.9196288,42.0926298],[67.9181706,42.0912619],[67.9182183,42.0884538],[67.9233397,42.0882011],[67.9237383,42.0765695],[67.922887,42.0751572],[67.9231641,42.0647385],[67.8877436,42.063824],[67.884246,42.0656206],[67.8739158,42.0655448],[67.8737825,42.0692799],[67.8554432,42.0691235],[67.8556114,42.0560103],[67.8479482,42.052072],[67.837246,42.0518577],[67.8373281,42.0473547],[67.8394707,42.04727],[67.8397106,42.0445417],[67.8466582,42.0444699],[67.8522077,42.0401281],[67.8528818,42.0343897],[67.8505318,42.0328059],[67.85073,42.0280399],[67.109648,42.0255984],[66.7659063,42.0333462],[66.7950324,41.9316091],[66.8159903,41.8458939],[66.5331066,41.8769466],[66.6066796,41.4937904],[66.6454111,41.3476815],[66.7091523,41.1425258],[66.7523914,41.1422722],[66.999633,41.1407703],[67.0157229,41.137422],[67.3128864,41.1348194],[67.365089,41.1269889],[67.5695979,41.167376],[67.6852226,41.1708691],[67.7351198,41.1820391],[67.813274,41.1574371],[67.866658,41.1354648],[67.8917581,41.1522328],[67.965538,41.148967],[67.9663839,41.1462171],[67.9669122,41.1447403],[67.967864,41.1420897],[67.9682367,41.141282],[67.9684863,41.140296],[67.9688501,41.1394267],[67.969326,41.1384941],[67.969512,41.1383029],[67.969529,41.1379487],[67.9703101,41.1364807],[67.9705811,41.1360302],[67.9710388,41.1348269],[67.9713938,41.1343337],[67.9719918,41.133263],[67.9726873,41.1317235],[67.9735041,41.1299941],[67.9739236,41.1286598],[67.9740803,41.1283573],[67.9743754,41.1280267],[67.9743739,41.1276819],[67.9748865,41.1263271],[67.9750224,41.1259034],[67.9755879,41.124537],[67.9757085,41.1240638],[67.9757077,41.1237314],[67.9757621,41.1234183],[67.9758709,41.1231299],[67.9770279,41.1206441],[67.9776219,41.119297],[67.977831,41.1185442],[67.9780388,41.1173578],[67.9782279,41.1163965],[67.9784474,41.1158741],[67.9788551,41.1146714],[67.9794403,41.1131872],[67.9798634,41.112189],[67.9801823,41.1111961],[67.9802713,41.1107831],[67.9807819,41.1090254],[67.9811306,41.1081842],[67.9811886,41.1078441],[67.9829656,41.1035796],[67.9840421,41.100779],[67.9841057,41.1005133],[67.9841598,41.0998746],[67.9842309,41.0996671],[67.9844103,41.0994491],[67.9845573,41.0991366],[67.9846016,41.0989015],[67.9853032,41.0973123],[67.9869643,41.0925451],[67.9872394,41.0899196],[67.9873073,41.0877356],[67.9877194,41.0855983],[67.9877978,41.0843436],[67.9876005,41.0814757],[67.9864366,41.0787446],[67.9858461,41.0778162],[67.9855205,41.0756028],[67.9859318,41.0745586],[67.9859508,41.0743453],[67.9858394,41.0738483],[67.9857846,41.0730513],[67.9857211,41.0699403],[67.9848208,41.0680789],[67.9843869,41.066886],[67.9844759,41.0666931],[67.9843178,41.0663214],[67.9842116,41.0659332],[67.9840813,41.0643858],[67.9840349,41.0642538],[67.9840496,41.0635503],[67.983999,41.0625368],[67.9841779,41.0607777],[67.9841807,41.0600483],[67.9845221,41.05805],[67.9846582,41.0574773],[67.9849999,41.0566229],[67.9850293,41.0559423],[67.9852053,41.0535837],[67.9854624,41.0526963],[67.9854095,41.0497219],[67.9852862,41.0491719],[67.985275,41.0489389],[67.9853539,41.0477559],[67.985133,41.0430315],[67.985129,41.041592],[67.9841977,41.0377796],[67.9838641,41.0362778],[67.9831585,41.0334264],[67.9825956,41.0304715],[67.9824476,41.0282154],[67.982733,41.0268719],[67.982741,41.0266224],[67.9827579,41.026096],[67.9832556,41.0249304],[67.9839431,41.0248268],[68.0060803,41.0214638],[68.006301,41.0227682],[68.0063507,41.0229444],[68.0078619,41.0226941],[68.0079674,41.0226024],[68.0098736,41.0223062],[68.0103264,41.022305],[68.0140403,41.0217286],[68.017453,41.0211363],[68.0191378,41.0208188],[68.0203071,41.0205403],[68.020449,41.0204731],[68.0206332,41.0183192],[68.0207334,41.0181878],[68.0210085,41.0181364],[68.024134,41.0182401],[68.0241961,41.0182803],[68.0249253,41.0211167],[68.0248726,41.0214285],[68.0243715,41.0223674],[68.024138,41.0230466],[68.0238392,41.0235638],[68.0237749,41.0237185],[68.0238228,41.0246764],[68.0238997,41.0251408],[68.0240536,41.0253509],[68.0242514,41.0259372],[68.0249453,41.0294958],[68.0254711,41.0315325],[68.0255311,41.0316807],[68.0255715,41.031824],[68.0257095,41.0319183],[68.0255627,41.0327692],[68.023602,41.0365464],[68.0235787,41.0366555],[68.0245381,41.0380931],[68.0273012,41.038186],[68.0280266,41.0384739],[68.0287997,41.0386874],[68.0293672,41.0388728],[68.0299075,41.0392548],[68.0306166,41.0399249],[68.0314378,41.0404189],[68.0329938,41.0414668],[68.037193,41.0435363],[68.0413846,41.0443402],[68.0415783,41.0443033],[68.0476857,41.0411751],[68.0478394,41.0411387],[68.0480533,41.041141],[68.0479358,41.0419526],[68.0480612,41.0420879],[68.0483948,41.0420982],[68.0505835,41.0423894],[68.0507874,41.0424784],[68.0510878,41.0427697],[68.054006,41.0476652],[68.0541348,41.0481102],[68.0550574,41.0522204],[68.0553042,41.0530456],[68.0575304,41.0592101],[68.0595313,41.0652371],[68.0597835,41.0658155],[68.060261,41.0666608],[68.0609368,41.0675425],[68.0614518,41.0682786],[68.0618381,41.0690713],[68.0629431,41.0721691],[68.0661404,41.0764477],[68.0676746,41.0784292],[68.0688333,41.0793673],[68.0661511,41.0813891],[68.0656575,41.0817935],[68.0654215,41.082489],[68.065443,41.0828448],[68.0660009,41.083233],[68.0686831,41.0837344],[68.0717944,41.083977],[68.0725884,41.0841549],[68.0767082,41.0858207],[68.0776953,41.0859663],[68.0789828,41.0858854],[68.0799269,41.0855943],[68.0805492,41.0851091],[68.08115,41.084349],[68.0816864,41.083977],[68.0821156,41.0837667],[68.0835103,41.0836212],[68.0888962,41.0836697],[68.0897116,41.0834432],[68.0902909,41.0831683],[68.0908918,41.082489],[68.0915999,41.0808392],[68.0917072,41.0800305],[68.0913853,41.078963],[68.091042,41.0784292],[68.0903124,41.077766],[68.090012,41.077216],[68.090012,41.0766337],[68.0903339,41.0761323],[68.0911278,41.0755014],[68.0921792,41.0751456],[68.0932736,41.0749838],[68.094046,41.0750647],[68.0950975,41.0753397],[68.0975007,41.0765367],[68.099389,41.0768117],[68.1043457,41.0770543],[68.1056332,41.0768602],[68.1061267,41.0766014],[68.1063413,41.0761485],[68.1062125,41.0753397],[68.1053971,41.0746603],[68.1042384,41.0739324],[68.1034874,41.0731074],[68.1020927,41.0726544],[68.1010198,41.0725089],[68.1002258,41.0721691],[68.0998825,41.0717162],[68.0998182,41.0710691],[68.103466,41.0689985],[68.1042813,41.068772],[68.1049251,41.0689338],[68.1053757,41.0694514],[68.1060623,41.069872],[68.1096458,41.0710206],[68.1112122,41.0707456],[68.112564,41.0702441],[68.1131627,41.0702185],[68.1165304,41.0716318],[68.119681,41.072635],[68.120321,41.0730881],[68.1213435,41.074609],[68.1222732,41.0749973],[68.1234247,41.0748032],[68.1243653,41.0742209],[68.1250501,41.0731857],[68.1251136,41.0719563],[68.1247805,41.0704843],[68.1236055,41.068179],[68.1235248,41.0675563],[68.1238599,41.0670723],[68.1337961,41.0640407],[68.1374124,41.0634875],[68.1391562,41.0633403],[68.139355,41.0628696],[68.1376727,41.0617011],[68.1369346,41.0608077],[68.1365741,41.0599917],[68.1360677,41.0545413],[68.1361899,41.0527682],[68.1365266,41.0512218],[68.1369582,41.0504606],[68.1376902,41.0498127],[68.1390419,41.0490109],[68.141402,41.0480636],[68.1426673,41.0477558],[68.1468834,41.0471326],[68.1494257,41.0469625],[68.1507813,41.0468987],[68.1513426,41.0462464],[68.1517734,41.0460578],[68.1522035,41.0459312],[68.1568177,41.0466298],[68.1581172,41.0469099],[68.1594321,41.047681],[68.1612054,41.0492479],[68.1627561,41.050482],[68.1639695,41.0515572],[68.1651641,41.0537627],[68.1657479,41.0546182],[68.1672758,41.0560885],[68.1684663,41.0564571],[68.170043,41.0567609],[68.1729603,41.0565595],[68.1755317,41.0561542],[68.1793997,41.0553545],[68.1824159,41.0544264],[68.1856896,41.0543074],[68.1863146,41.0539238],[68.186694,41.0529587],[68.1875077,41.0515686],[68.1882355,41.0496445],[68.1883473,41.0484963],[68.188502,41.047866],[68.1890215,41.0473248],[68.1899702,41.0465569],[68.1912714,41.0449866],[68.1939029,41.0438046],[68.1958366,41.0422778],[68.1974841,41.0413215],[68.1993247,41.0410126],[68.2019056,41.0411974],[68.2051165,41.0419937],[68.2077266,41.0428872],[68.2089523,41.0428866],[68.2115942,41.0425947],[68.2160411,41.0429171],[68.2246135,41.0444534],[68.2261103,41.0444851],[68.2274782,41.0441285],[68.2282787,41.0435359],[68.2287756,41.0428269],[68.2286534,41.0423322],[68.2280806,41.0420965],[68.2270208,41.0425314],[68.2266338,41.0426919],[68.22606,41.0427537],[68.225383,41.0425187],[68.2249676,41.0422461],[68.2245117,41.0415641],[68.2241959,41.0407201],[68.2240923,41.0402571],[68.2241009,41.0396814],[68.2245117,41.0383163],[68.2247526,41.0377301],[68.2251616,41.037172],[68.2257784,41.036715],[68.227983,41.0353844],[68.2304865,41.0333423],[68.2314209,41.0328923],[68.2330445,41.0325907],[68.2355424,41.0323069],[68.2370479,41.0321195],[68.2404488,41.0319805],[68.2412806,41.0318441],[68.2420937,41.0315386],[68.2438507,41.0299693],[68.2447402,41.0295448],[68.2455363,41.0291413],[68.246211,41.0289528],[68.2474274,41.0289193],[68.2488186,41.0291093],[68.2497928,41.0293399],[68.2520545,41.0304556],[68.2541567,41.0315702],[68.2555441,41.0319654],[68.2565485,41.0320435],[68.2572206,41.0319578],[68.2578649,41.0317464],[68.2584243,41.0312673],[68.2588173,41.0303792],[68.2589149,41.0298192],[68.2588444,41.0289493],[68.2588405,41.028262],[68.2590815,41.0274251],[68.2598557,41.0259709],[68.260878,41.0244687],[68.2615105,41.023929],[68.2619482,41.0232293],[68.262143,41.0227481],[68.2621441,41.0222272],[68.2619776,41.0218979],[68.2600737,41.0203144],[68.2597764,41.0197385],[68.2587404,41.017717],[68.2585867,41.0163258],[68.2583582,41.0154489],[68.2579367,41.014477],[68.258193,41.0135507],[68.258564,41.0128267],[68.2597195,41.0119195],[68.2610536,41.0113588],[68.262069,41.0113381],[68.2635702,41.0114443],[68.2662924,41.0120795],[68.2675201,41.0120522],[68.2721943,41.0117853],[68.2740613,41.0114979],[68.2781611,41.010149],[68.2795198,41.0098974],[68.2812055,41.0098714],[68.2830113,41.0101393],[68.2853215,41.0108302],[68.2886311,41.0131984],[68.2900991,41.0137412],[68.2920621,41.0139879],[68.2935699,41.0137581],[68.2955287,41.0132204],[68.3007285,41.013042]]]}}]}